episode, reward, loss, lr
1, -22.5909, 0.0175, 0.000050
2, -26.5682, 0.0161, 0.000050
3, -24.6591, 0.0172, 0.000050
4, -19.6818, 0.0104, 0.000050
5, -26.0455, 0.0135, 0.000050
6, -25.0909, 0.0116, 0.000050
7, -27.2500, 0.0105, 0.000050
8, -20.6364, 0.0004, 0.000050
9, -30.3864, 0.0104, 0.000050
10, -19.8636, -0.0023, 0.000050
11, -22.0909, 0.0055, 0.000050
12, -23.1136, 0.0008, 0.000050
13, -23.5909, -0.0009, 0.000050
14, -20.5000, 0.0012, 0.000050
15, -24.0227, -0.0005, 0.000050
16, -21.0000, -0.0100, 0.000050
17, -25.2045, -0.0002, 0.000050
18, -24.9773, 0.0071, 0.000050
19, -22.1591, -0.0020, 0.000050
20, -21.4773, 0.0040, 0.000050
21, -21.9535, 0.0008, 0.000050
22, -28.1628, 0.0023, 0.000050
23, -21.8864, -0.0096, 0.000050
24, -23.7273, -0.0067, 0.000050
25, -22.5455, -0.0070, 0.000050
26, -29.9767, 0.0047, 0.000050
27, -29.6818, -0.0013, 0.000050
28, -21.9773, -0.0101, 0.000050
29, -26.5455, 0.0015, 0.000050
30, -27.5682, -0.0014, 0.000050
31, -24.6136, -0.0051, 0.000050
32, -23.4419, -0.0109, 0.000050
33, -29.9767, -0.0059, 0.000050
34, -22.1818, -0.0132, 0.000050
35, -26.0909, -0.0126, 0.000050
36, -27.5227, -0.0077, 0.000050
37, -30.1818, -0.0041, 0.000050
38, -26.2326, -0.0120, 0.000050
39, -25.6818, -0.0153, 0.000050
40, -24.6136, -0.0159, 0.000050
41, -24.6364, -0.0131, 0.000050
42, -21.0455, -0.0229, 0.000050
43, -26.8636, -0.0056, 0.000050
44, -28.0698, -0.0007, 0.000050
45, -24.5227, -0.0066, 0.000050
46, -22.9535, -0.0066, 0.000050
47, -25.4651, -0.0054, 0.000050
48, -29.2273, -0.0010, 0.000050
49, -26.7500, -0.0083, 0.000050
50, -29.9318, -0.0039, 0.000050
51, -25.0455, -0.0080, 0.000050
52, -24.3636, -0.0120, 0.000050
53, -24.0000, -0.0124, 0.000050
54, -22.7955, -0.0155, 0.000050
55, -21.6364, -0.0051, 0.000050
56, -28.1364, -0.0073, 0.000050
57, -29.1136, -0.0088, 0.000050
58, -23.0909, -0.0159, 0.000050
59, -23.0909, -0.0178, 0.000050
60, -22.8409, -0.0118, 0.000050
61, -23.6364, -0.0086, 0.000050
62, -21.0682, -0.0044, 0.000050
63, -22.1591, -0.0122, 0.000050
64, -25.4773, -0.0087, 0.000050
65, -24.2558, -0.0020, 0.000050
66, -21.0682, -0.0040, 0.000050
67, -25.0000, -0.0059, 0.000050
68, -25.8636, -0.0116, 0.000050
69, -24.4091, -0.0067, 0.000050
70, -26.4318, -0.0092, 0.000050
71, -19.6136, -0.0077, 0.000050
72, -22.2955, -0.0038, 0.000050
73, -28.3864, -0.0086, 0.000050
74, -28.8182, -0.0066, 0.000050
75, -29.2558, -0.0042, 0.000050
76, -26.0000, -0.0105, 0.000050
77, -24.8636, -0.0141, 0.000050
78, -25.4091, -0.0102, 0.000050
79, -21.3182, -0.0200, 0.000050
80, -27.2273, -0.0094, 0.000050
81, -30.5909, -0.0055, 0.000050
82, -23.9318, -0.0194, 0.000050
83, -25.9318, -0.0105, 0.000050
84, -29.8409, -0.0047, 0.000050
85, -23.6591, -0.0113, 0.000050
86, -25.5349, -0.0069, 0.000050
87, -27.3636, -0.0075, 0.000050
88, -26.0000, -0.0098, 0.000050
89, -22.1136, -0.0070, 0.000050
90, -22.9091, -0.0053, 0.000050
91, -24.5909, -0.0139, 0.000050
92, -22.6591, -0.0186, 0.000050
93, -24.3864, -0.0098, 0.000050
94, -24.6818, -0.0071, 0.000050
95, -22.4884, -0.0171, 0.000050
96, -28.1591, -0.0004, 0.000050
97, -19.7500, -0.0128, 0.000050
98, -22.0909, -0.0074, 0.000050
99, -24.3636, -0.0051, 0.000050
100, -24.4318, -0.0067, 0.000050
101, -25.2955, -0.0064, 0.000050
102, -20.2727, -0.0044, 0.000050
103, -24.2273, -0.0068, 0.000050
104, -26.4318, -0.0056, 0.000050
105, -25.6591, -0.0113, 0.000050
106, -23.0909, -0.0104, 0.000050
107, -20.5455, -0.0045, 0.000050
108, -22.5000, -0.0128, 0.000050
109, -25.8636, -0.0057, 0.000050
110, -23.6744, -0.0116, 0.000050
111, -26.8409, -0.0092, 0.000050
112, -24.3864, -0.0078, 0.000050
113, -24.7500, -0.0100, 0.000050
114, -21.2500, -0.0058, 0.000050
115, -28.4318, -0.0036, 0.000050
116, -23.8636, -0.0082, 0.000050
117, -17.2500, -0.0086, 0.000050
118, -20.3409, -0.0167, 0.000050
119, -20.4773, -0.0160, 0.000050
120, -25.1667, -0.0018, 0.000050
121, -23.7209, -0.0011, 0.000050
122, -25.7955, -0.0004, 0.000050
123, -19.6136, -0.0015, 0.000050
124, -23.8372, -0.0054, 0.000050
125, -20.9773, -0.0036, 0.000050
126, -18.7907, -0.0135, 0.000050
127, -24.1364, -0.0023, 0.000050
128, -22.4419, -0.0070, 0.000050
129, -22.3409, -0.0041, 0.000050
130, -18.8636, -0.0038, 0.000050
131, -18.8636, -0.0042, 0.000050
132, -23.8409, -0.0091, 0.000050
133, -21.0455, -0.0021, 0.000050
134, -27.7857, -0.0018, 0.000050
135, -23.2955, -0.0058, 0.000050
136, -22.2273, -0.0104, 0.000050
137, -22.2727, -0.0115, 0.000050
138, -19.0227, -0.0153, 0.000050
139, -21.1163, -0.0127, 0.000050
140, -21.3182, -0.0003, 0.000050
141, -20.5227, 0.0022, 0.000050
142, -23.0682, 0.0007, 0.000050
143, -27.1905, 0.0019, 0.000050
144, -25.4545, -0.0006, 0.000050
145, -19.6818, -0.0035, 0.000050
146, -23.5455, -0.0050, 0.000050
147, -16.9318, -0.0138, 0.000050
148, -21.3721, -0.0049, 0.000050
149, -18.9545, 0.0019, 0.000050
150, -20.9773, 0.0018, 0.000050
151, -18.5227, 0.0006, 0.000050
152, -21.1364, 0.0020, 0.000050
153, -20.1364, 0.0010, 0.000050
154, -20.8409, 0.0004, 0.000050
155, -19.6818, -0.0106, 0.000050
156, -21.2727, -0.0005, 0.000050
157, -21.7045, -0.0061, 0.000050
158, -19.3409, -0.0108, 0.000050
159, -22.5455, -0.0037, 0.000050
160, -23.1818, -0.0020, 0.000050
161, -21.3182, -0.0074, 0.000050
162, -23.7955, -0.0034, 0.000050
163, -25.7727, -0.0049, 0.000050
164, -20.8864, -0.0129, 0.000050
165, -21.3182, -0.0021, 0.000050
166, -20.7500, -0.0126, 0.000050
167, -20.7955, -0.0002, 0.000050
168, -24.0455, -0.0026, 0.000050
169, -23.7955, -0.0038, 0.000050
170, -17.7045, -0.0043, 0.000050
171, -17.4545, -0.0140, 0.000050
172, -22.9773, -0.0034, 0.000050
173, -19.0682, -0.0032, 0.000050
174, -22.7500, -0.0050, 0.000050
175, -23.0682, -0.0050, 0.000050
176, -20.3182, -0.0041, 0.000050
177, -25.2955, -0.0050, 0.000050
178, -23.6818, -0.0060, 0.000050
179, -21.0000, -0.0100, 0.000050
180, -24.8409, -0.0083, 0.000050
181, -23.2045, -0.0100, 0.000050
182, -24.6591, -0.0069, 0.000050
183, -22.5455, -0.0090, 0.000050
184, -26.4091, -0.0058, 0.000050
185, -25.8864, -0.0076, 0.000050
186, -23.8864, -0.0113, 0.000050
187, -22.5682, -0.0112, 0.000050
188, -23.8636, -0.0149, 0.000050
189, -23.0000, -0.0118, 0.000050
190, -24.4524, -0.0116, 0.000050
191, -24.1591, -0.0066, 0.000050
192, -25.5116, -0.0077, 0.000050
193, -20.9091, -0.0126, 0.000050
194, -19.5455, -0.0061, 0.000050
195, -22.4318, -0.0095, 0.000050
196, -23.5952, -0.0104, 0.000050
197, -20.1136, -0.0152, 0.000050
198, -17.1628, -0.0071, 0.000050
199, -18.6818, -0.0144, 0.000050
200, -18.3409, -0.0032, 0.000050
201, -26.7209, -0.0023, 0.000050
202, -18.8837, -0.0109, 0.000050
203, -22.1136, -0.0100, 0.000050
204, -21.4091, -0.0111, 0.000050
205, -21.6136, -0.0106, 0.000050
206, -16.4773, -0.0064, 0.000050
207, -27.9773, -0.0014, 0.000050
208, -21.1136, -0.0101, 0.000050
209, -22.0227, -0.0094, 0.000050
210, -24.0000, -0.0086, 0.000050
211, -22.9318, -0.0068, 0.000050
212, -21.7500, -0.0118, 0.000050
213, -19.2045, -0.0052, 0.000050
214, -23.5909, -0.0097, 0.000050
215, -18.4318, -0.0164, 0.000050
216, -18.0000, -0.0042, 0.000050
217, -18.1591, -0.0036, 0.000050
218, -22.0233, -0.0006, 0.000050
219, -20.3636, -0.0103, 0.000050
220, -24.0682, -0.0045, 0.000050
221, -22.5455, -0.0108, 0.000050
222, -23.7857, -0.0051, 0.000050
223, -21.6190, -0.0077, 0.000050
224, -23.2045, -0.0042, 0.000050
225, -20.7273, -0.0139, 0.000050
226, -18.5714, -0.0036, 0.000050
227, -21.1364, -0.0088, 0.000050
228, -17.4545, -0.0038, 0.000050
229, -22.5455, -0.0047, 0.000050
230, -18.1591, -0.0039, 0.000050
231, -24.3409, -0.0076, 0.000050
232, -20.0909, -0.0095, 0.000050
233, -20.5455, -0.0091, 0.000050
234, -19.3636, -0.0128, 0.000050
235, -17.7955, -0.0062, 0.000050
236, -21.1628, -0.0015, 0.000050
237, -18.5349, 0.0005, 0.000050
238, -19.3864, 0.0006, 0.000050
239, -19.9773, -0.0005, 0.000050
240, -22.2045, -0.0071, 0.000050
241, -24.4318, 0.0016, 0.000050
242, -18.5455, -0.0006, 0.000050
243, -18.2045, -0.0008, 0.000050
244, -21.8409, -0.0045, 0.000050
245, -18.4651, -0.0003, 0.000050
246, -19.6364, -0.0004, 0.000050
247, -27.2727, 0.0008, 0.000050
248, -20.3864, -0.0063, 0.000050
249, -20.0227, -0.0022, 0.000050
250, -24.8571, -0.0051, 0.000050
251, -20.7273, -0.0079, 0.000050
252, -20.6364, -0.0034, 0.000050
253, -20.1591, -0.0037, 0.000050
254, -21.7045, -0.0058, 0.000050
255, -20.7500, -0.0080, 0.000050
256, -19.6136, -0.0119, 0.000050
257, -20.5682, -0.0128, 0.000050
258, -25.7500, -0.0033, 0.000050
259, -21.0000, -0.0028, 0.000050
260, -19.5000, -0.0148, 0.000050
261, -21.0682, -0.0024, 0.000050
262, -20.0682, -0.0098, 0.000050
263, -25.6591, -0.0064, 0.000050
264, -21.5682, -0.0078, 0.000050
265, -20.3182, -0.0109, 0.000050
266, -25.9545, -0.0088, 0.000050
267, -22.1818, -0.0015, 0.000050
268, -23.8182, -0.0115, 0.000050
269, -20.0682, -0.0119, 0.000050
270, -19.3864, -0.0078, 0.000050
271, -21.6047, -0.0114, 0.000050
272, -23.5000, -0.0058, 0.000050
273, -20.1591, -0.0099, 0.000050
274, -21.0000, -0.0079, 0.000050
275, -19.6136, -0.0017, 0.000050
276, -21.4545, -0.0048, 0.000050
277, -20.5682, -0.0024, 0.000050
278, -22.0227, -0.0065, 0.000050
279, -21.7727, -0.0083, 0.000050
280, -21.0227, -0.0028, 0.000050
281, -21.8864, -0.0080, 0.000050
282, -20.7045, -0.0071, 0.000050
283, -20.0455, -0.0120, 0.000050
284, -20.3182, -0.0044, 0.000050
285, -21.6364, -0.0040, 0.000050
286, -23.1136, -0.0097, 0.000050
287, -24.2273, -0.0101, 0.000050
288, -19.7273, -0.0110, 0.000050
289, -24.5455, -0.0057, 0.000050
290, -20.0000, -0.0125, 0.000050
291, -17.9773, -0.0070, 0.000050
292, -18.7273, -0.0173, 0.000050
293, -20.4545, -0.0041, 0.000050
294, -20.3864, -0.0141, 0.000050
295, -19.3182, -0.0137, 0.000050
296, -20.2045, -0.0005, 0.000050
297, -21.0455, -0.0007, 0.000050
298, -20.5682, -0.0072, 0.000050
299, -20.5227, -0.0100, 0.000050
300, -23.2045, -0.0056, 0.000050
301, -22.3182, -0.0088, 0.000050
302, -22.7857, -0.0070, 0.000050
303, -28.1591, -0.0013, 0.000050
304, -21.5455, -0.0027, 0.000050
305, -23.2273, -0.0099, 0.000050
306, -25.1364, -0.0044, 0.000050
307, -21.5227, -0.0125, 0.000050
308, -20.7273, -0.0096, 0.000050
309, -18.1818, -0.0061, 0.000050
310, -19.5476, -0.0069, 0.000050
311, -24.6364, -0.0108, 0.000050
312, -20.7500, -0.0048, 0.000050
313, -23.0227, -0.0071, 0.000050
314, -23.1628, -0.0094, 0.000050
315, -18.0909, -0.0082, 0.000050
316, -20.7500, -0.0165, 0.000050
317, -22.2558, -0.0060, 0.000050
318, -19.8409, -0.0032, 0.000050
319, -21.8409, 0.0020, 0.000050
320, -25.2273, 0.0003, 0.000050
321, -21.0909, -0.0050, 0.000050
322, -21.9773, -0.0091, 0.000050
323, -26.1136, -0.0011, 0.000050
324, -26.1628, -0.0030, 0.000050
325, -21.5227, -0.0115, 0.000050
326, -25.6818, -0.0025, 0.000050
327, -18.8409, -0.0035, 0.000050
328, -20.3636, -0.0116, 0.000050
329, -27.2500, 0.0008, 0.000050
330, -21.0227, -0.0095, 0.000050
331, -21.0909, -0.0067, 0.000050
332, -20.0682, -0.0122, 0.000050
333, -22.7045, -0.0027, 0.000050
334, -17.4091, -0.0015, 0.000050
335, -25.2273, 0.0010, 0.000050
336, -19.4318, -0.0093, 0.000050
337, -22.4318, -0.0027, 0.000050
338, -20.4545, -0.0043, 0.000050
339, -19.5455, -0.0005, 0.000050
340, -21.8864, -0.0054, 0.000050
341, -19.5581, -0.0103, 0.000050
342, -21.7045, -0.0030, 0.000050
343, -22.0000, -0.0017, 0.000050
344, -22.1163, -0.0017, 0.000050
345, -22.8864, -0.0008, 0.000050
346, -21.2273, 0.0012, 0.000050
347, -19.9545, -0.0007, 0.000050
348, -24.5682, -0.0001, 0.000050
349, -22.7500, -0.0044, 0.000050
350, -23.3409, -0.0028, 0.000050
351, -22.5000, -0.0045, 0.000050
352, -22.6136, -0.0057, 0.000050
353, -21.1591, -0.0079, 0.000050
354, -19.7045, -0.0127, 0.000050
355, -20.5000, -0.0072, 0.000050
356, -23.1364, 0.0002, 0.000050
357, -23.7955, -0.0007, 0.000050
358, -19.3182, -0.0072, 0.000050
359, -20.7955, -0.0035, 0.000050
360, -19.5227, -0.0012, 0.000050
361, -22.6591, 0.0057, 0.000050
362, -22.8182, 0.0045, 0.000050
363, -17.7045, 0.0035, 0.000050
364, -22.6047, 0.0061, 0.000050
365, -23.2326, 0.0015, 0.000050
366, -19.3636, 0.0030, 0.000050
367, -25.8864, 0.0032, 0.000050
368, -18.7045, 0.0029, 0.000050
369, -21.2727, -0.0033, 0.000050
370, -25.7045, 0.0023, 0.000050
371, -21.4186, -0.0023, 0.000050
372, -26.5227, 0.0010, 0.000050
373, -19.2273, 0.0004, 0.000050
374, -25.2045, -0.0001, 0.000050
375, -19.6591, -0.0008, 0.000050
376, -22.5814, 0.0025, 0.000050
377, -23.3409, -0.0053, 0.000050
378, -23.0465, -0.0058, 0.000050
379, -24.3636, -0.0034, 0.000050
380, -23.6364, -0.0074, 0.000050
381, -24.4091, -0.0044, 0.000050
382, -25.9545, -0.0071, 0.000050
383, -18.2955, -0.0076, 0.000050
384, -23.3953, -0.0096, 0.000050
385, -24.6136, -0.0078, 0.000050
386, -21.3721, -0.0029, 0.000050
387, -19.3182, -0.0059, 0.000050
388, -25.1591, -0.0081, 0.000050
389, -26.1591, -0.0076, 0.000050
390, -19.8636, -0.0055, 0.000050
391, -21.9091, -0.0043, 0.000050
392, -21.0909, -0.0120, 0.000050
393, -30.9286, -0.0021, 0.000050
394, -23.3864, -0.0115, 0.000050
395, -24.9091, -0.0076, 0.000050
396, -19.8409, -0.0069, 0.000050
397, -22.9318, -0.0113, 0.000050
398, -20.5000, -0.0184, 0.000050
399, -23.7955, -0.0050, 0.000050
400, -20.2727, -0.0146, 0.000050
401, -17.3256, -0.0053, 0.000050
402, -23.0227, -0.0053, 0.000050
403, -24.3256, -0.0063, 0.000050
404, -20.6818, -0.0043, 0.000050
405, -20.7727, -0.0045, 0.000050
406, -24.5909, -0.0074, 0.000050
407, -18.3409, -0.0063, 0.000050
408, -22.2045, -0.0065, 0.000050
409, -19.9318, -0.0051, 0.000050
410, -21.4524, -0.0149, 0.000050
411, -21.0455, -0.0020, 0.000050
412, -22.7273, -0.0078, 0.000050
413, -23.7955, -0.0088, 0.000050
414, -22.0227, -0.0092, 0.000050
415, -29.2273, 0.0008, 0.000050
416, -23.1395, -0.0077, 0.000050
417, -26.3636, -0.0045, 0.000050
418, -22.4773, -0.0085, 0.000050
419, -22.3636, -0.0076, 0.000050
420, -24.8864, -0.0056, 0.000050
421, -19.1667, -0.0184, 0.000050
422, -22.2955, -0.0017, 0.000050
423, -21.8636, -0.0052, 0.000050
424, -27.3864, 0.0006, 0.000050
425, -24.0682, -0.0038, 0.000050
426, -22.6364, -0.0080, 0.000050
427, -16.9091, -0.0072, 0.000050
428, -26.4186, -0.0020, 0.000050
429, -22.5682, -0.0052, 0.000050
430, -23.4773, -0.0122, 0.000050
431, -19.3095, -0.0046, 0.000050
432, -22.8409, -0.0045, 0.000050
433, -22.7273, -0.0015, 0.000050
434, -22.8182, -0.0089, 0.000050
435, -22.4318, -0.0090, 0.000050
436, -19.9773, 0.0006, 0.000050
437, -18.6818, -0.0004, 0.000050
438, -19.5000, -0.0086, 0.000050
439, -21.8182, -0.0002, 0.000050
440, -26.8333, 0.0026, 0.000050
441, -23.8409, -0.0004, 0.000050
442, -23.3571, -0.0020, 0.000050
443, -25.7273, 0.0022, 0.000050
444, -21.5116, -0.0061, 0.000050
445, -21.7727, -0.0026, 0.000050
446, -22.5000, -0.0062, 0.000050
447, -18.6364, 0.0025, 0.000050
448, -19.9318, -0.0032, 0.000050
449, -22.1364, -0.0007, 0.000050
450, -22.6818, -0.0016, 0.000050
451, -24.9773, 0.0026, 0.000050
452, -18.0227, 0.0007, 0.000050
453, -22.1136, -0.0008, 0.000050
454, -22.7273, -0.0022, 0.000050
455, -23.0455, 0.0007, 0.000050
456, -14.9318, -0.0059, 0.000050
457, -22.8636, 0.0016, 0.000050
458, -20.2500, -0.0064, 0.000050
459, -20.5000, -0.0016, 0.000050
460, -22.3721, 0.0001, 0.000050
461, -18.7500, -0.0144, 0.000050
462, -24.3864, -0.0021, 0.000050
463, -24.2955, -0.0031, 0.000050
464, -25.6905, -0.0038, 0.000050
465, -21.0909, -0.0075, 0.000050
466, -27.6364, -0.0028, 0.000050
467, -19.4545, -0.0122, 0.000050
468, -22.2955, -0.0106, 0.000050
469, -21.7045, -0.0112, 0.000050
470, -23.8636, -0.0076, 0.000050
471, -20.6818, -0.0085, 0.000050
472, -19.7500, -0.0044, 0.000050
473, -28.7045, -0.0029, 0.000050
474, -25.5455, -0.0078, 0.000050
475, -20.6591, -0.0146, 0.000050
476, -26.8409, -0.0060, 0.000050
477, -23.5682, -0.0053, 0.000050
478, -22.0682, -0.0157, 0.000050
479, -21.0227, -0.0098, 0.000050
480, -23.8864, -0.0009, 0.000050
481, -25.3636, -0.0021, 0.000050
482, -24.5909, -0.0027, 0.000050
483, -18.3182, -0.0039, 0.000050
484, -22.4545, -0.0070, 0.000050
485, -22.7209, -0.0097, 0.000050
486, -21.0227, -0.0054, 0.000050
487, -21.7500, -0.0022, 0.000050
488, -22.9091, -0.0060, 0.000050
489, -22.2500, -0.0083, 0.000050
490, -18.7045, -0.0117, 0.000050
491, -21.4091, -0.0129, 0.000050
492, -17.4091, -0.0029, 0.000050
493, -22.1818, 0.0011, 0.000050
494, -22.6136, -0.0082, 0.000050
495, -22.9302, -0.0076, 0.000050
496, -23.3409, -0.0055, 0.000050
497, -20.2955, -0.0094, 0.000050
498, -19.9318, -0.0122, 0.000050
499, -17.1364, -0.0062, 0.000050
500, -17.0909, -0.0057, 0.000050
501, -21.3409, -0.0063, 0.000050
502, -22.1136, -0.0081, 0.000050
503, -29.0455, 0.0004, 0.000050
504, -25.0682, -0.0021, 0.000050
505, -17.9773, -0.0139, 0.000050
506, -21.7727, -0.0011, 0.000050
507, -20.9091, -0.0109, 0.000050
508, -24.2045, -0.0115, 0.000050
509, -16.9318, -0.0055, 0.000050
510, -18.6591, -0.0057, 0.000050
511, -20.1818, -0.0029, 0.000050
512, -22.5227, -0.0071, 0.000050
513, -26.1136, -0.0107, 0.000050
514, -20.0682, -0.0102, 0.000050
515, -18.6136, 0.0005, 0.000050
516, -28.6047, 0.0052, 0.000050
517, -20.6818, -0.0039, 0.000050
518, -23.8409, -0.0019, 0.000050
519, -19.6364, -0.0013, 0.000050
520, -20.1818, -0.0081, 0.000050
521, -19.4318, -0.0069, 0.000050
522, -21.2955, 0.0022, 0.000050
523, -23.3182, -0.0053, 0.000050
524, -23.0455, 0.0019, 0.000050
525, -23.7045, -0.0018, 0.000050
526, -22.4318, -0.0044, 0.000050
527, -28.3409, -0.0004, 0.000050
528, -21.1364, -0.0115, 0.000050
529, -21.3636, -0.0101, 0.000050
530, -22.6364, -0.0078, 0.000050
531, -22.0909, -0.0080, 0.000050
532, -20.7955, -0.0042, 0.000050
533, -23.8636, -0.0058, 0.000050
534, -22.1364, -0.0090, 0.000050
535, -19.8182, -0.0036, 0.000050
536, -21.5909, -0.0011, 0.000050
537, -20.0682, -0.0100, 0.000050
538, -24.0227, -0.0049, 0.000050
539, -19.5227, -0.0144, 0.000050
540, -19.4318, -0.0107, 0.000050
541, -26.1136, -0.0021, 0.000050
542, -20.0227, -0.0102, 0.000050
543, -18.9773, -0.0039, 0.000050
544, -21.2955, -0.0096, 0.000050
545, -28.9773, 0.0003, 0.000050
546, -17.9318, -0.0051, 0.000050
547, -24.2093, -0.0063, 0.000050
548, -24.4545, -0.0077, 0.000050
549, -21.6818, -0.0136, 0.000050
550, -20.3636, -0.0044, 0.000050
551, -20.4545, -0.0049, 0.000050
552, -23.5909, -0.0074, 0.000050
553, -19.7727, -0.0056, 0.000050
554, -22.4091, -0.0129, 0.000050
555, -19.2727, -0.0125, 0.000050
556, -24.9767, -0.0031, 0.000050
557, -19.4545, -0.0155, 0.000050
558, -21.0000, -0.0046, 0.000050
559, -24.4286, -0.0016, 0.000050
560, -20.7955, -0.0003, 0.000050
561, -19.1136, -0.0021, 0.000050
562, -19.7727, -0.0098, 0.000050
563, -22.1818, -0.0036, 0.000050
564, -21.8864, -0.0065, 0.000050
565, -18.7273, -0.0032, 0.000050
566, -17.7955, -0.0040, 0.000050
567, -26.2273, 0.0008, 0.000050
568, -22.1591, -0.0111, 0.000050
569, -18.2045, -0.0038, 0.000050
570, -21.9091, -0.0083, 0.000050
571, -21.4545, -0.0065, 0.000050
572, -22.9318, -0.0047, 0.000050
573, -18.1591, -0.0129, 0.000050
574, -20.4545, -0.0009, 0.000050
575, -22.0455, -0.0008, 0.000050
576, -21.3409, -0.0050, 0.000050
577, -24.6591, -0.0045, 0.000050
578, -23.6136, -0.0080, 0.000050
579, -22.2727, -0.0085, 0.000050
580, -21.4318, -0.0098, 0.000050
581, -21.0000, -0.0125, 0.000050
582, -22.4318, -0.0065, 0.000050
583, -22.6136, -0.0089, 0.000050
584, -20.0682, -0.0105, 0.000050
585, -23.0909, -0.0039, 0.000050
586, -21.4545, -0.0068, 0.000050
587, -20.7500, -0.0131, 0.000050
588, -23.0227, -0.0042, 0.000050
589, -16.6364, -0.0034, 0.000050
590, -19.8409, 0.0001, 0.000050
591, -19.2955, -0.0007, 0.000050
592, -18.5455, -0.0033, 0.000050
593, -22.2558, -0.0093, 0.000050
594, -18.7045, -0.0051, 0.000050
595, -23.2955, 0.0005, 0.000050
596, -20.2955, 0.0011, 0.000050
597, -18.9773, -0.0001, 0.000050
598, -18.3636, -0.0022, 0.000050
599, -20.8409, -0.0005, 0.000050
600, -21.7727, -0.0023, 0.000050
601, -22.9545, -0.0022, 0.000050
602, -17.8864, -0.0113, 0.000050
603, -19.2045, -0.0011, 0.000050
604, -22.0909, -0.0062, 0.000050
605, -18.4773, -0.0110, 0.000050
606, -15.1136, -0.0048, 0.000050
607, -18.2093, -0.0027, 0.000050
608, -21.0455, -0.0072, 0.000050
609, -18.9545, -0.0055, 0.000050
610, -21.8864, -0.0061, 0.000050
611, -22.1591, -0.0075, 0.000050
612, -18.8571, -0.0002, 0.000050
613, -19.2500, -0.0016, 0.000050
614, -20.1591, -0.0013, 0.000050
615, -19.7045, -0.0020, 0.000050
616, -22.2045, -0.0074, 0.000050
617, -22.5227, -0.0042, 0.000050
618, -21.9773, -0.0062, 0.000050
619, -21.7500, -0.0011, 0.000050
620, -18.8409, -0.0037, 0.000050
621, -20.1364, -0.0107, 0.000050
622, -17.2045, -0.0045, 0.000050
623, -17.7045, -0.0032, 0.000050
624, -21.3810, -0.0117, 0.000050
625, -22.8864, -0.0054, 0.000050
626, -21.3182, -0.0086, 0.000050
627, -22.2727, -0.0053, 0.000050
628, -18.8636, -0.0111, 0.000050
629, -20.8636, -0.0039, 0.000050
630, -22.6136, -0.0038, 0.000050
631, -21.2381, -0.0026, 0.000050
632, -26.4545, 0.0015, 0.000050
633, -20.2955, -0.0080, 0.000050
634, -21.0000, -0.0049, 0.000050
635, -25.1818, -0.0010, 0.000050
636, -16.7500, -0.0037, 0.000050
637, -26.3182, -0.0006, 0.000050
638, -25.5909, -0.0020, 0.000050
639, -17.6818, -0.0038, 0.000050
640, -25.0227, -0.0048, 0.000050
641, -24.5227, 0.0008, 0.000050
642, -19.2955, -0.0044, 0.000050
643, -18.5682, -0.0059, 0.000050
644, -20.0682, -0.0117, 0.000050
645, -17.5909, -0.0157, 0.000050
646, -22.3864, -0.0050, 0.000050
647, -23.8333, -0.0038, 0.000050
648, -21.8864, -0.0043, 0.000050
649, -20.6591, -0.0098, 0.000050
650, -23.4545, -0.0061, 0.000050
651, -18.6136, -0.0111, 0.000050
652, -22.7727, -0.0082, 0.000050
653, -22.7727, -0.0064, 0.000050
654, -17.1395, -0.0153, 0.000050
655, -23.5000, -0.0074, 0.000050
656, -22.7143, -0.0061, 0.000050
657, -23.7955, -0.0073, 0.000050
658, -18.4318, -0.0124, 0.000050
659, -21.9318, -0.0024, 0.000050
660, -23.8409, -0.0012, 0.000050
661, -27.5909, 0.0020, 0.000050
662, -16.8864, -0.0058, 0.000050
663, -19.4318, -0.0094, 0.000050
664, -19.6136, -0.0018, 0.000050
665, -20.4318, -0.0103, 0.000050
666, -23.8864, -0.0054, 0.000050
667, -25.4318, -0.0056, 0.000050
668, -22.7209, -0.0090, 0.000050
669, -18.3636, -0.0121, 0.000050
670, -18.5455, -0.0045, 0.000050
671, -19.1364, -0.0033, 0.000050
672, -23.2273, -0.0071, 0.000050
673, -17.1163, -0.0063, 0.000050
674, -21.2273, -0.0126, 0.000050
675, -21.2955, -0.0120, 0.000050
676, -21.9773, -0.0037, 0.000050
677, -22.7727, -0.0016, 0.000050
678, -20.2500, -0.0048, 0.000050
679, -22.6136, -0.0017, 0.000050
680, -21.6279, -0.0030, 0.000050
681, -20.4091, -0.0052, 0.000050
682, -22.3864, -0.0084, 0.000050
683, -18.6744, -0.0016, 0.000050
684, -23.2955, -0.0022, 0.000050
685, -18.8409, -0.0013, 0.000050
686, -21.1818, -0.0071, 0.000050
687, -23.4773, -0.0024, 0.000050
688, -22.2273, -0.0048, 0.000050
689, -19.8182, -0.0026, 0.000050
690, -19.1364, -0.0127, 0.000050
691, -21.1591, -0.0072, 0.000050
692, -19.8636, -0.0090, 0.000050
693, -21.1395, -0.0010, 0.000050
694, -20.9773, -0.0066, 0.000050
695, -21.9545, -0.0102, 0.000050
696, -18.0455, -0.0041, 0.000050
697, -23.4318, -0.0068, 0.000050
698, -16.7500, -0.0050, 0.000050
699, -23.1667, 0.0008, 0.000050
700, -22.2955, -0.0056, 0.000050
701, -21.7442, -0.0090, 0.000050
702, -22.4773, -0.0095, 0.000050
703, -21.1364, -0.0110, 0.000050
704, -26.1364, -0.0053, 0.000050
705, -19.4318, -0.0053, 0.000050
706, -16.6136, -0.0071, 0.000050
707, -26.0227, -0.0016, 0.000050
708, -17.8409, -0.0062, 0.000050
709, -17.6364, -0.0063, 0.000050
710, -21.4773, -0.0076, 0.000050
711, -22.8864, -0.0055, 0.000050
712, -26.1136, -0.0031, 0.000050
713, -17.9773, -0.0078, 0.000050
714, -23.3182, -0.0070, 0.000050
715, -20.9524, -0.0109, 0.000050
716, -23.6818, -0.0095, 0.000050
717, -24.6364, -0.0111, 0.000050
718, -19.6364, -0.0059, 0.000050
719, -20.3636, -0.0136, 0.000050
720, -20.9091, -0.0136, 0.000050
721, -20.9545, -0.0139, 0.000050
722, -25.0909, -0.0033, 0.000050
723, -22.5682, -0.0034, 0.000050
724, -21.4773, -0.0034, 0.000050
725, -24.6136, -0.0057, 0.000050
726, -25.5909, -0.0054, 0.000050
727, -19.4773, -0.0139, 0.000050
728, -25.6818, -0.0082, 0.000050
729, -19.7500, -0.0154, 0.000050
730, -20.4545, -0.0091, 0.000050
731, -23.0455, -0.0061, 0.000050
732, -23.7045, -0.0044, 0.000050
733, -18.9773, -0.0061, 0.000050
734, -21.4773, -0.0133, 0.000050
735, -22.0000, -0.0109, 0.000050
736, -21.7045, -0.0099, 0.000050
737, -24.4545, -0.0043, 0.000050
738, -23.5455, -0.0078, 0.000050
739, -20.3636, -0.0085, 0.000050
740, -16.0455, -0.0093, 0.000050
741, -23.9091, -0.0070, 0.000050
742, -22.5682, -0.0135, 0.000050
743, -22.8636, -0.0013, 0.000050
744, -23.1364, -0.0118, 0.000050
745, -16.8636, -0.0134, 0.000050
746, -20.8864, -0.0103, 0.000050
747, -23.5000, -0.0047, 0.000050
748, -20.4545, -0.0030, 0.000050
749, -22.3182, -0.0059, 0.000050
750, -20.2273, -0.0131, 0.000050
751, -23.4091, -0.0049, 0.000050
752, -17.6136, -0.0040, 0.000050
753, -22.9091, -0.0060, 0.000050
754, -25.2045, -0.0018, 0.000050
755, -19.7619, -0.0114, 0.000050
756, -22.3864, -0.0102, 0.000050
757, -18.4545, -0.0142, 0.000050
758, -21.0000, -0.0055, 0.000050
759, -22.9545, -0.0057, 0.000050
760, -24.0000, -0.0015, 0.000050
761, -25.2955, -0.0030, 0.000050
762, -22.9773, -0.0024, 0.000050
763, -20.0000, -0.0088, 0.000050
764, -17.0682, -0.0135, 0.000050
765, -23.0000, -0.0090, 0.000050
766, -24.2500, -0.0047, 0.000050
767, -19.8140, -0.0029, 0.000050
768, -21.9318, -0.0145, 0.000050
769, -24.1591, -0.0023, 0.000050
770, -21.7273, -0.0019, 0.000050
771, -24.2045, -0.0044, 0.000050
772, -20.2727, -0.0086, 0.000050
773, -20.7907, -0.0065, 0.000050
774, -22.2273, -0.0042, 0.000050
775, -19.1364, -0.0092, 0.000050
776, -20.5000, -0.0080, 0.000050
777, -17.3636, -0.0031, 0.000050
778, -18.1591, -0.0035, 0.000050
779, -21.9773, -0.0089, 0.000050
780, -23.4318, -0.0029, 0.000050
781, -21.5455, -0.0012, 0.000050
782, -21.5455, -0.0074, 0.000050
783, -17.3571, -0.0058, 0.000050
784, -24.1190, -0.0076, 0.000050
785, -27.5455, 0.0014, 0.000050
786, -24.4318, -0.0028, 0.000050
787, -23.7727, -0.0049, 0.000050
788, -17.5455, -0.0057, 0.000050
789, -17.1395, -0.0052, 0.000050
790, -25.5814, -0.0028, 0.000050
791, -19.6136, -0.0029, 0.000050
792, -18.0000, -0.0127, 0.000050
793, -23.0909, -0.0071, 0.000050
794, -19.3182, -0.0027, 0.000050
795, -24.5455, -0.0031, 0.000050
796, -21.5909, -0.0060, 0.000050
797, -23.3864, -0.0071, 0.000050
798, -20.7727, -0.0104, 0.000050
799, -21.5682, -0.0082, 0.000050
800, -27.5682, -0.0002, 0.000050
801, -24.9091, -0.0097, 0.000050
802, -18.8182, -0.0055, 0.000050
803, -21.4884, -0.0023, 0.000050
804, -23.8409, -0.0005, 0.000050
805, -23.7273, -0.0096, 0.000050
806, -16.3409, -0.0084, 0.000050
807, -20.9545, -0.0141, 0.000050
808, -20.6591, -0.0129, 0.000050
809, -23.0227, -0.0108, 0.000050
810, -18.8864, -0.0045, 0.000050
811, -20.0000, -0.0024, 0.000050
812, -21.6136, -0.0114, 0.000050
813, -22.9318, -0.0085, 0.000050
814, -23.5909, -0.0097, 0.000050
815, -21.2727, -0.0127, 0.000050
816, -23.9318, -0.0051, 0.000050
817, -19.3864, -0.0039, 0.000050
818, -25.0909, -0.0080, 0.000050
819, -18.9545, -0.0138, 0.000050
820, -18.8864, -0.0017, 0.000050
821, -18.2727, -0.0072, 0.000050
822, -21.8636, -0.0098, 0.000050
823, -23.0930, -0.0043, 0.000050
824, -18.4091, -0.0029, 0.000050
825, -18.0455, -0.0090, 0.000050
826, -21.8409, -0.0031, 0.000050
827, -21.4091, -0.0084, 0.000050
828, -22.1395, -0.0037, 0.000050
829, -20.2500, -0.0058, 0.000050
830, -22.6136, -0.0084, 0.000050
831, -22.5909, -0.0076, 0.000050
832, -21.1364, -0.0009, 0.000050
833, -18.0909, -0.0110, 0.000050
834, -24.7500, -0.0028, 0.000050
835, -21.4545, -0.0007, 0.000050
836, -21.6364, -0.0042, 0.000050
837, -18.9318, -0.0140, 0.000050
838, -20.0682, -0.0098, 0.000050
839, -24.0227, -0.0010, 0.000050
840, -26.3864, 0.0005, 0.000050
841, -21.2500, -0.0081, 0.000050
842, -23.3864, -0.0067, 0.000050
843, -26.3953, -0.0014, 0.000050
844, -19.2500, -0.0037, 0.000050
845, -17.8636, -0.0032, 0.000050
846, -19.3182, -0.0109, 0.000050
847, -15.4651, -0.0081, 0.000050
848, -25.2955, -0.0033, 0.000050
849, -23.0227, -0.0078, 0.000050
850, -25.0455, -0.0091, 0.000050
851, -19.6136, -0.0051, 0.000050
852, -24.3636, -0.0075, 0.000050
853, -18.9545, -0.0045, 0.000050
854, -22.0455, -0.0061, 0.000050
855, -18.2500, -0.0107, 0.000050
856, -19.8409, -0.0132, 0.000050
857, -22.1136, -0.0062, 0.000050
858, -20.8409, -0.0093, 0.000050
859, -16.1818, -0.0162, 0.000050
860, -19.0000, -0.0114, 0.000050
861, -20.6136, -0.0021, 0.000050
862, -21.9318, -0.0097, 0.000050
863, -22.1591, -0.0076, 0.000050
864, -19.6818, -0.0070, 0.000050
865, -18.6591, -0.0036, 0.000050
866, -21.6818, -0.0079, 0.000050
867, -23.7273, -0.0025, 0.000050
868, -27.0909, -0.0010, 0.000050
869, -21.4318, -0.0112, 0.000050
870, -21.7727, -0.0095, 0.000050
871, -22.6364, -0.0042, 0.000050
872, -21.8182, -0.0064, 0.000050
873, -18.2045, -0.0042, 0.000050
874, -24.0227, -0.0047, 0.000050
875, -21.5909, -0.0073, 0.000050
876, -18.1136, -0.0145, 0.000050
877, -21.4286, -0.0020, 0.000050
878, -22.7727, -0.0106, 0.000050
879, -19.0682, -0.0088, 0.000050
880, -16.2500, -0.0063, 0.000050
881, -24.5122, -0.0045, 0.000050
882, -22.4091, -0.0054, 0.000050
883, -16.8182, -0.0051, 0.000050
884, -23.4545, -0.0015, 0.000050
885, -26.4091, -0.0036, 0.000050
886, -19.8864, -0.0039, 0.000050
887, -18.2500, -0.0055, 0.000050
888, -21.7727, -0.0079, 0.000050
889, -23.5476, -0.0069, 0.000050
890, -21.1364, -0.0074, 0.000050
891, -20.4773, -0.0149, 0.000050
892, -19.0682, -0.0086, 0.000050
893, -20.5455, -0.0089, 0.000050
894, -20.1136, -0.0053, 0.000050
895, -21.1136, -0.0072, 0.000050
896, -21.1818, -0.0128, 0.000050
897, -22.7273, -0.0024, 0.000050
898, -23.4773, -0.0006, 0.000050
899, -24.4318, -0.0022, 0.000050
900, -23.5682, -0.0047, 0.000050
901, -19.8636, -0.0068, 0.000050
902, -24.1364, -0.0025, 0.000050
903, -22.5455, -0.0052, 0.000050
904, -25.3864, -0.0022, 0.000050
905, -26.3721, -0.0029, 0.000050
906, -21.4091, -0.0104, 0.000050
907, -21.3409, -0.0102, 0.000050
908, -17.7727, -0.0060, 0.000050
909, -21.3182, -0.0097, 0.000050
910, -23.0682, -0.0044, 0.000050
911, -20.6136, -0.0077, 0.000050
912, -22.6667, -0.0069, 0.000050
913, -16.2500, -0.0058, 0.000050
914, -22.8409, -0.0084, 0.000050
915, -22.7674, -0.0081, 0.000050
916, -22.3409, -0.0074, 0.000050
917, -14.3636, -0.0094, 0.000050
918, -17.9773, -0.0044, 0.000050
919, -23.3864, -0.0067, 0.000050
920, -16.6818, -0.0170, 0.000050
921, -18.7727, -0.0032, 0.000050
922, -26.9524, 0.0004, 0.000050
923, -20.5000, -0.0082, 0.000050
924, -24.1136, -0.0035, 0.000050
925, -21.8864, -0.0011, 0.000050
926, -16.8409, -0.0063, 0.000050
927, -19.9091, -0.0060, 0.000050
928, -18.7907, -0.0025, 0.000050
929, -19.5455, -0.0099, 0.000050
930, -19.8837, -0.0103, 0.000050
931, -16.2500, -0.0053, 0.000050
932, -21.8372, -0.0049, 0.000050
933, -25.0455, -0.0007, 0.000050
934, -14.7955, -0.0064, 0.000050
935, -21.0455, -0.0078, 0.000050
936, -20.7045, -0.0075, 0.000050
937, -18.0909, -0.0032, 0.000050
938, -17.1364, -0.0040, 0.000050
939, -22.0233, -0.0047, 0.000050
940, -27.0682, 0.0002, 0.000050
941, -19.3182, -0.0029, 0.000050
942, -19.3864, -0.0124, 0.000050
943, -20.7674, -0.0018, 0.000050
944, -21.8182, -0.0059, 0.000050
945, -18.4545, -0.0029, 0.000050
946, -18.5455, -0.0027, 0.000050
947, -17.9091, -0.0038, 0.000050
948, -21.3636, -0.0076, 0.000050
949, -18.2955, -0.0052, 0.000050
950, -25.2955, -0.0035, 0.000050
951, -19.2273, -0.0038, 0.000050
952, -19.9773, -0.0102, 0.000050
953, -20.4091, -0.0042, 0.000050
954, -17.5455, -0.0158, 0.000050
955, -21.8864, -0.0055, 0.000050
956, -22.7907, -0.0058, 0.000050
957, -18.1818, -0.0079, 0.000050
958, -18.9318, -0.0015, 0.000050
959, -22.0227, -0.0048, 0.000050
960, -19.0455, -0.0012, 0.000050
961, -17.4545, -0.0027, 0.000050
962, -18.6512, -0.0014, 0.000050
963, -20.0000, -0.0004, 0.000050
964, -21.0682, -0.0058, 0.000050
965, -17.5909, -0.0034, 0.000050
966, -21.9091, -0.0048, 0.000050
967, -20.3182, -0.0098, 0.000050
968, -19.0227, -0.0117, 0.000050
969, -17.0000, -0.0036, 0.000050
970, -18.6136, -0.0024, 0.000050
971, -19.4091, -0.0061, 0.000050
972, -20.4545, -0.0047, 0.000050
973, -20.7955, -0.0073, 0.000050
974, -19.0000, -0.0084, 0.000050
975, -18.1591, -0.0111, 0.000050
976, -19.8864, -0.0011, 0.000050
977, -19.2955, -0.0042, 0.000050
978, -19.8864, -0.0092, 0.000050
979, -26.3864, 0.0018, 0.000050
980, -18.1364, -0.0023, 0.000050
981, -21.4773, -0.0055, 0.000050
982, -20.1364, -0.0017, 0.000050
983, -22.6977, -0.0049, 0.000050
984, -17.7273, -0.0128, 0.000050
985, -20.8864, -0.0079, 0.000050
986, -20.9545, -0.0107, 0.000050
987, -24.6591, -0.0019, 0.000050
988, -18.7500, -0.0024, 0.000050
989, -21.3636, -0.0073, 0.000050
990, -18.5682, -0.0114, 0.000050
991, -20.8182, -0.0099, 0.000050
992, -19.2326, 0.0006, 0.000050
993, -18.0000, -0.0007, 0.000050
994, -23.0455, -0.0023, 0.000050
995, -21.6364, -0.0056, 0.000050
996, -25.3182, -0.0016, 0.000050
997, -19.3864, -0.0033, 0.000050
998, -23.8182, -0.0030, 0.000050
999, -17.0233, -0.0042, 0.000050
1000, -17.0682, -0.0078, 0.000050
1001, -22.5909, -0.0045, 0.000050
1002, -20.8409, -0.0024, 0.000050
1003, -21.0455, -0.0073, 0.000050
1004, -17.7045, -0.0148, 0.000050
1005, -20.4091, -0.0054, 0.000050
1006, -23.3721, -0.0031, 0.000050
1007, -21.7273, -0.0043, 0.000050
1008, -30.8333, 0.0020, 0.000050
1009, -17.2273, -0.0061, 0.000050
1010, -19.5909, -0.0032, 0.000050
1011, -18.9773, -0.0056, 0.000050
1012, -22.8864, -0.0078, 0.000050
1013, -17.6136, -0.0078, 0.000050
1014, -18.3409, -0.0050, 0.000050
1015, -24.0682, -0.0049, 0.000050
1016, -23.9545, -0.0073, 0.000050
1017, -20.2045, -0.0074, 0.000050
1018, -20.7727, -0.0150, 0.000050
1019, -17.3409, -0.0032, 0.000050
1020, -20.0000, -0.0006, 0.000050
1021, -22.7273, -0.0072, 0.000050
1022, -24.6818, -0.0026, 0.000050
1023, -21.2326, -0.0052, 0.000050
1024, -20.7500, -0.0035, 0.000050
1025, -17.9318, -0.0095, 0.000050
1026, -17.4545, -0.0036, 0.000050
1027, -20.9318, -0.0082, 0.000050
1028, -20.2273, -0.0010, 0.000050
1029, -21.5000, -0.0055, 0.000050
1030, -23.7045, -0.0044, 0.000050
1031, -18.9091, -0.0113, 0.000050
1032, -20.7727, -0.0122, 0.000050
1033, -23.2857, -0.0042, 0.000050
1034, -22.0455, -0.0031, 0.000050
1035, -21.2381, -0.0093, 0.000050
1036, -19.0000, -0.0029, 0.000050
1037, -23.9773, -0.0056, 0.000050
1038, -19.4773, -0.0123, 0.000050
1039, -23.5227, -0.0038, 0.000050
1040, -24.7500, -0.0022, 0.000050
1041, -22.1818, -0.0063, 0.000050
1042, -24.6364, -0.0024, 0.000050
1043, -16.7273, -0.0136, 0.000050
1044, -24.4773, -0.0047, 0.000050
1045, -19.1818, -0.0039, 0.000050
1046, -23.4773, -0.0097, 0.000050
1047, -21.1591, -0.0084, 0.000050
1048, -24.7045, 0.0002, 0.000050
1049, -26.9091, 0.0012, 0.000050
1050, -18.2727, -0.0012, 0.000050
1051, -17.2500, -0.0104, 0.000050
1052, -19.2045, -0.0019, 0.000050
1053, -19.2045, -0.0060, 0.000050
1054, -17.9318, -0.0025, 0.000050
1055, -18.7045, -0.0106, 0.000050
1056, -23.2045, -0.0027, 0.000050
1057, -21.4545, 0.0020, 0.000050
1058, -20.3182, -0.0075, 0.000050
1059, -18.3409, -0.0014, 0.000050
1060, -24.6136, -0.0019, 0.000050
1061, -21.7500, -0.0061, 0.000050
1062, -22.1136, -0.0034, 0.000050
1063, -22.3182, -0.0084, 0.000050
1064, -23.3864, -0.0011, 0.000050
1065, -22.8864, -0.0043, 0.000050
1066, -19.7045, -0.0057, 0.000050
1067, -24.3333, -0.0007, 0.000050
1068, -25.0233, -0.0029, 0.000050
1069, -19.0227, -0.0022, 0.000050
1070, -21.1136, -0.0076, 0.000050
1071, -19.1136, -0.0071, 0.000050
1072, -22.3636, -0.0067, 0.000050
1073, -21.2500, -0.0050, 0.000050
1074, -24.2955, -0.0096, 0.000050
1075, -22.7045, -0.0071, 0.000050
1076, -20.8636, -0.0015, 0.000050
1077, -23.5000, -0.0056, 0.000050
1078, -18.5227, -0.0034, 0.000050
1079, -24.7955, -0.0087, 0.000050
1080, -24.3409, 0.0006, 0.000050
1081, -26.8864, 0.0000, 0.000050
1082, -18.6136, -0.0047, 0.000050
1083, -20.1591, -0.0082, 0.000050
1084, -20.8636, -0.0113, 0.000050
1085, -16.7045, -0.0169, 0.000050
1086, -21.3864, -0.0026, 0.000050
1087, -22.5455, -0.0057, 0.000050
1088, -20.7500, -0.0068, 0.000050
1089, -25.4318, -0.0023, 0.000050
1090, -21.7955, -0.0075, 0.000050
1091, -23.0000, -0.0077, 0.000050
1092, -21.6136, 0.0022, 0.000050
1093, -19.8409, -0.0094, 0.000050
1094, -19.0909, 0.0005, 0.000050
1095, -21.7045, -0.0034, 0.000050
1096, -22.4318, -0.0036, 0.000050
1097, -19.7727, -0.0066, 0.000050
1098, -21.1163, 0.0010, 0.000050
1099, -20.9773, -0.0036, 0.000050
1100, -22.0227, 0.0023, 0.000050
1101, -18.1591, -0.0076, 0.000050
1102, -18.0000, -0.0018, 0.000050
1103, -24.3864, -0.0021, 0.000050
1104, -20.5349, -0.0051, 0.000050
1105, -21.0682, -0.0002, 0.000050
1106, -27.4091, 0.0002, 0.000050
1107, -21.9091, -0.0031, 0.000050
1108, -24.0682, -0.0047, 0.000050
1109, -20.1136, -0.0017, 0.000050
1110, -19.2955, -0.0139, 0.000050
1111, -18.1136, -0.0099, 0.000050
1112, -23.4318, -0.0015, 0.000050
1113, -22.3182, -0.0006, 0.000050
1114, -20.0909, 0.0013, 0.000050
1115, -21.7045, -0.0026, 0.000050
1116, -19.5682, 0.0003, 0.000050
1117, -17.0455, -0.0041, 0.000050
1118, -16.2500, -0.0028, 0.000050
1119, -22.3636, -0.0018, 0.000050
1120, -21.4773, 0.0008, 0.000050
1121, -26.8140, -0.0036, 0.000050
1122, -23.0455, -0.0047, 0.000050
1123, -22.5000, -0.0022, 0.000050
1124, -18.9773, -0.0010, 0.000050
1125, -20.0000, -0.0073, 0.000050
1126, -17.4545, -0.0046, 0.000050
1127, -26.0682, -0.0013, 0.000050
1128, -18.3864, -0.0033, 0.000050
1129, -24.3953, -0.0060, 0.000050
1130, -23.1364, -0.0047, 0.000050
1131, -26.2500, -0.0076, 0.000050
1132, -19.8864, -0.0116, 0.000050
1133, -21.4318, -0.0111, 0.000050
1134, -23.1136, -0.0053, 0.000050
1135, -15.6136, -0.0080, 0.000050
1136, -18.7273, -0.0030, 0.000050
1137, -21.6818, -0.0080, 0.000050
1138, -24.0227, -0.0050, 0.000050
1139, -17.0000, -0.0144, 0.000050
1140, -19.6136, -0.0035, 0.000050
1141, -21.5455, -0.0070, 0.000050
1142, -19.2500, -0.0027, 0.000050
1143, -18.6818, -0.0120, 0.000050
1144, -18.3409, -0.0040, 0.000050
1145, -20.6364, -0.0024, 0.000050
1146, -25.4091, -0.0038, 0.000050
1147, -22.0455, -0.0056, 0.000050
1148, -21.6591, -0.0061, 0.000050
1149, -24.5909, -0.0060, 0.000050
1150, -19.3409, -0.0048, 0.000050
1151, -20.5000, -0.0029, 0.000050
1152, -16.0455, -0.0072, 0.000050
1153, -22.8636, -0.0124, 0.000050
1154, -19.0682, -0.0061, 0.000050
1155, -22.5227, -0.0001, 0.000050
1156, -19.2955, -0.0156, 0.000050
1157, -24.0000, -0.0030, 0.000050
1158, -19.3636, -0.0076, 0.000050
1159, -22.2093, -0.0121, 0.000050
1160, -23.6136, -0.0082, 0.000050
1161, -22.5455, -0.0064, 0.000050
1162, -18.7381, -0.0023, 0.000050
1163, -16.0227, -0.0059, 0.000050
1164, -16.5682, -0.0060, 0.000050
1165, -22.5682, -0.0071, 0.000050
1166, -21.3864, -0.0086, 0.000050
1167, -18.1364, -0.0145, 0.000050
1168, -23.6047, 0.0028, 0.000050
1169, -25.5000, -0.0071, 0.000050
1170, -20.5000, -0.0073, 0.000050
1171, -18.4651, -0.0112, 0.000050
1172, -18.8409, -0.0026, 0.000050
1173, -18.6364, -0.0083, 0.000050
1174, -21.0909, -0.0002, 0.000050
1175, -22.9773, -0.0058, 0.000050
1176, -17.8864, -0.0043, 0.000050
1177, -19.3182, -0.0102, 0.000050
1178, -19.2500, -0.0030, 0.000050
1179, -18.9091, -0.0129, 0.000050
1180, -18.1591, -0.0030, 0.000050
1181, -25.5000, 0.0015, 0.000050
1182, -20.5909, 0.0011, 0.000050
1183, -27.4091, -0.0007, 0.000050
1184, -23.0227, -0.0016, 0.000050
1185, -20.9545, -0.0046, 0.000050
1186, -23.5455, -0.0029, 0.000050
1187, -29.0000, 0.0026, 0.000050
1188, -25.4524, -0.0021, 0.000050
1189, -23.0455, -0.0055, 0.000050
1190, -21.0000, -0.0073, 0.000050
1191, -21.1364, -0.0086, 0.000050
1192, -20.2500, -0.0033, 0.000050
1193, -19.5682, -0.0038, 0.000050
1194, -25.4091, -0.0024, 0.000050
1195, -19.7500, -0.0032, 0.000050
1196, -18.5227, -0.0061, 0.000050
1197, -17.8409, -0.0067, 0.000050
1198, -23.2955, -0.0065, 0.000050
1199, -21.5116, -0.0107, 0.000050
1200, -20.4884, -0.0137, 0.000050
1201, -21.7045, -0.0087, 0.000050
1202, -17.0909, -0.0057, 0.000050
1203, -20.8409, -0.0087, 0.000050
1204, -26.9091, -0.0013, 0.000050
1205, -23.4318, -0.0045, 0.000050
1206, -17.4091, -0.0055, 0.000050
1207, -23.3182, -0.0062, 0.000050
1208, -18.3864, -0.0089, 0.000050
1209, -19.5227, -0.0114, 0.000050
1210, -26.9767, -0.0033, 0.000050
1211, -20.1395, -0.0103, 0.000050
1212, -20.3864, -0.0040, 0.000050
1213, -22.3182, -0.0068, 0.000050
1214, -20.6818, -0.0128, 0.000050
1215, -16.6591, -0.0061, 0.000050
1216, -23.1364, -0.0074, 0.000050
1217, -14.4545, -0.0111, 0.000050
1218, -21.0465, -0.0082, 0.000050
1219, -20.0455, -0.0032, 0.000050
1220, -20.8409, -0.0030, 0.000050
1221, -19.6818, -0.0055, 0.000050
1222, -18.3636, -0.0138, 0.000050
1223, -17.3182, -0.0051, 0.000050
1224, -19.9773, -0.0036, 0.000050
1225, -19.5814, -0.0140, 0.000050
1226, -15.6136, -0.0054, 0.000050
1227, -17.2955, -0.0060, 0.000050
1228, -24.9070, -0.0034, 0.000050
1229, -22.2727, -0.0089, 0.000050
1230, -19.1395, -0.0114, 0.000050
1231, -19.5227, -0.0125, 0.000050
1232, -18.3409, -0.0030, 0.000050
1233, -22.0455, -0.0037, 0.000050
1234, -24.2500, -0.0017, 0.000050
1235, -22.5682, -0.0062, 0.000050
1236, -20.5000, -0.0106, 0.000050
1237, -23.5682, -0.0027, 0.000050
1238, -22.2500, -0.0031, 0.000050
1239, -19.1136, -0.0024, 0.000050
1240, -28.1364, 0.0001, 0.000050
1241, -18.4545, -0.0145, 0.000050
1242, -24.2500, -0.0025, 0.000050
1243, -20.3636, -0.0074, 0.000050
1244, -25.9318, -0.0019, 0.000050
1245, -20.2955, -0.0067, 0.000050
1246, -21.5909, -0.0067, 0.000050
1247, -23.3636, -0.0034, 0.000050
1248, -16.9545, -0.0050, 0.000050
1249, -22.0682, -0.0051, 0.000050
1250, -15.4545, -0.0061, 0.000050
1251, -21.7500, -0.0074, 0.000050
1252, -19.5227, -0.0091, 0.000050
1253, -18.5455, -0.0131, 0.000050
1254, -18.3864, -0.0045, 0.000050
1255, -19.0909, -0.0035, 0.000050
1256, -19.2955, -0.0088, 0.000050
1257, -18.3409, -0.0042, 0.000050
1258, -21.2500, -0.0073, 0.000050
1259, -21.7955, -0.0089, 0.000050
1260, -15.9318, -0.0055, 0.000050
1261, -23.2273, -0.0072, 0.000050
1262, -19.7045, -0.0125, 0.000050
1263, -13.9091, -0.0093, 0.000050
1264, -23.9091, -0.0028, 0.000050
1265, -19.9091, -0.0055, 0.000050
1266, -18.6591, -0.0088, 0.000050
1267, -20.4545, -0.0022, 0.000050
1268, -21.5909, -0.0069, 0.000050
1269, -19.7500, -0.0057, 0.000050
1270, -21.1591, -0.0059, 0.000050
1271, -16.8182, -0.0054, 0.000050
1272, -16.2045, -0.0149, 0.000050
1273, -20.9545, -0.0051, 0.000050
1274, -20.4091, -0.0054, 0.000050
1275, -20.3409, -0.0094, 0.000050
1276, -19.0909, -0.0071, 0.000050
1277, -17.1136, -0.0036, 0.000050
1278, -19.5000, -0.0097, 0.000050
1279, -19.1364, -0.0097, 0.000050
1280, -16.7045, -0.0040, 0.000050
1281, -23.5000, -0.0021, 0.000050
1282, -22.1818, -0.0074, 0.000050
1283, -20.9773, -0.0003, 0.000050
1284, -16.9545, -0.0035, 0.000050
1285, -24.6136, -0.0010, 0.000050
1286, -18.2955, -0.0036, 0.000050
1287, -17.8409, -0.0121, 0.000050
1288, -19.9545, -0.0065, 0.000050
1289, -14.9091, -0.0059, 0.000050
1290, -24.3864, -0.0021, 0.000050
1291, -15.8182, -0.0053, 0.000050
1292, -20.2727, -0.0093, 0.000050
1293, -22.1860, -0.0088, 0.000050
1294, -18.4773, -0.0086, 0.000050
1295, -20.9091, -0.0015, 0.000050
1296, -18.7045, -0.0063, 0.000050
1297, -17.6136, -0.0003, 0.000050
1298, -19.3182, -0.0072, 0.000050
1299, -18.0238, 0.0025, 0.000050
1300, -21.0909, 0.0026, 0.000050
1301, -20.0455, -0.0011, 0.000050
1302, -25.2500, 0.0040, 0.000050
1303, -20.4318, -0.0053, 0.000050
1304, -28.8409, 0.0021, 0.000050
1305, -23.1591, 0.0010, 0.000050
1306, -19.1591, 0.0016, 0.000050
1307, -19.4318, 0.0014, 0.000050
1308, -18.7045, -0.0072, 0.000050
1309, -22.7273, 0.0008, 0.000050
1310, -21.9773, 0.0009, 0.000050
1311, -20.3636, -0.0048, 0.000050
1312, -22.4545, -0.0003, 0.000050
1313, -21.1818, 0.0011, 0.000050
1314, -17.9773, 0.0004, 0.000050
1315, -21.8864, -0.0030, 0.000050
1316, -17.8182, -0.0024, 0.000050
1317, -21.7727, -0.0033, 0.000050
1318, -24.1364, -0.0004, 0.000050
1319, -30.0698, 0.0041, 0.000050
1320, -18.4419, -0.0019, 0.000050
1321, -17.1364, -0.0035, 0.000050
1322, -22.2500, -0.0058, 0.000050
1323, -21.5116, -0.0093, 0.000050
1324, -19.0000, -0.0041, 0.000050
1325, -16.6818, -0.0044, 0.000050
1326, -21.5455, -0.0109, 0.000050
1327, -22.1136, -0.0035, 0.000050
1328, -21.5000, 0.0017, 0.000050
1329, -18.1818, -0.0013, 0.000050
1330, -25.3636, 0.0002, 0.000050
1331, -21.2727, -0.0049, 0.000050
1332, -22.2273, 0.0013, 0.000050
1333, -16.8409, -0.0036, 0.000050
1334, -19.8636, -0.0089, 0.000050
1335, -19.4773, -0.0012, 0.000050
1336, -17.9091, -0.0032, 0.000050
1337, -19.5000, -0.0115, 0.000050
1338, -18.5909, -0.0090, 0.000050
1339, -18.6136, -0.0011, 0.000050
1340, -20.3864, -0.0071, 0.000050
1341, -18.4318, -0.0026, 0.000050
1342, -19.0909, -0.0014, 0.000050
1343, -19.5455, -0.0067, 0.000050
1344, -20.5909, -0.0116, 0.000050
1345, -19.4773, -0.0047, 0.000050
1346, -20.3182, -0.0053, 0.000050
1347, -19.7500, -0.0061, 0.000050
1348, -19.7727, -0.0035, 0.000050
1349, -17.9773, -0.0107, 0.000050
1350, -22.5455, 0.0016, 0.000050
1351, -18.7045, -0.0064, 0.000050
1352, -18.9773, -0.0069, 0.000050
1353, -20.7500, 0.0027, 0.000050
1354, -15.2727, -0.0046, 0.000050
1355, -23.2727, 0.0052, 0.000050
1356, -21.3182, -0.0023, 0.000050
1357, -26.5682, 0.0029, 0.000050
1358, -18.0909, -0.0073, 0.000050
1359, -20.6744, -0.0030, 0.000050
1360, -20.2500, -0.0029, 0.000050
1361, -21.2045, -0.0035, 0.000050
1362, -17.7727, -0.0009, 0.000050
1363, -21.9773, -0.0027, 0.000050
1364, -19.1905, -0.0077, 0.000050
1365, -22.9545, 0.0011, 0.000050
1366, -17.8864, -0.0023, 0.000050
1367, -17.9545, -0.0003, 0.000050
1368, -18.1364, -0.0006, 0.000050
1369, -19.2045, -0.0002, 0.000050
1370, -20.3409, -0.0081, 0.000050
1371, -22.5455, 0.0000, 0.000050
1372, -23.5909, 0.0013, 0.000050
1373, -20.9773, -0.0011, 0.000050
1374, -21.4773, -0.0032, 0.000050
1375, -18.5909, -0.0086, 0.000050
1376, -24.1136, -0.0017, 0.000050
1377, -20.6818, -0.0020, 0.000050
1378, -21.2955, -0.0027, 0.000050
1379, -17.8636, -0.0082, 0.000050
1380, -16.4318, -0.0022, 0.000050
1381, -18.4545, -0.0005, 0.000050
1382, -24.0233, -0.0003, 0.000050
1383, -20.3409, -0.0049, 0.000050
1384, -20.3636, 0.0024, 0.000050
1385, -23.0698, -0.0011, 0.000050
1386, -21.5000, 0.0018, 0.000050
1387, -17.8636, -0.0016, 0.000050
1388, -26.0000, -0.0049, 0.000050
1389, -25.5455, -0.0007, 0.000050
1390, -21.2955, 0.0008, 0.000050
1391, -20.1818, -0.0053, 0.000050
1392, -20.4318, -0.0062, 0.000050
1393, -18.0682, -0.0080, 0.000050
1394, -17.8864, -0.0082, 0.000050
1395, -19.1136, -0.0086, 0.000050
1396, -23.1591, -0.0056, 0.000050
1397, -20.6977, -0.0065, 0.000050
1398, -24.7273, -0.0025, 0.000050
1399, -19.0465, -0.0031, 0.000050
1400, -20.1163, -0.0003, 0.000050
1401, -24.1591, -0.0045, 0.000050
1402, -14.9545, -0.0150, 0.000050
1403, -18.1364, -0.0017, 0.000050
1404, -16.7273, -0.0027, 0.000050
1405, -20.6136, -0.0048, 0.000050
1406, -25.1818, -0.0017, 0.000050
1407, -16.3409, -0.0026, 0.000050
1408, -20.3636, -0.0066, 0.000050
1409, -17.9773, -0.0094, 0.000050
1410, -22.0465, 0.0012, 0.000050
1411, -20.0682, -0.0056, 0.000050
1412, -19.2500, -0.0011, 0.000050
1413, -19.7500, -0.0017, 0.000050
1414, -23.1364, -0.0058, 0.000050
1415, -22.1136, -0.0035, 0.000050
1416, -19.9318, -0.0013, 0.000050
1417, -18.2727, -0.0093, 0.000050
1418, -18.9318, -0.0060, 0.000050
1419, -20.9091, -0.0099, 0.000050
1420, -15.9318, -0.0029, 0.000050
1421, -23.6364, -0.0037, 0.000050
1422, -23.0909, -0.0035, 0.000050
1423, -24.0000, -0.0022, 0.000050
1424, -23.2955, -0.0031, 0.000050
1425, -21.7955, -0.0087, 0.000050
1426, -17.8864, -0.0088, 0.000050
1427, -23.5682, -0.0046, 0.000050
1428, -24.1364, -0.0034, 0.000050
1429, -23.6364, -0.0036, 0.000050
1430, -16.1364, -0.0046, 0.000050
1431, -21.6591, -0.0103, 0.000050
1432, -17.8182, -0.0115, 0.000050
1433, -21.9091, -0.0063, 0.000050
1434, -18.8409, -0.0006, 0.000050
1435, -19.7500, -0.0048, 0.000050
1436, -14.0909, -0.0072, 0.000050
1437, -15.5116, -0.0016, 0.000050
1438, -27.2045, -0.0025, 0.000050
1439, -18.7045, -0.0064, 0.000050
1440, -15.6136, 0.0001, 0.000050
1441, -20.4318, 0.0046, 0.000050
1442, -21.0698, 0.0027, 0.000050
1443, -23.5909, 0.0015, 0.000050
1444, -17.8636, -0.0015, 0.000050
1445, -17.6364, 0.0003, 0.000050
1446, -15.6591, -0.0030, 0.000050
1447, -22.7209, -0.0026, 0.000050
1448, -20.0909, 0.0003, 0.000050
1449, -21.4318, 0.0015, 0.000050
1450, -20.5227, 0.0007, 0.000050
1451, -18.8636, 0.0008, 0.000050
1452, -22.6977, -0.0046, 0.000050
1453, -19.7955, 0.0021, 0.000050
1454, -21.2273, -0.0045, 0.000050
1455, -23.0682, -0.0004, 0.000050
1456, -21.6512, 0.0010, 0.000050
1457, -15.5227, -0.0043, 0.000050
1458, -19.1136, -0.0100, 0.000050
1459, -20.0000, 0.0002, 0.000050
1460, -23.7045, -0.0022, 0.000050
1461, -20.3864, -0.0034, 0.000050
1462, -20.7045, -0.0076, 0.000050
1463, -22.2955, -0.0064, 0.000050
1464, -20.4318, -0.0072, 0.000050
1465, -23.0455, 0.0003, 0.000050
1466, -23.0455, -0.0064, 0.000050
1467, -22.2273, -0.0068, 0.000050
1468, -20.4545, -0.0108, 0.000050
1469, -23.9091, -0.0069, 0.000050
1470, -17.1818, -0.0159, 0.000050
1471, -19.3636, -0.0038, 0.000050
1472, -23.1818, -0.0059, 0.000050
1473, -17.9545, -0.0058, 0.000050
1474, -21.2045, -0.0004, 0.000050
1475, -18.1818, -0.0049, 0.000050
1476, -20.4545, -0.0106, 0.000050
1477, -20.1364, -0.0032, 0.000050
1478, -19.6818, -0.0025, 0.000050
1479, -23.9773, -0.0038, 0.000050
1480, -18.1364, -0.0057, 0.000050
1481, -18.9318, -0.0134, 0.000050
1482, -16.6818, -0.0055, 0.000050
1483, -19.9091, -0.0123, 0.000050
1484, -17.2093, -0.0054, 0.000050
1485, -22.0000, -0.0013, 0.000050
1486, -20.9091, -0.0077, 0.000050
1487, -24.2857, -0.0057, 0.000050
1488, -21.6818, -0.0083, 0.000050
1489, -20.7442, -0.0098, 0.000050
1490, -20.3864, -0.0127, 0.000050
1491, -24.4318, -0.0055, 0.000050
1492, -20.6818, -0.0092, 0.000050
1493, -25.3488, -0.0022, 0.000050
1494, -25.8409, -0.0022, 0.000050
1495, -18.0000, -0.0050, 0.000050
1496, -17.5227, -0.0054, 0.000050
1497, -22.8837, -0.0050, 0.000050
1498, -16.9545, -0.0077, 0.000050
1499, -20.8864, -0.0095, 0.000050
1500, -27.0455, -0.0005, 0.000050
1501, -22.1591, -0.0096, 0.000050
1502, -24.5000, -0.0060, 0.000050
1503, -19.9091, -0.0053, 0.000050
1504, -17.4773, -0.0061, 0.000050
1505, -21.8182, -0.0086, 0.000050
1506, -20.6591, -0.0143, 0.000050
1507, -20.0000, -0.0097, 0.000050
1508, -20.3256, -0.0127, 0.000050
1509, -20.4091, -0.0100, 0.000050
1510, -22.9545, -0.0050, 0.000050
1511, -22.6136, 0.0016, 0.000050
1512, -17.4091, -0.0048, 0.000050
1513, -19.3636, -0.0024, 0.000050
1514, -17.4545, -0.0106, 0.000050
1515, -21.4545, -0.0069, 0.000050
1516, -17.6364, -0.0029, 0.000050
1517, -22.8182, -0.0016, 0.000050
1518, -21.3953, -0.0082, 0.000050
1519, -18.2273, -0.0094, 0.000050
1520, -19.5682, -0.0015, 0.000050
1521, -21.4318, -0.0077, 0.000050
1522, -21.7500, -0.0094, 0.000050
1523, -19.0227, -0.0090, 0.000050
1524, -20.4545, -0.0023, 0.000050
1525, -19.5455, -0.0028, 0.000050
1526, -15.3409, -0.0067, 0.000050
1527, -19.5116, -0.0042, 0.000050
1528, -21.6136, -0.0074, 0.000050
1529, -19.3409, -0.0096, 0.000050
1530, -16.5455, -0.0055, 0.000050
1531, -15.9545, -0.0055, 0.000050
1532, -19.1364, -0.0115, 0.000050
1533, -19.0455, -0.0029, 0.000050
1534, -19.1591, -0.0121, 0.000050
1535, -20.5227, -0.0066, 0.000050
1536, -16.6279, -0.0057, 0.000050
1537, -21.1905, -0.0090, 0.000050
1538, -21.8636, -0.0089, 0.000050
1539, -22.3636, -0.0056, 0.000050
1540, -24.7955, -0.0040, 0.000050
1541, -20.2045, -0.0038, 0.000050
1542, -17.2273, -0.0081, 0.000050
1543, -19.9545, -0.0115, 0.000050
1544, -18.4091, -0.0123, 0.000050
1545, -20.5455, -0.0037, 0.000050
1546, -21.0455, -0.0024, 0.000050
1547, -18.4545, -0.0140, 0.000050
1548, -25.2143, -0.0027, 0.000050
1549, -24.8409, -0.0030, 0.000050
1550, -24.0682, -0.0041, 0.000050
1551, -18.5909, -0.0143, 0.000050
1552, -21.5682, -0.0011, 0.000050
1553, -22.2045, -0.0045, 0.000050
1554, -23.7045, -0.0033, 0.000050
1555, -17.8636, -0.0044, 0.000050
1556, -23.0909, -0.0035, 0.000050
1557, -18.3864, -0.0035, 0.000050
1558, -23.5455, -0.0023, 0.000050
1559, -16.6591, -0.0036, 0.000050
1560, -22.6818, -0.0040, 0.000050
1561, -22.0909, -0.0073, 0.000050
1562, -21.4318, -0.0005, 0.000050
1563, -20.7727, -0.0079, 0.000050
1564, -22.3636, -0.0075, 0.000050
1565, -23.1429, -0.0042, 0.000050
1566, -21.0455, -0.0108, 0.000050
1567, -17.4318, -0.0053, 0.000050
1568, -16.2500, -0.0056, 0.000050
1569, -21.7500, -0.0119, 0.000050
1570, -21.8409, -0.0063, 0.000050
1571, -21.5909, -0.0060, 0.000050
1572, -23.5227, -0.0037, 0.000050
1573, -17.8864, -0.0050, 0.000050
1574, -20.0227, -0.0097, 0.000050
1575, -17.9773, -0.0112, 0.000050
1576, -16.1591, -0.0043, 0.000050
1577, -20.2727, -0.0094, 0.000050
1578, -21.1818, -0.0070, 0.000050
1579, -19.8636, -0.0015, 0.000050
1580, -18.3636, -0.0040, 0.000050
1581, -19.9545, -0.0032, 0.000050
1582, -26.4545, -0.0069, 0.000050
1583, -21.1591, -0.0056, 0.000050
1584, -17.2727, -0.0064, 0.000050
1585, -22.5455, -0.0061, 0.000050
1586, -17.8864, -0.0051, 0.000050
1587, -15.2619, -0.0094, 0.000050
1588, -21.4884, -0.0106, 0.000050
1589, -20.5455, -0.0084, 0.000050
1590, -22.7727, -0.0025, 0.000050
1591, -24.0682, -0.0046, 0.000050
1592, -17.9318, -0.0055, 0.000050
1593, -23.6136, -0.0028, 0.000050
1594, -20.4318, -0.0027, 0.000050
1595, -19.3864, -0.0105, 0.000050
1596, -21.8636, -0.0056, 0.000050
1597, -15.0455, -0.0085, 0.000050
1598, -22.2955, -0.0083, 0.000050
1599, -23.0000, -0.0012, 0.000050
1600, -17.5682, -0.0062, 0.000050
1601, -27.7045, -0.0036, 0.000050
1602, -15.3636, -0.0102, 0.000050
1603, -18.7273, -0.0075, 0.000050
1604, -20.3182, -0.0123, 0.000050
1605, -16.5682, -0.0066, 0.000050
1606, -15.7500, -0.0161, 0.000050
1607, -18.8409, -0.0111, 0.000050
1608, -20.9091, -0.0111, 0.000050
1609, -21.4318, 0.0002, 0.000050
1610, -22.1860, -0.0019, 0.000050
1611, -20.1591, -0.0070, 0.000050
1612, -21.6591, -0.0040, 0.000050
1613, -19.8864, -0.0089, 0.000050
1614, -19.0000, -0.0121, 0.000050
1615, -18.8182, -0.0065, 0.000050
1616, -18.1591, -0.0095, 0.000050
1617, -18.8636, -0.0021, 0.000050
1618, -21.7955, -0.0046, 0.000050
1619, -21.8605, -0.0080, 0.000050
1620, -16.1364, -0.0060, 0.000050
1621, -21.1136, -0.0010, 0.000050
1622, -18.7857, -0.0107, 0.000050
1623, -14.5227, -0.0075, 0.000050
1624, -20.0909, -0.0082, 0.000050
1625, -20.5000, -0.0100, 0.000050
1626, -20.0000, -0.0079, 0.000050
1627, -25.2955, -0.0028, 0.000050
1628, -17.9091, -0.0036, 0.000050
1629, -14.1136, -0.0060, 0.000050
1630, -19.9091, -0.0075, 0.000050
1631, -16.0682, -0.0038, 0.000050
1632, -21.5909, -0.0004, 0.000050
1633, -20.9318, -0.0100, 0.000050
1634, -17.2558, -0.0031, 0.000050
1635, -24.0227, -0.0014, 0.000050
1636, -19.4773, -0.0095, 0.000050
1637, -18.5227, -0.0017, 0.000050
1638, -21.4091, -0.0042, 0.000050
1639, -17.6364, -0.0105, 0.000050
1640, -19.4545, 0.0001, 0.000050
1641, -19.1905, 0.0001, 0.000050
1642, -23.9091, 0.0004, 0.000050
1643, -20.2727, 0.0019, 0.000050
1644, -16.3864, -0.0078, 0.000050
1645, -18.2045, -0.0106, 0.000050
1646, -17.4318, -0.0011, 0.000050
1647, -26.6818, 0.0014, 0.000050
1648, -19.7273, -0.0071, 0.000050
1649, -18.7955, -0.0075, 0.000050
1650, -19.6591, -0.0054, 0.000050
1651, -18.7907, 0.0013, 0.000050
1652, -22.3636, -0.0012, 0.000050
1653, -18.7727, 0.0011, 0.000050
1654, -18.8409, 0.0002, 0.000050
1655, -17.2727, -0.0026, 0.000050
1656, -18.4773, -0.0075, 0.000050
1657, -25.0000, -0.0011, 0.000050
1658, -19.3636, -0.0060, 0.000050
1659, -19.5000, -0.0089, 0.000050
1660, -17.3636, -0.0108, 0.000050
1661, -17.3864, 0.0003, 0.000050
1662, -19.1136, -0.0067, 0.000050
1663, -19.4091, 0.0020, 0.000050
1664, -19.8409, -0.0058, 0.000050
1665, -15.4773, -0.0079, 0.000050
1666, -21.7273, 0.0036, 0.000050
1667, -18.4884, -0.0002, 0.000050
1668, -16.0909, -0.0042, 0.000050
1669, -19.5909, -0.0047, 0.000050
1670, -16.8636, -0.0027, 0.000050
1671, -18.2273, -0.0082, 0.000050
1672, -18.1364, -0.0007, 0.000050
1673, -22.5909, -0.0051, 0.000050
1674, -21.4773, -0.0034, 0.000050
1675, -19.3636, -0.0064, 0.000050
1676, -21.6136, -0.0044, 0.000050
1677, -23.5227, -0.0031, 0.000050
1678, -19.7273, -0.0007, 0.000050
1679, -21.8864, -0.0042, 0.000050
1680, -25.3636, -0.0010, 0.000050
1681, -20.5814, -0.0082, 0.000050
1682, -23.2727, -0.0021, 0.000050
1683, -15.5909, -0.0046, 0.000050
1684, -21.5116, -0.0012, 0.000050
1685, -18.6364, -0.0105, 0.000050
1686, -21.5000, -0.0043, 0.000050
1687, -20.9091, -0.0075, 0.000050
1688, -18.9545, -0.0028, 0.000050
1689, -25.7045, -0.0042, 0.000050
1690, -20.5000, -0.0083, 0.000050
1691, -15.1818, -0.0068, 0.000050
1692, -18.6364, -0.0112, 0.000050
1693, -19.8864, -0.0096, 0.000050
1694, -18.8409, -0.0041, 0.000050
1695, -22.1860, -0.0012, 0.000050
1696, -18.4318, -0.0135, 0.000050
1697, -21.5455, -0.0057, 0.000050
1698, -18.5455, -0.0034, 0.000050
1699, -19.5909, -0.0076, 0.000050
1700, -20.1136, -0.0108, 0.000050
1701, -20.0227, -0.0082, 0.000050
1702, -20.5349, -0.0020, 0.000050
1703, -17.1364, -0.0024, 0.000050
1704, -18.8837, -0.0091, 0.000050
1705, -19.3409, -0.0062, 0.000050
1706, -23.0000, -0.0052, 0.000050
1707, -24.1364, -0.0007, 0.000050
1708, -23.2500, -0.0012, 0.000050
1709, -18.1136, -0.0027, 0.000050
1710, -18.0227, -0.0029, 0.000050
1711, -20.5682, -0.0101, 0.000050
1712, -16.5116, -0.0059, 0.000050
1713, -17.8605, -0.0044, 0.000050
1714, -24.5000, -0.0013, 0.000050
1715, -20.6190, -0.0007, 0.000050
1716, -20.2273, -0.0129, 0.000050
1717, -19.7273, -0.0094, 0.000050
1718, -23.7209, 0.0007, 0.000050
1719, -24.4318, -0.0019, 0.000050
1720, -16.9545, -0.0059, 0.000050
1721, -17.5909, -0.0028, 0.000050
1722, -20.8182, -0.0057, 0.000050
1723, -23.7273, -0.0041, 0.000050
1724, -23.7045, -0.0030, 0.000050
1725, -21.4091, -0.0081, 0.000050
1726, -17.5000, -0.0040, 0.000050
1727, -22.6818, -0.0042, 0.000050
1728, -22.2955, -0.0108, 0.000050
1729, -20.5000, -0.0087, 0.000050
1730, -23.7727, -0.0027, 0.000050
1731, -16.1364, -0.0050, 0.000050
1732, -24.1818, -0.0030, 0.000050
1733, -18.8810, -0.0055, 0.000050
1734, -19.6591, -0.0026, 0.000050
1735, -20.9091, -0.0073, 0.000050
1736, -23.0227, -0.0036, 0.000050
1737, -18.0227, -0.0055, 0.000050
1738, -18.7500, -0.0038, 0.000050
1739, -25.5909, -0.0028, 0.000050
1740, -23.7727, -0.0073, 0.000050
1741, -18.3864, -0.0153, 0.000050
1742, -16.4091, -0.0051, 0.000050
1743, -19.1591, -0.0105, 0.000050
1744, -20.8182, -0.0028, 0.000050
1745, -19.3636, -0.0087, 0.000050
1746, -17.2500, -0.0022, 0.000050
1747, -15.8409, -0.0003, 0.000050
1748, -22.1818, -0.0028, 0.000050
1749, -18.7273, -0.0069, 0.000050
1750, -18.8409, -0.0005, 0.000050
1751, -18.6977, -0.0062, 0.000050
1752, -20.6136, -0.0029, 0.000050
1753, -19.0909, -0.0082, 0.000050
1754, -18.1364, -0.0010, 0.000050
1755, -20.8864, -0.0048, 0.000050
1756, -19.7045, -0.0092, 0.000050
1757, -15.5227, -0.0051, 0.000050
1758, -17.2045, -0.0021, 0.000050
1759, -20.3864, -0.0068, 0.000050
1760, -17.9773, -0.0019, 0.000050
1761, -23.0682, -0.0004, 0.000050
1762, -21.3409, 0.0016, 0.000050
1763, -19.2727, -0.0056, 0.000050
1764, -22.2727, -0.0050, 0.000050
1765, -17.7727, -0.0095, 0.000050
1766, -20.6136, -0.0002, 0.000050
1767, -15.9545, -0.0054, 0.000050
1768, -22.8409, -0.0037, 0.000050
1769, -25.3864, -0.0034, 0.000050
1770, -16.7442, -0.0043, 0.000050
1771, -19.8636, -0.0098, 0.000050
1772, -18.7907, -0.0027, 0.000050
1773, -22.2727, -0.0064, 0.000050
1774, -25.1364, -0.0042, 0.000050
1775, -19.7273, -0.0107, 0.000050
1776, -21.4318, 0.0015, 0.000050
1777, -16.7045, -0.0029, 0.000050
1778, -20.6136, -0.0065, 0.000050
1779, -15.6136, -0.0055, 0.000050
1780, -20.8864, -0.0092, 0.000050
1781, -15.6364, -0.0043, 0.000050
1782, -18.0455, -0.0086, 0.000050
1783, -21.7727, 0.0014, 0.000050
1784, -16.9318, -0.0020, 0.000050
1785, -20.7955, -0.0082, 0.000050
1786, -21.3182, 0.0014, 0.000050
1787, -21.5000, -0.0029, 0.000050
1788, -18.0227, -0.0063, 0.000050
1789, -19.8409, -0.0041, 0.000050
1790, -21.6136, -0.0000, 0.000050
1791, -21.0227, -0.0002, 0.000050
1792, -19.5116, -0.0099, 0.000050
1793, -11.5682, -0.0088, 0.000050
1794, -19.5909, -0.0061, 0.000050
1795, -19.6364, -0.0052, 0.000050
1796, -21.4318, -0.0038, 0.000050
1797, -22.9318, -0.0024, 0.000050
1798, -22.5455, -0.0028, 0.000050
1799, -14.6136, -0.0063, 0.000050
1800, -20.9545, -0.0056, 0.000050
1801, -17.1818, -0.0099, 0.000050
1802, -17.1818, -0.0031, 0.000050
1803, -18.8409, -0.0019, 0.000050
1804, -21.2727, -0.0082, 0.000050
1805, -22.6591, -0.0018, 0.000050
1806, -19.3409, -0.0041, 0.000050
1807, -21.7273, -0.0050, 0.000050
1808, -23.2273, -0.0037, 0.000050
1809, -15.0455, -0.0043, 0.000050
1810, -20.3864, -0.0008, 0.000050
1811, -23.7045, 0.0005, 0.000050
1812, -19.6818, -0.0060, 0.000050
1813, -18.7273, -0.0022, 0.000050
1814, -22.4545, -0.0037, 0.000050
1815, -21.9773, -0.0050, 0.000050
1816, -23.8636, -0.0024, 0.000050
1817, -17.5000, -0.0035, 0.000050
1818, -18.7955, -0.0075, 0.000050
1819, -22.5909, -0.0084, 0.000050
1820, -20.5227, -0.0023, 0.000050
1821, -20.7727, -0.0060, 0.000050
1822, -18.2727, -0.0016, 0.000050
1823, -21.5682, -0.0099, 0.000050
1824, -17.1818, -0.0108, 0.000050
1825, -25.4318, -0.0021, 0.000050
1826, -18.2045, -0.0019, 0.000050
1827, -18.6136, -0.0083, 0.000050
1828, -19.1364, -0.0067, 0.000050
1829, -16.8409, -0.0028, 0.000050
1830, -17.5455, -0.0030, 0.000050
1831, -20.0227, 0.0001, 0.000050
1832, -17.9545, -0.0091, 0.000050
1833, -18.2727, -0.0044, 0.000050
1834, -17.6591, -0.0024, 0.000050
1835, -27.1136, 0.0011, 0.000050
1836, -19.8864, -0.0084, 0.000050
1837, -24.0227, -0.0070, 0.000050
1838, -21.2955, -0.0099, 0.000050
1839, -25.6364, 0.0004, 0.000050
1840, -24.4318, -0.0028, 0.000050
1841, -17.9545, -0.0011, 0.000050
1842, -18.5455, -0.0012, 0.000050
1843, -21.9091, -0.0030, 0.000050
1844, -20.9773, 0.0001, 0.000050
1845, -18.5455, -0.0099, 0.000050
1846, -16.7500, -0.0040, 0.000050
1847, -24.3636, -0.0024, 0.000050
1848, -24.2500, -0.0077, 0.000050
1849, -28.6429, 0.0039, 0.000050
1850, -23.9545, -0.0046, 0.000050
1851, -25.4091, 0.0006, 0.000050
1852, -20.9545, -0.0053, 0.000050
1853, -20.5909, -0.0085, 0.000050
1854, -22.8333, 0.0015, 0.000050
1855, -23.7273, -0.0028, 0.000050
1856, -18.7727, -0.0099, 0.000050
1857, -21.8571, -0.0001, 0.000050
1858, -18.4091, -0.0076, 0.000050
1859, -15.6364, -0.0037, 0.000050
1860, -21.6818, 0.0014, 0.000050
1861, -16.4318, -0.0026, 0.000050
1862, -21.6364, -0.0094, 0.000050
1863, -18.2727, -0.0015, 0.000050
1864, -20.1818, -0.0050, 0.000050
1865, -20.3636, 0.0010, 0.000050
1866, -18.0000, -0.0028, 0.000050
1867, -20.7500, -0.0039, 0.000050
1868, -23.1364, -0.0038, 0.000050
1869, -20.8864, -0.0067, 0.000050
1870, -16.2045, -0.0033, 0.000050
1871, -18.9318, -0.0008, 0.000050
1872, -22.2955, -0.0016, 0.000050
1873, -23.0000, -0.0018, 0.000050
1874, -24.4318, -0.0012, 0.000050
1875, -23.7045, -0.0019, 0.000050
1876, -26.6744, -0.0023, 0.000050
1877, -18.5455, -0.0036, 0.000050
1878, -17.5000, -0.0128, 0.000050
1879, -20.2045, -0.0096, 0.000050
1880, -19.8864, -0.0003, 0.000050
1881, -16.9773, -0.0031, 0.000050
1882, -18.6364, -0.0018, 0.000050
1883, -19.9535, -0.0071, 0.000050
1884, -21.2273, -0.0072, 0.000050
1885, -23.2273, -0.0027, 0.000050
1886, -20.6591, -0.0042, 0.000050
1887, -20.5909, -0.0074, 0.000050
1888, -19.0682, -0.0027, 0.000050
1889, -17.9773, -0.0125, 0.000050
1890, -24.3953, 0.0016, 0.000050
1891, -22.1818, -0.0035, 0.000050
1892, -22.2955, -0.0002, 0.000050
1893, -24.9773, 0.0002, 0.000050
1894, -23.2727, -0.0014, 0.000050
1895, -20.7045, -0.0053, 0.000050
1896, -22.0465, -0.0025, 0.000050
1897, -21.7045, -0.0050, 0.000050
1898, -18.5682, -0.0090, 0.000050
1899, -21.2273, -0.0049, 0.000050
1900, -19.6818, -0.0053, 0.000050
1901, -20.9070, -0.0080, 0.000050
1902, -22.3409, -0.0070, 0.000050
1903, -16.9318, -0.0110, 0.000050
1904, -18.1591, -0.0027, 0.000050
1905, -24.0698, -0.0035, 0.000050
1906, -20.6818, -0.0007, 0.000050
1907, -25.5000, -0.0017, 0.000050
1908, -21.6818, -0.0070, 0.000050
1909, -21.5227, -0.0076, 0.000050
1910, -17.0227, -0.0047, 0.000050
1911, -14.9773, -0.0054, 0.000050
1912, -24.1591, -0.0035, 0.000050
1913, -18.8333, -0.0037, 0.000050
1914, -19.1818, -0.0092, 0.000050
1915, -19.0682, -0.0106, 0.000050
1916, -20.7500, -0.0048, 0.000050
1917, -17.7500, -0.0044, 0.000050
1918, -18.9773, -0.0111, 0.000050
1919, -20.9091, -0.0028, 0.000050
1920, -19.2045, -0.0109, 0.000050
1921, -20.4091, -0.0067, 0.000050
1922, -18.9318, -0.0116, 0.000050
1923, -21.1591, -0.0057, 0.000050
1924, -31.1364, 0.0022, 0.000050
1925, -17.5909, -0.0065, 0.000050
1926, -21.0000, -0.0122, 0.000050
1927, -21.7045, -0.0107, 0.000050
1928, -18.0682, -0.0121, 0.000050
1929, -22.9318, -0.0068, 0.000050
1930, -20.7727, -0.0049, 0.000050
1931, -21.9302, -0.0066, 0.000050
1932, -19.5000, -0.0094, 0.000050
1933, -18.7273, -0.0005, 0.000050
1934, -17.3182, -0.0025, 0.000050
1935, -23.3864, -0.0004, 0.000050
1936, -19.8372, -0.0003, 0.000050
1937, -20.0227, -0.0018, 0.000050
1938, -17.2500, -0.0024, 0.000050
1939, -17.7273, -0.0030, 0.000050
1940, -21.8864, -0.0040, 0.000050
1941, -21.9091, -0.0035, 0.000050
1942, -15.5909, -0.0066, 0.000050
1943, -18.4773, -0.0025, 0.000050
1944, -22.6829, -0.0055, 0.000050
1945, -20.7727, -0.0048, 0.000050
1946, -18.3409, -0.0020, 0.000050
1947, -18.8636, -0.0088, 0.000050
1948, -26.3409, -0.0007, 0.000050
1949, -21.5814, -0.0088, 0.000050
1950, -14.3182, -0.0076, 0.000050
1951, -22.2727, -0.0066, 0.000050
1952, -17.6591, -0.0028, 0.000050
1953, -22.2273, -0.0071, 0.000050
1954, -18.9545, -0.0026, 0.000050
1955, -21.6364, -0.0014, 0.000050
1956, -26.1136, -0.0024, 0.000050
1957, -18.8636, -0.0105, 0.000050
1958, -20.6136, -0.0068, 0.000050
1959, -21.1364, -0.0104, 0.000050
1960, -17.0909, -0.0050, 0.000050
1961, -19.9773, -0.0027, 0.000050
1962, -18.9545, -0.0117, 0.000050
1963, -16.9773, -0.0049, 0.000050
1964, -19.8182, -0.0090, 0.000050
1965, -22.5455, -0.0065, 0.000050
1966, -19.3636, -0.0117, 0.000050
1967, -18.2045, -0.0019, 0.000050
1968, -16.7955, -0.0044, 0.000050
1969, -17.8182, -0.0092, 0.000050
1970, -21.6364, -0.0020, 0.000050
1971, -19.9773, -0.0059, 0.000050
1972, -17.2727, -0.0019, 0.000050
1973, -19.4186, -0.0056, 0.000050
1974, -21.9545, -0.0035, 0.000050
1975, -23.5455, -0.0029, 0.000050
1976, -19.9091, -0.0079, 0.000050
1977, -17.5227, -0.0035, 0.000050
1978, -20.8182, -0.0082, 0.000050
1979, -22.1818, -0.0009, 0.000050
1980, -19.7209, -0.0093, 0.000050
1981, -22.1591, -0.0040, 0.000050
1982, -22.9545, 0.0015, 0.000050
1983, -22.0000, -0.0035, 0.000050
1984, -16.7045, -0.0017, 0.000050
1985, -23.7727, 0.0000, 0.000050
1986, -23.4091, -0.0020, 0.000050
1987, -16.0909, -0.0026, 0.000050
1988, -19.3488, 0.0013, 0.000050
1989, -18.8864, -0.0070, 0.000050
1990, -22.3636, -0.0041, 0.000050
1991, -21.2727, -0.0056, 0.000050
1992, -22.8182, -0.0059, 0.000050
1993, -22.5581, -0.0067, 0.000050
1994, -21.1364, -0.0033, 0.000050
1995, -17.4318, -0.0014, 0.000050
1996, -20.1818, -0.0052, 0.000050
1997, -18.6977, 0.0002, 0.000050
1998, -20.1136, -0.0068, 0.000050
1999, -23.4318, -0.0033, 0.000050
2000, -19.0909, -0.0076, 0.000050
2001, -20.7045, -0.0073, 0.000050
2002, -22.0909, -0.0057, 0.000050
2003, -22.0227, -0.0043, 0.000050
2004, -18.0682, -0.0057, 0.000050
2005, -18.5909, -0.0003, 0.000050
2006, -23.1818, -0.0009, 0.000050
2007, -21.0000, -0.0026, 0.000050
2008, -23.0682, -0.0031, 0.000050
2009, -16.6591, -0.0118, 0.000050
2010, -19.6591, -0.0083, 0.000050
2011, -21.0227, -0.0028, 0.000050
2012, -18.7273, -0.0004, 0.000050
2013, -17.4545, -0.0110, 0.000050
2014, -20.4091, -0.0047, 0.000050
2015, -16.7727, -0.0002, 0.000050
2016, -22.0227, 0.0036, 0.000050
2017, -14.2500, -0.0048, 0.000050
2018, -20.7955, -0.0018, 0.000050
2019, -20.7273, -0.0032, 0.000050
2020, -21.5000, -0.0040, 0.000050
2021, -20.6136, 0.0022, 0.000050
2022, -21.7955, -0.0056, 0.000050
2023, -20.2045, -0.0064, 0.000050
2024, -21.8182, 0.0002, 0.000050
2025, -19.2955, -0.0049, 0.000050
2026, -19.9545, 0.0005, 0.000050
2027, -21.1818, -0.0031, 0.000050
2028, -23.5682, -0.0007, 0.000050
2029, -22.0455, -0.0040, 0.000050
2030, -19.4048, 0.0006, 0.000050
2031, -24.8182, -0.0035, 0.000050
2032, -18.7500, -0.0072, 0.000050
2033, -20.1163, -0.0007, 0.000050
2034, -21.2045, -0.0031, 0.000050
2035, -17.7727, -0.0031, 0.000050
2036, -22.8140, -0.0045, 0.000050
2037, -17.5909, -0.0023, 0.000050
2038, -19.7273, -0.0016, 0.000050
2039, -20.4773, -0.0127, 0.000050
2040, -22.4318, -0.0039, 0.000050
2041, -16.3333, -0.0039, 0.000050
2042, -20.7727, -0.0027, 0.000050
2043, -17.6364, -0.0116, 0.000050
2044, -21.5952, -0.0012, 0.000050
2045, -17.8372, -0.0022, 0.000050
2046, -19.0909, 0.0001, 0.000050
2047, -18.6512, -0.0009, 0.000050
2048, -20.5116, -0.0053, 0.000050
2049, -25.3636, -0.0003, 0.000050
2050, -18.8182, -0.0083, 0.000050
2051, -22.0682, 0.0009, 0.000050
2052, -17.4091, -0.0030, 0.000050
2053, -16.6136, -0.0030, 0.000050
2054, -20.2273, -0.0057, 0.000050
2055, -18.4773, -0.0094, 0.000050
2056, -24.5227, -0.0005, 0.000050
2057, -21.0682, -0.0086, 0.000050
2058, -21.4545, -0.0052, 0.000050
2059, -18.7955, -0.0005, 0.000050
2060, -22.6136, -0.0049, 0.000050
2061, -19.0682, -0.0024, 0.000050
2062, -19.7727, -0.0064, 0.000050
2063, -18.5227, -0.0031, 0.000050
2064, -24.8182, -0.0012, 0.000050
2065, -16.6591, -0.0047, 0.000050
2066, -23.1364, -0.0063, 0.000050
2067, -19.2955, -0.0045, 0.000050
2068, -13.7500, -0.0073, 0.000050
2069, -22.6364, -0.0090, 0.000050
2070, -22.8864, -0.0032, 0.000050
2071, -18.7727, -0.0104, 0.000050
2072, -14.9545, -0.0037, 0.000050
2073, -23.6364, 0.0005, 0.000050
2074, -21.8182, -0.0075, 0.000050
2075, -20.3721, -0.0073, 0.000050
2076, -21.4318, -0.0021, 0.000050
2077, -22.7500, -0.0010, 0.000050
2078, -23.5000, 0.0013, 0.000050
2079, -17.8636, -0.0042, 0.000050
2080, -20.5455, -0.0016, 0.000050
2081, -23.1818, -0.0012, 0.000050
2082, -22.4091, -0.0017, 0.000050
2083, -21.0455, -0.0036, 0.000050
2084, -23.2273, -0.0017, 0.000050
2085, -22.8636, -0.0060, 0.000050
2086, -17.6818, -0.0018, 0.000050
2087, -16.9773, -0.0013, 0.000050
2088, -23.9545, -0.0023, 0.000050
2089, -19.7500, -0.0066, 0.000050
2090, -24.6136, -0.0036, 0.000050
2091, -25.9545, 0.0024, 0.000050
2092, -22.7955, -0.0056, 0.000050
2093, -20.3636, -0.0054, 0.000050
2094, -20.0909, -0.0057, 0.000050
2095, -20.5455, -0.0026, 0.000050
2096, -20.2727, -0.0042, 0.000050
2097, -17.3953, -0.0003, 0.000050
2098, -14.4091, -0.0046, 0.000050
2099, -21.7273, -0.0013, 0.000050
2100, -20.3409, -0.0052, 0.000050
2101, -18.5682, -0.0006, 0.000050
2102, -17.4318, -0.0014, 0.000050
2103, -20.9545, -0.0032, 0.000050
2104, -19.5682, -0.0077, 0.000050
2105, -19.5000, -0.0003, 0.000050
2106, -22.8636, 0.0005, 0.000050
2107, -16.6591, -0.0033, 0.000050
2108, -19.6364, -0.0060, 0.000050
2109, -19.5682, -0.0001, 0.000050
2110, -17.9545, -0.0099, 0.000050
2111, -23.2273, 0.0016, 0.000050
2112, -22.9318, 0.0002, 0.000050
2113, -13.9773, -0.0038, 0.000050
2114, -21.0455, -0.0052, 0.000050
2115, -19.5909, 0.0003, 0.000050
2116, -22.5455, -0.0064, 0.000050
2117, -20.5682, 0.0011, 0.000050
2118, -19.7955, 0.0006, 0.000050
2119, -22.2045, -0.0034, 0.000050
2120, -24.9091, -0.0006, 0.000050
2121, -16.9318, -0.0026, 0.000050
2122, -27.7273, 0.0024, 0.000050
2123, -21.0682, -0.0071, 0.000050
2124, -21.9091, 0.0021, 0.000050
2125, -24.5909, 0.0004, 0.000050
2126, -16.3409, -0.0054, 0.000050
2127, -22.2500, -0.0062, 0.000050
2128, -19.9091, -0.0049, 0.000050
2129, -17.9773, -0.0008, 0.000050
2130, -24.5455, 0.0008, 0.000050
2131, -17.2045, -0.0011, 0.000050
2132, -28.3023, 0.0025, 0.000050
2133, -22.2727, -0.0058, 0.000050
2134, -19.9773, -0.0082, 0.000050
2135, -18.0000, -0.0022, 0.000050
2136, -22.6136, -0.0066, 0.000050
2137, -23.9318, 0.0001, 0.000050
2138, -22.4318, 0.0020, 0.000050
2139, -18.7045, -0.0093, 0.000050
2140, -20.4773, -0.0043, 0.000050
2141, -19.3409, -0.0072, 0.000050
2142, -21.5227, 0.0007, 0.000050
2143, -25.0682, 0.0006, 0.000050
2144, -18.7955, -0.0063, 0.000050
2145, -18.5000, 0.0011, 0.000050
2146, -24.7273, 0.0005, 0.000050
2147, -22.1136, -0.0046, 0.000050
2148, -24.2273, -0.0001, 0.000050
2149, -23.6364, -0.0044, 0.000050
2150, -23.0682, -0.0082, 0.000050
2151, -21.6818, -0.0063, 0.000050
2152, -21.6364, -0.0053, 0.000050
2153, -23.2500, -0.0018, 0.000050
2154, -22.3256, -0.0027, 0.000050
2155, -22.4318, -0.0053, 0.000050
2156, -22.3864, -0.0022, 0.000050
2157, -21.0227, -0.0070, 0.000050
2158, -23.9524, -0.0047, 0.000050
2159, -17.7045, -0.0023, 0.000050
2160, -25.0682, -0.0035, 0.000050
2161, -22.6136, -0.0071, 0.000050
2162, -21.5682, -0.0099, 0.000050
2163, -22.0000, -0.0030, 0.000050
2164, -21.2955, -0.0058, 0.000050
2165, -20.3864, -0.0073, 0.000050
2166, -16.3182, -0.0059, 0.000050
2167, -20.2955, -0.0112, 0.000050
2168, -17.8864, -0.0020, 0.000050
2169, -17.8409, -0.0079, 0.000050
2170, -21.8636, -0.0056, 0.000050
2171, -19.3864, -0.0017, 0.000050
2172, -25.4773, -0.0011, 0.000050
2173, -24.4773, -0.0024, 0.000050
2174, -19.0227, -0.0029, 0.000050
2175, -20.1364, -0.0041, 0.000050
2176, -23.0227, -0.0058, 0.000050
2177, -18.1364, -0.0118, 0.000050
2178, -17.8409, -0.0041, 0.000050
2179, -17.3182, -0.0046, 0.000050
2180, -18.6136, -0.0059, 0.000050
2181, -20.6364, -0.0007, 0.000050
2182, -19.6136, -0.0107, 0.000050
2183, -20.8182, -0.0023, 0.000050
2184, -23.3864, -0.0092, 0.000050
2185, -23.3636, -0.0046, 0.000050
2186, -20.8182, -0.0065, 0.000050
2187, -24.4091, -0.0086, 0.000050
2188, -19.4091, -0.0025, 0.000050
2189, -22.2045, -0.0098, 0.000050
2190, -16.4091, -0.0066, 0.000050
2191, -21.9545, -0.0090, 0.000050
2192, -21.7727, -0.0059, 0.000050
2193, -27.8182, -0.0034, 0.000050
2194, -26.0000, -0.0033, 0.000050
2195, -18.9545, -0.0042, 0.000050
2196, -17.0000, -0.0072, 0.000050
2197, -15.1818, -0.0092, 0.000050
2198, -15.4419, -0.0088, 0.000050
2199, -20.2791, -0.0115, 0.000050
2200, -18.2955, -0.0055, 0.000050
2201, -20.3636, -0.0094, 0.000050
2202, -19.8636, -0.0023, 0.000050
2203, -25.8182, -0.0046, 0.000050
2204, -22.7045, -0.0082, 0.000050
2205, -19.2500, -0.0100, 0.000050
2206, -22.6364, -0.0086, 0.000050
2207, -20.7727, -0.0109, 0.000050
2208, -18.2500, -0.0167, 0.000050
2209, -22.2273, -0.0060, 0.000050
2210, -18.6364, -0.0036, 0.000050
2211, -21.4545, -0.0005, 0.000050
2212, -20.2955, -0.0118, 0.000050
2213, -22.1591, -0.0071, 0.000050
2214, -22.3721, -0.0025, 0.000050
2215, -21.7273, -0.0073, 0.000050
2216, -18.3721, -0.0120, 0.000050
2217, -26.6364, 0.0023, 0.000050
2218, -18.3864, -0.0011, 0.000050
2219, -20.5455, 0.0009, 0.000050
2220, -19.5349, -0.0007, 0.000050
2221, -26.2727, 0.0001, 0.000050
2222, -26.9091, 0.0028, 0.000050
2223, -24.3864, -0.0036, 0.000050
2224, -19.4545, -0.0014, 0.000050
2225, -22.2955, -0.0016, 0.000050
2226, -26.8864, -0.0026, 0.000050
2227, -20.3182, -0.0018, 0.000050
2228, -22.1136, -0.0010, 0.000050
2229, -20.0455, -0.0106, 0.000050
2230, -20.7955, -0.0009, 0.000050
2231, -20.6190, -0.0016, 0.000050
2232, -21.9318, -0.0061, 0.000050
2233, -22.3409, -0.0045, 0.000050
2234, -16.8864, -0.0069, 0.000050
2235, -22.8182, -0.0051, 0.000050
2236, -23.9773, -0.0076, 0.000050
2237, -22.6136, -0.0050, 0.000050
2238, -22.1591, -0.0060, 0.000050
2239, -19.7955, -0.0023, 0.000050
2240, -24.7727, -0.0018, 0.000050
2241, -23.2500, -0.0038, 0.000050
2242, -22.0455, -0.0039, 0.000050
2243, -21.9318, -0.0064, 0.000050
2244, -19.7045, -0.0050, 0.000050
2245, -22.8182, -0.0093, 0.000050
2246, -21.0000, -0.0091, 0.000050
2247, -17.4545, -0.0057, 0.000050
2248, -25.1364, -0.0015, 0.000050
2249, -21.0455, -0.0022, 0.000050
2250, -22.7273, -0.0116, 0.000050
2251, -17.7045, -0.0046, 0.000050
2252, -18.2955, -0.0040, 0.000050
2253, -19.5227, -0.0103, 0.000050
2254, -21.7955, -0.0057, 0.000050
2255, -18.0227, -0.0140, 0.000050
2256, -18.5227, -0.0102, 0.000050
2257, -23.0909, 0.0018, 0.000050
2258, -15.0909, -0.0061, 0.000050
2259, -21.2045, -0.0035, 0.000050
2260, -24.0455, -0.0016, 0.000050
2261, -20.1667, -0.0078, 0.000050
2262, -20.5000, -0.0021, 0.000050
2263, -17.4419, -0.0023, 0.000050
2264, -21.7727, -0.0048, 0.000050
2265, -23.8182, -0.0037, 0.000050
2266, -18.6591, -0.0078, 0.000050
2267, -22.4318, -0.0025, 0.000050
2268, -18.9545, -0.0097, 0.000050
2269, -25.1591, -0.0039, 0.000050
2270, -24.1818, -0.0053, 0.000050
2271, -21.1364, -0.0005, 0.000050
2272, -22.6744, -0.0034, 0.000050
2273, -21.1136, -0.0060, 0.000050
2274, -23.8864, -0.0018, 0.000050
2275, -22.5909, -0.0049, 0.000050
2276, -16.8333, -0.0062, 0.000050
2277, -22.7500, -0.0074, 0.000050
2278, -28.9091, 0.0003, 0.000050
2279, -24.5116, -0.0022, 0.000050
2280, -19.0455, -0.0130, 0.000050
2281, -16.9318, -0.0047, 0.000050
2282, -19.8636, -0.0080, 0.000050
2283, -22.6364, -0.0038, 0.000050
2284, -19.2273, -0.0078, 0.000050
2285, -24.3571, -0.0042, 0.000050
2286, -18.8864, -0.0022, 0.000050
2287, -21.6591, -0.0048, 0.000050
2288, -20.0455, -0.0010, 0.000050
2289, -23.0000, -0.0073, 0.000050
2290, -20.6364, -0.0110, 0.000050
2291, -16.5909, -0.0041, 0.000050
2292, -19.1364, -0.0117, 0.000050
2293, -20.7955, -0.0099, 0.000050
2294, -22.5000, -0.0034, 0.000050
2295, -20.5682, -0.0011, 0.000050
2296, -19.3636, -0.0015, 0.000050
2297, -17.3636, -0.0043, 0.000050
2298, -19.1818, -0.0013, 0.000050
2299, -18.5227, -0.0022, 0.000050
2300, -26.0455, -0.0054, 0.000050
2301, -16.7955, -0.0036, 0.000050
2302, -25.0000, -0.0012, 0.000050
2303, -21.9302, -0.0050, 0.000050
2304, -16.0227, -0.0058, 0.000050
2305, -27.8409, 0.0018, 0.000050
2306, -17.0930, -0.0052, 0.000050
2307, -17.3636, -0.0047, 0.000050
2308, -21.1591, -0.0020, 0.000050
2309, -22.8636, -0.0107, 0.000050
2310, -22.6136, -0.0064, 0.000050
2311, -26.6429, -0.0067, 0.000050
2312, -17.7045, -0.0043, 0.000050
2313, -21.7045, -0.0060, 0.000050
2314, -20.2500, -0.0020, 0.000050
2315, -20.0952, -0.0062, 0.000050
2316, -21.5682, -0.0074, 0.000050
2317, -22.1591, -0.0079, 0.000050
2318, -22.0000, -0.0060, 0.000050
2319, -19.0227, -0.0152, 0.000050
2320, -18.5909, -0.0021, 0.000050
2321, -17.5714, -0.0022, 0.000050
2322, -20.3721, -0.0006, 0.000050
2323, -24.7045, -0.0050, 0.000050
2324, -20.6818, -0.0046, 0.000050
2325, -20.1591, -0.0027, 0.000050
2326, -15.2727, -0.0064, 0.000050
2327, -24.7727, -0.0032, 0.000050
2328, -21.2273, -0.0092, 0.000050
2329, -15.2500, -0.0141, 0.000050
2330, -17.5349, -0.0043, 0.000050
2331, -19.7045, -0.0021, 0.000050
2332, -19.0698, -0.0034, 0.000050
2333, -24.4762, -0.0029, 0.000050
2334, -17.4091, -0.0035, 0.000050
2335, -20.8182, -0.0089, 0.000050
2336, -18.7273, -0.0026, 0.000050
2337, -20.1429, -0.0027, 0.000050
2338, -26.9091, -0.0008, 0.000050
2339, -21.4318, -0.0051, 0.000050
2340, -17.8140, -0.0097, 0.000050
2341, -23.1591, -0.0073, 0.000050
2342, -18.7727, -0.0023, 0.000050
2343, -21.6744, -0.0055, 0.000050
2344, -17.1136, -0.0117, 0.000050
2345, -19.1818, -0.0084, 0.000050
2346, -22.1591, -0.0059, 0.000050
2347, -25.7500, -0.0016, 0.000050
2348, -19.7955, -0.0086, 0.000050
2349, -15.3864, -0.0081, 0.000050
2350, -25.8409, -0.0055, 0.000050
2351, -20.7273, -0.0030, 0.000050
2352, -24.2727, -0.0024, 0.000050
2353, -19.3182, -0.0057, 0.000050
2354, -28.5455, -0.0007, 0.000050
2355, -22.9773, -0.0089, 0.000050
2356, -23.0000, -0.0075, 0.000050
2357, -22.3182, -0.0100, 0.000050
2358, -21.5455, -0.0040, 0.000050
2359, -15.1364, -0.0111, 0.000050
2360, -18.7955, -0.0142, 0.000050
2361, -20.8409, -0.0034, 0.000050
2362, -18.1818, -0.0129, 0.000050
2363, -20.0000, -0.0112, 0.000050
2364, -19.7955, -0.0100, 0.000050
2365, -22.5682, -0.0057, 0.000050
2366, -21.4091, -0.0012, 0.000050
2367, -19.4773, -0.0036, 0.000050
2368, -18.2500, -0.0116, 0.000050
2369, -18.2955, -0.0099, 0.000050
2370, -22.2727, -0.0119, 0.000050
2371, -20.8864, -0.0057, 0.000050
2372, -17.8636, -0.0033, 0.000050
2373, -20.3182, -0.0088, 0.000050
2374, -23.0000, -0.0081, 0.000050
2375, -25.2381, -0.0059, 0.000050
2376, -20.7500, -0.0060, 0.000050
2377, -20.8182, -0.0069, 0.000050
2378, -21.8182, -0.0061, 0.000050
2379, -19.3409, -0.0106, 0.000050
2380, -22.7727, -0.0038, 0.000050
2381, -23.0000, -0.0041, 0.000050
2382, -21.1364, -0.0049, 0.000050
2383, -24.2273, -0.0001, 0.000050
2384, -26.4091, -0.0002, 0.000050
2385, -18.0909, -0.0021, 0.000050
2386, -20.1364, -0.0066, 0.000050
2387, -18.3409, -0.0032, 0.000050
2388, -21.2045, -0.0069, 0.000050
2389, -24.2045, -0.0044, 0.000050
2390, -22.0000, -0.0062, 0.000050
2391, -16.4091, -0.0049, 0.000050
2392, -18.5909, -0.0076, 0.000050
2393, -24.1818, -0.0020, 0.000050
2394, -18.6818, -0.0056, 0.000050
2395, -18.1591, -0.0030, 0.000050
2396, -17.1364, -0.0047, 0.000050
2397, -22.0000, -0.0063, 0.000050
2398, -17.0000, -0.0045, 0.000050
2399, -16.6591, -0.0048, 0.000050
2400, -22.7955, -0.0022, 0.000050
2401, -20.3864, -0.0075, 0.000050
2402, -17.8636, -0.0055, 0.000050
2403, -18.6591, -0.0052, 0.000050
2404, -23.1591, -0.0019, 0.000050
2405, -19.4773, -0.0121, 0.000050
2406, -16.2045, -0.0065, 0.000050
2407, -19.9318, -0.0016, 0.000050
2408, -18.9318, -0.0118, 0.000050
2409, -21.3636, -0.0053, 0.000050
2410, -24.0000, -0.0032, 0.000050
2411, -19.0682, -0.0104, 0.000050
2412, -16.0000, -0.0054, 0.000050
2413, -15.5227, -0.0074, 0.000050
2414, -21.8810, -0.0080, 0.000050
2415, -22.3409, -0.0037, 0.000050
2416, -18.5682, -0.0028, 0.000050
2417, -19.0000, -0.0024, 0.000050
2418, -20.8182, -0.0105, 0.000050
2419, -23.3182, -0.0020, 0.000050
2420, -22.1136, -0.0070, 0.000050
2421, -21.1628, -0.0083, 0.000050
2422, -16.6591, -0.0052, 0.000050
2423, -19.9545, -0.0059, 0.000050
2424, -18.8636, -0.0120, 0.000050
2425, -20.2500, -0.0073, 0.000050
2426, -24.7045, -0.0031, 0.000050
2427, -18.8636, -0.0112, 0.000050
2428, -18.1818, -0.0038, 0.000050
2429, -18.9545, -0.0033, 0.000050
2430, -21.2045, -0.0042, 0.000050
2431, -20.7727, -0.0092, 0.000050
2432, -18.8182, -0.0116, 0.000050
2433, -19.6364, -0.0023, 0.000050
2434, -22.0909, -0.0007, 0.000050
2435, -21.0000, -0.0114, 0.000050
2436, -20.4318, -0.0068, 0.000050
2437, -23.1818, -0.0042, 0.000050
2438, -17.5909, -0.0058, 0.000050
2439, -18.5682, -0.0134, 0.000050
2440, -20.5000, -0.0060, 0.000050
2441, -18.2500, -0.0020, 0.000050
2442, -20.2791, 0.0006, 0.000050
2443, -26.3864, -0.0004, 0.000050
2444, -19.1818, -0.0010, 0.000050
2445, -22.6136, -0.0071, 0.000050
2446, -20.2045, -0.0002, 0.000050
2447, -18.4762, -0.0019, 0.000050
2448, -19.0000, -0.0039, 0.000050
2449, -23.5909, -0.0031, 0.000050
2450, -19.9773, -0.0062, 0.000050
2451, -19.2273, -0.0116, 0.000050
2452, -22.2500, -0.0031, 0.000050
2453, -21.3864, -0.0045, 0.000050
2454, -17.7500, -0.0123, 0.000050
2455, -17.6818, -0.0026, 0.000050
2456, -23.9091, -0.0023, 0.000050
2457, -19.7500, -0.0024, 0.000050
2458, -19.0909, -0.0022, 0.000050
2459, -16.3182, -0.0049, 0.000050
2460, -17.6591, -0.0039, 0.000050
2461, -20.3636, -0.0071, 0.000050
2462, -17.1136, -0.0043, 0.000050
2463, -18.9767, -0.0060, 0.000050
2464, -22.0000, -0.0032, 0.000050
2465, -18.2955, -0.0120, 0.000050
2466, -18.8636, -0.0098, 0.000050
2467, -24.8864, -0.0021, 0.000050
2468, -18.2045, -0.0030, 0.000050
2469, -18.1591, -0.0025, 0.000050
2470, -22.2727, -0.0063, 0.000050
2471, -17.3182, -0.0036, 0.000050
2472, -22.9545, -0.0019, 0.000050
2473, -18.2273, -0.0120, 0.000050
2474, -22.3333, -0.0066, 0.000050
2475, -17.1818, -0.0036, 0.000050
2476, -20.0227, -0.0099, 0.000050
2477, -21.3409, -0.0083, 0.000050
2478, -24.8636, 0.0006, 0.000050
2479, -16.4318, -0.0052, 0.000050
2480, -23.4545, -0.0055, 0.000050
2481, -21.5909, -0.0084, 0.000050
2482, -17.6512, -0.0037, 0.000050
2483, -16.6818, -0.0044, 0.000050
2484, -21.4286, -0.0102, 0.000050
2485, -23.2727, -0.0029, 0.000050
2486, -18.6364, -0.0034, 0.000050
2487, -19.6136, -0.0013, 0.000050
2488, -15.7500, -0.0038, 0.000050
2489, -21.8864, -0.0064, 0.000050
2490, -15.7381, -0.0047, 0.000050
2491, -18.4091, -0.0104, 0.000050
2492, -17.3409, -0.0026, 0.000050
2493, -19.5909, -0.0009, 0.000050
2494, -15.0455, -0.0067, 0.000050
2495, -17.2273, -0.0033, 0.000050
2496, -19.2045, -0.0024, 0.000050
2497, -21.3409, -0.0085, 0.000050
2498, -24.4651, -0.0008, 0.000050
2499, -20.6136, -0.0018, 0.000050
2500, -20.5227, -0.0021, 0.000050
2501, -17.1591, -0.0039, 0.000050
2502, -20.5909, -0.0088, 0.000050
2503, -23.2326, -0.0070, 0.000050
2504, -19.1364, -0.0110, 0.000050
2505, -19.1136, -0.0036, 0.000050
2506, -18.2500, -0.0136, 0.000050
2507, -19.8605, -0.0033, 0.000050
2508, -19.5682, 0.0005, 0.000050
2509, -25.9524, -0.0013, 0.000050
2510, -18.3182, -0.0023, 0.000050
2511, -20.0000, -0.0059, 0.000050
2512, -23.4545, -0.0036, 0.000050
2513, -21.9545, -0.0051, 0.000050
2514, -21.5682, -0.0012, 0.000050
2515, -13.6364, -0.0073, 0.000050
2516, -18.9318, -0.0092, 0.000050
2517, -20.8636, -0.0085, 0.000050
2518, -16.4773, -0.0047, 0.000050
2519, -18.7727, -0.0107, 0.000050
2520, -15.6364, -0.0125, 0.000050
2521, -21.6364, -0.0087, 0.000050
2522, -22.2727, -0.0051, 0.000050
2523, -20.3636, -0.0009, 0.000050
2524, -19.9091, -0.0020, 0.000050
2525, -16.2727, -0.0051, 0.000050
2526, -20.0227, -0.0096, 0.000050
2527, -20.4091, -0.0095, 0.000050
2528, -16.8636, -0.0038, 0.000050
2529, -19.2857, 0.0002, 0.000050
2530, -21.5000, -0.0043, 0.000050
2531, -15.6818, -0.0114, 0.000050
2532, -20.5455, -0.0001, 0.000050
2533, -20.2273, -0.0067, 0.000050
2534, -19.6591, -0.0113, 0.000050
2535, -21.3636, -0.0060, 0.000050
2536, -16.4318, -0.0030, 0.000050
2537, -24.3636, -0.0012, 0.000050
2538, -26.6591, 0.0026, 0.000050
2539, -20.7045, -0.0046, 0.000050
2540, -21.4318, -0.0059, 0.000050
2541, -20.2045, -0.0076, 0.000050
2542, -15.5909, -0.0038, 0.000050
2543, -17.7045, -0.0103, 0.000050
2544, -19.6591, -0.0055, 0.000050
2545, -20.6818, -0.0049, 0.000050
2546, -23.8333, -0.0057, 0.000050
2547, -24.4091, -0.0033, 0.000050
2548, -18.6818, -0.0028, 0.000050
2549, -23.5909, -0.0006, 0.000050
2550, -24.6364, -0.0000, 0.000050
2551, -21.5682, -0.0073, 0.000050
2552, -20.6136, -0.0029, 0.000050
2553, -27.9773, -0.0036, 0.000050
2554, -16.4091, -0.0027, 0.000050
2555, -20.5000, -0.0076, 0.000050
2556, -15.3182, -0.0039, 0.000050
2557, -17.5455, -0.0017, 0.000050
2558, -22.2727, 0.0008, 0.000050
2559, -15.7500, -0.0048, 0.000050
2560, -18.6279, -0.0085, 0.000050
2561, -17.8409, -0.0034, 0.000050
2562, -18.4545, -0.0072, 0.000050
2563, -21.5682, -0.0073, 0.000050
2564, -18.9773, -0.0006, 0.000050
2565, -15.9318, -0.0047, 0.000050
2566, -25.1591, -0.0022, 0.000050
2567, -15.9091, -0.0077, 0.000050
2568, -17.2727, -0.0035, 0.000050
2569, -24.8409, -0.0015, 0.000050
2570, -15.5909, -0.0051, 0.000050
2571, -21.8182, -0.0066, 0.000050
2572, -19.3182, -0.0087, 0.000050
2573, -17.4318, -0.0026, 0.000050
2574, -19.4091, -0.0017, 0.000050
2575, -22.4091, -0.0080, 0.000050
2576, -21.7273, -0.0059, 0.000050
2577, -21.6136, -0.0065, 0.000050
2578, -17.5000, -0.0050, 0.000050
2579, -21.6591, -0.0095, 0.000050
2580, -21.9091, -0.0039, 0.000050
2581, -15.1591, -0.0056, 0.000050
2582, -15.5682, -0.0054, 0.000050
2583, -20.4318, -0.0047, 0.000050
2584, -16.3182, -0.0049, 0.000050
2585, -17.3409, -0.0039, 0.000050
2586, -17.7045, -0.0099, 0.000050
2587, -20.6364, -0.0105, 0.000050
2588, -21.3636, -0.0080, 0.000050
2589, -19.4419, -0.0085, 0.000050
2590, -17.5227, -0.0121, 0.000050
2591, -19.7674, -0.0001, 0.000050
2592, -18.9773, -0.0014, 0.000050
2593, -20.3864, -0.0002, 0.000050
2594, -17.4773, -0.0020, 0.000050
2595, -22.7045, -0.0071, 0.000050
2596, -18.4091, -0.0019, 0.000050
2597, -22.2045, -0.0066, 0.000050
2598, -18.1818, -0.0109, 0.000050
2599, -21.0227, -0.0038, 0.000050
2600, -18.0227, -0.0026, 0.000050
2601, -22.4773, 0.0020, 0.000050
2602, -22.6818, -0.0054, 0.000050
2603, -17.8182, -0.0061, 0.000050
2604, -17.7500, -0.0029, 0.000050
2605, -18.2273, -0.0094, 0.000050
2606, -16.8409, -0.0041, 0.000050
2607, -17.7273, -0.0089, 0.000050
2608, -21.2273, -0.0066, 0.000050
2609, -19.9091, -0.0061, 0.000050
2610, -22.2500, -0.0022, 0.000050
2611, -24.3721, 0.0013, 0.000050
2612, -21.7045, -0.0025, 0.000050
2613, -19.3864, -0.0067, 0.000050
2614, -18.8864, -0.0073, 0.000050
2615, -22.9773, -0.0024, 0.000050
2616, -19.9773, -0.0013, 0.000050
2617, -18.6364, -0.0081, 0.000050
2618, -20.3409, -0.0080, 0.000050
2619, -19.5909, -0.0017, 0.000050
2620, -17.8864, -0.0035, 0.000050
2621, -23.6818, -0.0016, 0.000050
2622, -23.7045, -0.0039, 0.000050
2623, -18.1136, -0.0036, 0.000050
2624, -16.3864, -0.0066, 0.000050
2625, -21.9545, -0.0002, 0.000050
2626, -16.6818, -0.0049, 0.000050
2627, -23.9070, -0.0076, 0.000050
2628, -18.6591, -0.0033, 0.000050
2629, -20.1364, -0.0022, 0.000050
2630, -21.5000, -0.0084, 0.000050
2631, -19.2273, -0.0040, 0.000050
2632, -21.8182, -0.0019, 0.000050
2633, -20.1136, -0.0036, 0.000050
2634, -22.7955, -0.0056, 0.000050
2635, -13.9091, -0.0081, 0.000050
2636, -19.0909, -0.0119, 0.000050
2637, -19.0000, -0.0118, 0.000050
2638, -18.7273, -0.0024, 0.000050
2639, -20.9318, -0.0087, 0.000050
2640, -17.9773, -0.0101, 0.000050
2641, -20.2955, -0.0048, 0.000050
2642, -19.9545, -0.0063, 0.000050
2643, -17.9545, -0.0033, 0.000050
2644, -25.2045, -0.0007, 0.000050
2645, -19.4318, -0.0024, 0.000050
2646, -18.6364, -0.0098, 0.000050
2647, -16.6818, -0.0051, 0.000050
2648, -19.8864, -0.0055, 0.000050
2649, -18.0909, -0.0030, 0.000050
2650, -16.2500, -0.0137, 0.000050
2651, -25.1364, -0.0015, 0.000050
2652, -18.6591, -0.0035, 0.000050
2653, -18.5000, -0.0046, 0.000050
2654, -23.2727, -0.0034, 0.000050
2655, -18.1136, -0.0032, 0.000050
2656, -20.0227, -0.0094, 0.000050
2657, -19.6136, -0.0035, 0.000050
2658, -23.9773, -0.0032, 0.000050
2659, -18.7500, -0.0091, 0.000050
2660, -17.7500, -0.0106, 0.000050
2661, -16.7727, -0.0044, 0.000050
2662, -18.3409, -0.0129, 0.000050
2663, -24.1364, -0.0049, 0.000050
2664, -22.0000, -0.0043, 0.000050
2665, -23.2273, -0.0068, 0.000050
2666, -17.9318, -0.0044, 0.000050
2667, -25.7045, -0.0032, 0.000050
2668, -22.8636, -0.0045, 0.000050
2669, -23.3636, -0.0051, 0.000050
2670, -22.0227, -0.0065, 0.000050
2671, -17.2727, -0.0041, 0.000050
2672, -17.9091, -0.0032, 0.000050
2673, -21.5227, -0.0054, 0.000050
2674, -19.0455, -0.0030, 0.000050
2675, -17.2955, -0.0070, 0.000050
2676, -20.3488, -0.0099, 0.000050
2677, -19.2727, -0.0015, 0.000050
2678, -18.5682, -0.0012, 0.000050
2679, -20.7955, -0.0062, 0.000050
2680, -16.9773, -0.0043, 0.000050
2681, -15.6047, -0.0048, 0.000050
2682, -20.7273, -0.0068, 0.000050
2683, -18.7955, -0.0127, 0.000050
2684, -24.4773, -0.0024, 0.000050
2685, -16.1136, -0.0056, 0.000050
2686, -18.6591, -0.0011, 0.000050
2687, -20.6136, 0.0002, 0.000050
2688, -22.4545, -0.0092, 0.000050
2689, -20.8409, -0.0014, 0.000050
2690, -17.7273, -0.0032, 0.000050
2691, -20.3864, -0.0092, 0.000050
2692, -18.3182, -0.0100, 0.000050
2693, -16.8409, -0.0026, 0.000050
2694, -13.2955, -0.0083, 0.000050
2695, -21.7727, -0.0034, 0.000050
2696, -18.0227, -0.0113, 0.000050
2697, -21.9545, -0.0029, 0.000050
2698, -17.1818, -0.0044, 0.000050
2699, -16.9545, -0.0035, 0.000050
2700, -21.6364, -0.0041, 0.000050
2701, -22.1818, 0.0001, 0.000050
2702, -20.2727, -0.0031, 0.000050
2703, -22.8182, -0.0018, 0.000050
2704, -18.6818, -0.0078, 0.000050
2705, -20.6364, -0.0068, 0.000050
2706, -19.4318, -0.0065, 0.000050
2707, -18.5227, -0.0078, 0.000050
2708, -21.2045, -0.0036, 0.000050
2709, -19.2273, -0.0084, 0.000050
2710, -19.6818, -0.0060, 0.000050
2711, -23.0455, -0.0026, 0.000050
2712, -19.4318, -0.0010, 0.000050
2713, -19.2727, -0.0040, 0.000050
2714, -20.0455, -0.0087, 0.000050
2715, -17.8409, -0.0030, 0.000050
2716, -24.0714, -0.0018, 0.000050
2717, -21.2955, -0.0002, 0.000050
2718, -18.8182, -0.0095, 0.000050
2719, -20.5682, -0.0073, 0.000050
2720, -16.8864, -0.0042, 0.000050
2721, -20.9091, -0.0056, 0.000050
2722, -18.8837, -0.0081, 0.000050
2723, -14.5455, -0.0070, 0.000050
2724, -24.3182, -0.0008, 0.000050
2725, -17.8182, -0.0049, 0.000050
2726, -21.1364, -0.0054, 0.000050
2727, -19.2045, -0.0103, 0.000050
2728, -18.5000, -0.0104, 0.000050
2729, -21.4545, -0.0022, 0.000050
2730, -20.2857, -0.0082, 0.000050
2731, -20.9773, -0.0049, 0.000050
2732, -18.6818, -0.0062, 0.000050
2733, -19.7273, -0.0074, 0.000050
2734, -21.3182, -0.0020, 0.000050
2735, -16.7955, -0.0109, 0.000050
2736, -20.7727, -0.0020, 0.000050
2737, -18.7500, -0.0038, 0.000050
2738, -21.3182, -0.0026, 0.000050
2739, -21.8409, -0.0053, 0.000050
2740, -20.4091, -0.0007, 0.000050
2741, -21.7045, -0.0008, 0.000050
2742, -23.4773, -0.0006, 0.000050
2743, -17.1136, -0.0002, 0.000050
2744, -16.4773, -0.0096, 0.000050
2745, -19.8864, -0.0052, 0.000050
2746, -19.5455, -0.0026, 0.000050
2747, -19.2955, -0.0037, 0.000050
2748, -22.1591, 0.0009, 0.000050
2749, -13.9773, -0.0040, 0.000050
2750, -22.0682, 0.0011, 0.000050
2751, -20.9773, -0.0029, 0.000050
2752, -19.7045, -0.0039, 0.000050
2753, -19.0682, -0.0059, 0.000050
2754, -17.9773, -0.0057, 0.000050
2755, -15.5000, -0.0028, 0.000050
2756, -23.5227, -0.0022, 0.000050
2757, -16.9091, -0.0014, 0.000050
2758, -19.3953, 0.0007, 0.000050
2759, -21.8837, -0.0046, 0.000050
2760, -20.5814, 0.0021, 0.000050
2761, -20.7955, 0.0021, 0.000050
2762, -15.7273, -0.0073, 0.000050
2763, -16.8864, -0.0009, 0.000050
2764, -25.5909, 0.0010, 0.000050
2765, -18.0000, -0.0016, 0.000050
2766, -17.9318, -0.0013, 0.000050
2767, -15.1591, -0.0023, 0.000050
2768, -18.8864, -0.0037, 0.000050
2769, -17.3636, -0.0017, 0.000050
2770, -20.3636, 0.0001, 0.000050
2771, -19.1364, -0.0068, 0.000050
2772, -21.4318, -0.0025, 0.000050
2773, -20.4545, -0.0055, 0.000050
2774, -16.6818, -0.0033, 0.000050
2775, -17.6591, -0.0104, 0.000050
2776, -21.3409, 0.0011, 0.000050
2777, -22.3636, -0.0006, 0.000050
2778, -18.5909, -0.0002, 0.000050
2779, -23.4773, -0.0017, 0.000050
2780, -27.1905, 0.0006, 0.000050
2781, -17.1591, -0.0015, 0.000050
2782, -18.2273, -0.0014, 0.000050
2783, -20.7955, -0.0041, 0.000050
2784, -16.7045, -0.0041, 0.000050
2785, -16.9545, -0.0106, 0.000050
2786, -21.8182, -0.0037, 0.000050
2787, -18.5682, -0.0063, 0.000050
2788, -17.5000, -0.0036, 0.000050
2789, -25.3636, -0.0008, 0.000050
2790, -18.8636, -0.0022, 0.000050
2791, -24.2955, -0.0057, 0.000050
2792, -23.8409, -0.0001, 0.000050
2793, -21.9318, -0.0016, 0.000050
2794, -20.5909, -0.0033, 0.000050
2795, -16.7727, -0.0038, 0.000050
2796, -22.4773, 0.0025, 0.000050
2797, -26.5682, 0.0020, 0.000050
2798, -21.4773, -0.0039, 0.000050
2799, -19.9318, -0.0009, 0.000050
2800, -23.3182, -0.0040, 0.000050
2801, -23.1364, -0.0036, 0.000050
2802, -19.0455, -0.0017, 0.000050
2803, -20.1163, -0.0014, 0.000050
2804, -18.0909, -0.0028, 0.000050
2805, -25.6364, -0.0020, 0.000050
2806, -26.7273, 0.0001, 0.000050
2807, -18.9545, -0.0046, 0.000050
2808, -21.5455, -0.0097, 0.000050
2809, -17.0455, -0.0054, 0.000050
2810, -19.3864, -0.0052, 0.000050
2811, -18.4186, -0.0054, 0.000050
2812, -25.1364, -0.0044, 0.000050
2813, -17.1591, -0.0062, 0.000050
2814, -15.6136, -0.0107, 0.000050
2815, -19.3182, -0.0026, 0.000050
2816, -18.1818, -0.0053, 0.000050
2817, -17.7727, -0.0150, 0.000050
2818, -19.1364, -0.0110, 0.000050
2819, -16.0682, -0.0071, 0.000050
2820, -19.1591, -0.0118, 0.000050
2821, -15.5455, -0.0068, 0.000050
2822, -17.0909, -0.0048, 0.000050
2823, -18.2500, -0.0040, 0.000050
2824, -20.3953, -0.0115, 0.000050
2825, -23.8636, -0.0024, 0.000050
2826, -19.2273, -0.0030, 0.000050
2827, -17.5227, -0.0048, 0.000050
2828, -21.6818, -0.0100, 0.000050
2829, -17.4091, -0.0086, 0.000050
2830, -21.0455, -0.0082, 0.000050
2831, -20.5909, -0.0022, 0.000050
2832, -17.9091, -0.0084, 0.000050
2833, -22.5227, -0.0086, 0.000050
2834, -18.2045, -0.0035, 0.000050
2835, -19.9545, -0.0089, 0.000050
2836, -24.0682, -0.0011, 0.000050
2837, -19.2727, -0.0089, 0.000050
2838, -21.4318, -0.0089, 0.000050
2839, -18.0455, -0.0043, 0.000050
2840, -24.9318, -0.0014, 0.000050
2841, -23.2045, -0.0047, 0.000050
2842, -23.7955, -0.0064, 0.000050
2843, -24.7045, -0.0020, 0.000050
2844, -29.2500, -0.0010, 0.000050
2845, -20.8864, -0.0065, 0.000050
2846, -26.9545, -0.0014, 0.000050
2847, -23.2045, -0.0120, 0.000050
2848, -19.5909, -0.0105, 0.000050
2849, -14.4545, -0.0073, 0.000050
2850, -26.3636, -0.0022, 0.000050
2851, -19.2045, -0.0040, 0.000050
2852, -17.9318, -0.0047, 0.000050
2853, -21.0682, -0.0042, 0.000050
2854, -20.8636, -0.0025, 0.000050
2855, -19.0455, -0.0105, 0.000050
2856, -18.0000, -0.0150, 0.000050
2857, -19.9318, -0.0095, 0.000050
2858, -19.9318, -0.0056, 0.000050
2859, -21.4091, -0.0075, 0.000050
2860, -21.1136, -0.0054, 0.000050
2861, -19.6818, -0.0109, 0.000050
2862, -26.1818, -0.0080, 0.000050
2863, -18.9318, -0.0031, 0.000050
2864, -17.0000, -0.0056, 0.000050
2865, -17.2955, -0.0044, 0.000050
2866, -18.2273, -0.0059, 0.000050
2867, -23.6364, -0.0081, 0.000050
2868, -22.8182, -0.0043, 0.000050
2869, -18.7727, -0.0030, 0.000050
2870, -21.4091, -0.0120, 0.000050
2871, -21.7955, -0.0076, 0.000050
2872, -21.3864, -0.0060, 0.000050
2873, -23.1136, -0.0027, 0.000050
2874, -21.0909, -0.0049, 0.000050
2875, -19.1628, -0.0048, 0.000050
2876, -22.2955, -0.0068, 0.000050
2877, -29.3095, 0.0008, 0.000050
2878, -25.1136, -0.0043, 0.000050
2879, -17.9545, -0.0131, 0.000050
2880, -23.7955, -0.0053, 0.000050
2881, -22.5682, -0.0093, 0.000050
2882, -18.4545, -0.0103, 0.000050
2883, -15.8409, -0.0067, 0.000050
2884, -23.2273, -0.0077, 0.000050
2885, -19.0909, -0.0083, 0.000050
2886, -16.1364, -0.0068, 0.000050
2887, -20.4318, -0.0017, 0.000050
2888, -24.0000, -0.0035, 0.000050
2889, -18.9318, -0.0054, 0.000050
2890, -19.9545, -0.0138, 0.000050
2891, -17.5227, -0.0055, 0.000050
2892, -14.1591, -0.0083, 0.000050
2893, -26.3182, -0.0001, 0.000050
2894, -20.5455, -0.0089, 0.000050
2895, -19.1591, -0.0115, 0.000050
2896, -19.2955, -0.0085, 0.000050
2897, -19.4773, -0.0069, 0.000050
2898, -17.5909, -0.0039, 0.000050
2899, -19.5909, -0.0079, 0.000050
2900, -22.6190, -0.0052, 0.000050
2901, -25.5455, -0.0025, 0.000050
2902, -14.5349, -0.0076, 0.000050
2903, -15.0000, -0.0057, 0.000050
2904, -25.4545, -0.0003, 0.000050
2905, -23.2955, -0.0092, 0.000050
2906, -16.5227, -0.0058, 0.000050
2907, -20.6512, -0.0089, 0.000050
2908, -17.2045, -0.0026, 0.000050
2909, -17.3864, -0.0026, 0.000050
2910, -22.0000, -0.0058, 0.000050
2911, -18.2955, -0.0031, 0.000050
2912, -18.5909, -0.0134, 0.000050
2913, -17.4773, -0.0117, 0.000050
2914, -24.5116, 0.0028, 0.000050
2915, -18.1818, -0.0084, 0.000050
2916, -20.3409, 0.0008, 0.000050
2917, -18.9091, -0.0082, 0.000050
2918, -21.8333, -0.0035, 0.000050
2919, -24.5909, -0.0003, 0.000050
2920, -17.9545, -0.0027, 0.000050
2921, -17.3182, -0.0033, 0.000050
2922, -23.8182, -0.0025, 0.000050
2923, -22.9545, -0.0066, 0.000050
2924, -20.5000, -0.0090, 0.000050
2925, -19.0455, -0.0099, 0.000050
2926, -19.1591, -0.0088, 0.000050
2927, -17.1136, -0.0023, 0.000050
2928, -16.9773, -0.0102, 0.000050
2929, -18.7045, -0.0012, 0.000050
2930, -22.9773, -0.0032, 0.000050
2931, -25.0233, -0.0005, 0.000050
2932, -19.4773, -0.0016, 0.000050
2933, -21.3182, -0.0052, 0.000050
2934, -22.3023, -0.0026, 0.000050
2935, -18.8636, -0.0008, 0.000050
2936, -22.5682, -0.0052, 0.000050
2937, -15.7500, -0.0068, 0.000050
2938, -20.3864, -0.0072, 0.000050
2939, -18.7500, -0.0113, 0.000050
2940, -21.9091, -0.0056, 0.000050
2941, -21.4091, -0.0086, 0.000050
2942, -18.2955, -0.0105, 0.000050
2943, -20.3182, -0.0107, 0.000050
2944, -26.3182, 0.0001, 0.000050
2945, -15.8409, -0.0052, 0.000050
2946, -17.2500, -0.0075, 0.000050
2947, -20.5227, 0.0006, 0.000050
2948, -19.7045, -0.0009, 0.000050
2949, -20.1818, -0.0007, 0.000050
2950, -16.1364, -0.0050, 0.000050
2951, -19.4091, -0.0085, 0.000050
2952, -18.8182, -0.0035, 0.000050
2953, -19.0227, -0.0083, 0.000050
2954, -20.6364, 0.0000, 0.000050
2955, -20.5000, -0.0070, 0.000050
2956, -22.6136, -0.0083, 0.000050
2957, -19.1136, -0.0093, 0.000050
2958, -17.9318, -0.0086, 0.000050
2959, -20.0227, -0.0120, 0.000050
2960, -16.5909, -0.0029, 0.000050
2961, -17.7045, -0.0103, 0.000050
2962, -17.6136, -0.0024, 0.000050
2963, -24.4318, -0.0013, 0.000050
2964, -17.7273, -0.0028, 0.000050
2965, -18.3182, -0.0015, 0.000050
2966, -15.4091, -0.0040, 0.000050
2967, -16.2500, -0.0115, 0.000050
2968, -18.8636, -0.0031, 0.000050
2969, -23.4773, -0.0043, 0.000050
2970, -18.1591, -0.0078, 0.000050
2971, -19.2727, -0.0077, 0.000050
2972, -25.2273, 0.0020, 0.000050
2973, -18.5455, -0.0024, 0.000050
2974, -16.5000, -0.0028, 0.000050
2975, -22.5000, -0.0053, 0.000050
2976, -19.8636, -0.0053, 0.000050
2977, -22.0455, -0.0063, 0.000050
2978, -16.9318, -0.0043, 0.000050
2979, -17.5227, -0.0018, 0.000050
2980, -26.3864, 0.0023, 0.000050
2981, -16.2273, -0.0038, 0.000050
2982, -21.0000, -0.0078, 0.000050
2983, -19.5455, -0.0003, 0.000050
2984, -16.7273, -0.0040, 0.000050
2985, -19.7045, -0.0006, 0.000050
2986, -25.9545, 0.0011, 0.000050
2987, -17.6591, -0.0023, 0.000050
2988, -26.7209, -0.0044, 0.000050
2989, -19.8182, -0.0073, 0.000050
2990, -26.0952, 0.0009, 0.000050
2991, -20.4773, -0.0070, 0.000050
2992, -20.9318, -0.0092, 0.000050
2993, -20.1364, -0.0108, 0.000050
2994, -18.5909, -0.0095, 0.000050
2995, -20.8636, -0.0061, 0.000050
2996, -16.6818, -0.0129, 0.000050
2997, -21.2500, -0.0034, 0.000050
2998, -18.6364, -0.0002, 0.000050
2999, -16.9773, -0.0023, 0.000050
3000, -16.5909, -0.0025, 0.000050
3001, -19.5227, -0.0010, 0.000050
3002, -19.2093, -0.0055, 0.000050
3003, -22.4545, -0.0029, 0.000050
3004, -21.5227, -0.0059, 0.000050
3005, -19.8182, -0.0005, 0.000050
3006, -23.9318, -0.0010, 0.000050
3007, -18.1136, -0.0015, 0.000050
3008, -18.0455, -0.0112, 0.000050
3009, -20.1591, -0.0039, 0.000050
3010, -20.7727, 0.0005, 0.000050
3011, -18.1591, -0.0044, 0.000050
3012, -20.3636, -0.0048, 0.000050
3013, -21.2791, 0.0002, 0.000050
3014, -17.1818, -0.0039, 0.000050
3015, -18.3409, -0.0021, 0.000050
3016, -22.4091, -0.0039, 0.000050
3017, -24.4091, -0.0030, 0.000050
3018, -19.0455, -0.0017, 0.000050
3019, -20.0227, -0.0096, 0.000050
3020, -17.2500, -0.0043, 0.000050
3021, -20.9773, -0.0070, 0.000050
3022, -16.7500, -0.0053, 0.000050
3023, -19.4091, -0.0104, 0.000050
3024, -17.1136, -0.0130, 0.000050
3025, -18.4773, -0.0015, 0.000050
3026, -20.1591, -0.0065, 0.000050
3027, -21.9767, 0.0033, 0.000050
3028, -22.4318, -0.0029, 0.000050
3029, -14.2500, -0.0070, 0.000050
3030, -18.8409, -0.0007, 0.000050
3031, -18.0227, -0.0038, 0.000050
3032, -21.1364, -0.0046, 0.000050
3033, -19.7143, -0.0097, 0.000050
3034, -20.0682, -0.0096, 0.000050
3035, -27.6136, 0.0011, 0.000050
3036, -21.2273, -0.0061, 0.000050
3037, -19.9773, -0.0049, 0.000050
3038, -18.2273, -0.0037, 0.000050
3039, -15.7727, -0.0057, 0.000050
3040, -21.0714, -0.0077, 0.000050
3041, -21.2955, -0.0006, 0.000050
3042, -23.9091, -0.0010, 0.000050
3043, -17.0000, -0.0037, 0.000050
3044, -18.3409, -0.0078, 0.000050
3045, -20.9091, -0.0081, 0.000050
3046, -19.3182, -0.0007, 0.000050
3047, -17.7955, -0.0031, 0.000050
3048, -20.9318, -0.0058, 0.000050
3049, -22.9545, -0.0039, 0.000050
3050, -20.7727, -0.0042, 0.000050
3051, -19.9773, -0.0063, 0.000050
3052, -18.8182, -0.0111, 0.000050
3053, -22.3636, -0.0028, 0.000050
3054, -17.6591, -0.0038, 0.000050
3055, -21.0000, -0.0006, 0.000050
3056, -20.2045, -0.0111, 0.000050
3057, -16.7727, -0.0053, 0.000050
3058, -17.1818, -0.0042, 0.000050
3059, -19.4545, -0.0019, 0.000050
3060, -15.7727, -0.0052, 0.000050
3061, -18.8636, -0.0023, 0.000050
3062, -26.7045, 0.0000, 0.000050
3063, -17.1591, -0.0046, 0.000050
3064, -21.2045, -0.0101, 0.000050
3065, -16.5227, -0.0042, 0.000050
3066, -17.2727, -0.0036, 0.000050
3067, -16.0455, -0.0043, 0.000050
3068, -15.4773, -0.0055, 0.000050
3069, -17.5000, -0.0096, 0.000050
3070, -18.2727, -0.0127, 0.000050
3071, -19.0455, -0.0062, 0.000050
3072, -22.8409, -0.0006, 0.000050
3073, -20.5455, -0.0043, 0.000050
3074, -15.0455, -0.0062, 0.000050
3075, -20.2045, -0.0068, 0.000050
3076, -19.2727, -0.0074, 0.000050
3077, -23.6818, -0.0029, 0.000050
3078, -18.7955, -0.0088, 0.000050
3079, -20.6591, -0.0012, 0.000050
3080, -23.4884, -0.0018, 0.000050
3081, -19.0227, -0.0011, 0.000050
3082, -20.2045, -0.0081, 0.000050
3083, -21.2273, -0.0069, 0.000050
3084, -21.1364, -0.0070, 0.000050
3085, -23.9545, -0.0080, 0.000050
3086, -17.7955, -0.0141, 0.000050
3087, -20.0682, -0.0073, 0.000050
3088, -18.7273, -0.0027, 0.000050
3089, -20.8409, -0.0061, 0.000050
3090, -15.5682, -0.0031, 0.000050
3091, -22.3182, -0.0016, 0.000050
3092, -20.6364, -0.0065, 0.000050
3093, -19.4419, -0.0068, 0.000050
3094, -22.5000, 0.0016, 0.000050
3095, -14.7955, -0.0085, 0.000050
3096, -23.0455, -0.0035, 0.000050
3097, -22.1364, -0.0063, 0.000050
3098, -17.9318, -0.0024, 0.000050
3099, -21.7273, -0.0045, 0.000050
3100, -24.5227, -0.0024, 0.000050
3101, -22.9318, -0.0040, 0.000050
3102, -17.2955, -0.0065, 0.000050
3103, -19.8409, -0.0089, 0.000050
3104, -19.7955, -0.0071, 0.000050
3105, -20.2045, -0.0065, 0.000050
3106, -17.3182, -0.0141, 0.000050
3107, -21.7273, -0.0039, 0.000050
3108, -22.7045, -0.0051, 0.000050
3109, -19.8409, -0.0041, 0.000050
3110, -18.7500, -0.0021, 0.000050
3111, -18.0455, -0.0035, 0.000050
3112, -19.4091, -0.0074, 0.000050
3113, -23.9091, -0.0014, 0.000050
3114, -18.3636, -0.0032, 0.000050
3115, -17.2500, -0.0130, 0.000050
3116, -16.9773, -0.0030, 0.000050
3117, -24.2045, -0.0018, 0.000050
3118, -21.7500, -0.0047, 0.000050
3119, -22.1136, -0.0061, 0.000050
3120, -17.2273, -0.0030, 0.000050
3121, -16.7500, -0.0048, 0.000050
3122, -17.2500, -0.0031, 0.000050
3123, -17.7907, -0.0038, 0.000050
3124, -20.3636, -0.0088, 0.000050
3125, -19.9767, -0.0077, 0.000050
3126, -21.4773, 0.0004, 0.000050
3127, -25.2045, -0.0030, 0.000050
3128, -23.8864, -0.0045, 0.000050
3129, -17.9286, -0.0133, 0.000050
3130, -16.7500, -0.0052, 0.000050
3131, -20.1136, 0.0002, 0.000050
3132, -19.0455, -0.0104, 0.000050
3133, -19.7955, -0.0000, 0.000050
3134, -14.5455, -0.0068, 0.000050
3135, -17.4318, -0.0042, 0.000050
3136, -22.2093, -0.0036, 0.000050
3137, -19.1818, -0.0021, 0.000050
3138, -22.7273, -0.0061, 0.000050
3139, -21.5227, -0.0094, 0.000050
3140, -19.1364, -0.0057, 0.000050
3141, -16.6364, -0.0049, 0.000050
3142, -15.9318, -0.0057, 0.000050
3143, -21.2273, -0.0079, 0.000050
3144, -17.7955, -0.0038, 0.000050
3145, -17.7500, -0.0108, 0.000050
3146, -22.4091, -0.0022, 0.000050
3147, -19.7273, -0.0108, 0.000050
3148, -26.7045, 0.0004, 0.000050
3149, -21.4545, -0.0080, 0.000050
3150, -23.0455, -0.0050, 0.000050
3151, -19.5682, -0.0030, 0.000050
3152, -21.2500, -0.0068, 0.000050
3153, -16.0455, -0.0048, 0.000050
3154, -18.2045, -0.0033, 0.000050
3155, -21.6591, -0.0076, 0.000050
3156, -20.0000, -0.0077, 0.000050
3157, -25.5000, -0.0013, 0.000050
3158, -17.0909, -0.0034, 0.000050
3159, -23.2955, -0.0046, 0.000050
3160, -19.6512, -0.0041, 0.000050
3161, -20.3636, -0.0009, 0.000050
3162, -19.0000, -0.0028, 0.000050
3163, -19.5909, -0.0017, 0.000050
3164, -21.8372, -0.0068, 0.000050
3165, -20.7273, -0.0089, 0.000050
3166, -17.4773, -0.0059, 0.000050
3167, -16.6136, -0.0061, 0.000050
3168, -16.9773, -0.0047, 0.000050
3169, -18.8636, -0.0035, 0.000050
3170, -24.7045, -0.0040, 0.000050
3171, -17.8864, -0.0052, 0.000050
3172, -17.9318, -0.0057, 0.000050
3173, -21.2727, -0.0083, 0.000050
3174, -17.8409, -0.0057, 0.000050
3175, -20.9762, -0.0095, 0.000050
3176, -21.8864, 0.0001, 0.000050
3177, -14.5909, -0.0083, 0.000050
3178, -14.0909, -0.0093, 0.000050
3179, -24.0227, -0.0052, 0.000050
3180, -16.7727, -0.0053, 0.000050
3181, -18.9545, -0.0138, 0.000050
3182, -21.0455, -0.0102, 0.000050
3183, -20.4545, -0.0108, 0.000050
3184, -19.0000, -0.0030, 0.000050
3185, -18.9091, -0.0069, 0.000050
3186, -16.4773, -0.0050, 0.000050
3187, -19.6364, -0.0033, 0.000050
3188, -22.1136, -0.0019, 0.000050
3189, -19.5909, -0.0024, 0.000050
3190, -24.8864, -0.0063, 0.000050
3191, -18.3409, -0.0125, 0.000050
3192, -19.1364, -0.0029, 0.000050
3193, -20.2273, -0.0080, 0.000050
3194, -24.0682, -0.0048, 0.000050
3195, -25.3409, -0.0032, 0.000050
3196, -19.7955, -0.0024, 0.000050
3197, -24.4545, -0.0085, 0.000050
3198, -17.8864, -0.0047, 0.000050
3199, -23.6591, 0.0002, 0.000050
3200, -23.7955, -0.0079, 0.000050
3201, -20.1364, -0.0123, 0.000050
3202, -18.9091, -0.0038, 0.000050
3203, -28.6136, -0.0007, 0.000050
3204, -18.5455, -0.0129, 0.000050
3205, -22.8864, -0.0045, 0.000050
3206, -19.2273, -0.0130, 0.000050
3207, -23.4318, -0.0059, 0.000050
3208, -23.5909, -0.0031, 0.000050
3209, -20.1591, -0.0063, 0.000050
3210, -22.5455, -0.0046, 0.000050
3211, -20.0909, -0.0098, 0.000050
3212, -20.2500, -0.0079, 0.000050
3213, -15.1818, -0.0071, 0.000050
3214, -25.0455, -0.0009, 0.000050
3215, -22.1818, 0.0002, 0.000050
3216, -18.6364, -0.0107, 0.000050
3217, -18.2727, -0.0067, 0.000050
3218, -19.2273, -0.0089, 0.000050
3219, -22.3256, -0.0092, 0.000050
3220, -20.5227, -0.0079, 0.000050
3221, -21.4186, -0.0058, 0.000050
3222, -22.8140, -0.0055, 0.000050
3223, -20.1136, -0.0113, 0.000050
3224, -21.7955, -0.0104, 0.000050
3225, -20.0227, -0.0122, 0.000050
3226, -18.2727, -0.0028, 0.000050
3227, -16.5909, -0.0134, 0.000050
3228, -20.5000, -0.0084, 0.000050
3229, -20.5227, -0.0019, 0.000050
3230, -23.3409, -0.0065, 0.000050
3231, -18.9773, -0.0030, 0.000050
3232, -16.9773, -0.0050, 0.000050
3233, -19.6591, -0.0063, 0.000050
3234, -16.0682, -0.0048, 0.000050
3235, -17.0227, -0.0037, 0.000050
3236, -18.0455, -0.0103, 0.000050
3237, -16.6744, -0.0046, 0.000050
3238, -21.9545, 0.0003, 0.000050
3239, -17.6818, -0.0038, 0.000050
3240, -16.9318, -0.0056, 0.000050
3241, -17.5909, -0.0131, 0.000050
3242, -23.1364, -0.0080, 0.000050
3243, -22.1136, -0.0041, 0.000050
3244, -23.7045, -0.0009, 0.000050
3245, -17.9545, -0.0136, 0.000050
3246, -22.6364, -0.0010, 0.000050
3247, -18.6364, -0.0110, 0.000050
3248, -15.8636, -0.0060, 0.000050
3249, -17.0455, -0.0019, 0.000050
3250, -22.0000, -0.0041, 0.000050
3251, -22.0455, -0.0047, 0.000050
3252, -23.8182, -0.0035, 0.000050
3253, -25.5227, -0.0012, 0.000050
3254, -18.1591, -0.0073, 0.000050
3255, -18.5909, -0.0013, 0.000050
3256, -21.4773, -0.0028, 0.000050
3257, -29.4762, -0.0014, 0.000050
3258, -24.4545, -0.0030, 0.000050
3259, -22.1591, -0.0033, 0.000050
3260, -18.2955, -0.0040, 0.000050
3261, -19.2045, -0.0054, 0.000050
3262, -19.8636, -0.0005, 0.000050
3263, -15.6818, -0.0068, 0.000050
3264, -22.6364, -0.0047, 0.000050
3265, -19.4091, -0.0020, 0.000050
3266, -25.2500, -0.0010, 0.000050
3267, -20.5227, -0.0026, 0.000050
3268, -19.5455, -0.0016, 0.000050
3269, -22.5909, -0.0001, 0.000050
3270, -23.4773, -0.0035, 0.000050
3271, -18.5227, -0.0038, 0.000050
3272, -19.3182, -0.0036, 0.000050
3273, -24.3864, -0.0036, 0.000050
3274, -21.3182, -0.0062, 0.000050
3275, -20.3256, -0.0097, 0.000050
3276, -14.9773, -0.0091, 0.000050
3277, -17.3864, -0.0056, 0.000050
3278, -19.4545, -0.0087, 0.000050
3279, -22.6136, -0.0068, 0.000050
3280, -17.9091, -0.0044, 0.000050
3281, -21.1818, -0.0143, 0.000050
3282, -21.2500, -0.0073, 0.000050
3283, -18.0455, -0.0036, 0.000050
3284, -18.7955, -0.0032, 0.000050
3285, -19.1818, -0.0043, 0.000050
3286, -19.5227, -0.0081, 0.000050
3287, -23.4091, -0.0060, 0.000050
3288, -17.5682, -0.0042, 0.000050
3289, -20.4773, -0.0081, 0.000050
3290, -19.9773, -0.0023, 0.000050
3291, -22.3182, -0.0086, 0.000050
3292, -21.8571, -0.0071, 0.000050
3293, -18.3182, -0.0139, 0.000050
3294, -19.0909, -0.0082, 0.000050
3295, -20.9318, -0.0069, 0.000050
3296, -21.9545, -0.0092, 0.000050
3297, -18.2273, -0.0030, 0.000050
3298, -15.9773, -0.0063, 0.000050
3299, -20.1818, -0.0080, 0.000050
3300, -21.9091, -0.0092, 0.000050
3301, -17.2955, -0.0120, 0.000050
3302, -21.5682, -0.0085, 0.000050
3303, -18.2045, -0.0039, 0.000050
3304, -18.2727, -0.0114, 0.000050
3305, -18.2955, -0.0029, 0.000050
3306, -20.9545, -0.0036, 0.000050
3307, -19.6279, -0.0008, 0.000050
3308, -23.5682, -0.0042, 0.000050
3309, -24.5682, -0.0015, 0.000050
3310, -16.6818, -0.0050, 0.000050
3311, -22.8182, -0.0002, 0.000050
3312, -20.1628, -0.0105, 0.000050
3313, -17.3636, -0.0145, 0.000050
3314, -19.9091, -0.0098, 0.000050
3315, -16.8864, -0.0041, 0.000050
3316, -21.4318, 0.0012, 0.000050
3317, -22.0455, -0.0062, 0.000050
3318, -21.8864, -0.0037, 0.000050
3319, -15.3636, -0.0081, 0.000050
3320, -13.0682, -0.0088, 0.000050
3321, -20.2273, -0.0079, 0.000050
3322, -23.6818, -0.0017, 0.000050
3323, -17.7955, -0.0116, 0.000050
3324, -24.7955, -0.0001, 0.000050
3325, -26.4091, 0.0023, 0.000050
3326, -20.8864, -0.0003, 0.000050
3327, -22.0000, -0.0032, 0.000050
3328, -17.8864, -0.0032, 0.000050
3329, -20.5455, -0.0110, 0.000050
3330, -17.2955, -0.0123, 0.000050
3331, -24.6818, -0.0008, 0.000050
3332, -21.8182, -0.0016, 0.000050
3333, -19.5000, -0.0009, 0.000050
3334, -22.9318, -0.0019, 0.000050
3335, -15.9318, -0.0050, 0.000050
3336, -18.8636, -0.0019, 0.000050
3337, -27.1136, 0.0018, 0.000050
3338, -21.9545, -0.0082, 0.000050
3339, -22.5000, 0.0009, 0.000050
3340, -15.8864, -0.0042, 0.000050
3341, -19.4318, -0.0092, 0.000050
3342, -24.3864, -0.0037, 0.000050
3343, -18.8864, -0.0037, 0.000050
3344, -19.6818, -0.0009, 0.000050
3345, -21.0227, -0.0052, 0.000050
3346, -17.2500, -0.0042, 0.000050
3347, -20.7209, -0.0092, 0.000050
3348, -16.3182, -0.0044, 0.000050
3349, -20.7727, -0.0069, 0.000050
3350, -15.1136, -0.0049, 0.000050
3351, -18.8182, -0.0020, 0.000050
3352, -19.4773, -0.0091, 0.000050
3353, -20.2045, -0.0019, 0.000050
3354, -22.0227, -0.0078, 0.000050
3355, -17.2955, -0.0117, 0.000050
3356, -21.0000, -0.0002, 0.000050
3357, -20.7273, -0.0015, 0.000050
3358, -17.0476, -0.0039, 0.000050
3359, -23.3488, -0.0041, 0.000050
3360, -23.0930, -0.0056, 0.000050
3361, -21.7045, -0.0088, 0.000050
3362, -20.5000, -0.0074, 0.000050
3363, -23.1591, 0.0018, 0.000050
3364, -23.7727, -0.0024, 0.000050
3365, -17.7857, -0.0032, 0.000050
3366, -17.5227, -0.0105, 0.000050
3367, -21.3636, -0.0042, 0.000050
3368, -22.1591, -0.0032, 0.000050
3369, -20.6591, -0.0096, 0.000050
3370, -26.7955, 0.0016, 0.000050
3371, -23.5682, -0.0032, 0.000050
3372, -19.0000, -0.0105, 0.000050
3373, -23.3182, -0.0060, 0.000050
3374, -21.0227, -0.0092, 0.000050
3375, -18.8182, -0.0094, 0.000050
3376, -21.1818, -0.0070, 0.000050
3377, -24.4773, -0.0040, 0.000050
3378, -18.2500, -0.0117, 0.000050
3379, -22.0465, -0.0074, 0.000050
3380, -21.5682, -0.0046, 0.000050
3381, -22.6591, -0.0029, 0.000050
3382, -18.2500, -0.0028, 0.000050
3383, -19.3182, -0.0063, 0.000050
3384, -18.8864, -0.0091, 0.000050
3385, -20.9318, -0.0041, 0.000050
3386, -26.7045, -0.0065, 0.000050
3387, -22.5909, -0.0056, 0.000050
3388, -22.4524, -0.0077, 0.000050
3389, -20.9318, -0.0074, 0.000050
3390, -16.0909, -0.0141, 0.000050
3391, -20.1429, -0.0077, 0.000050
3392, -20.8409, -0.0058, 0.000050
3393, -20.0000, -0.0027, 0.000050
3394, -16.1591, -0.0061, 0.000050
3395, -19.0000, -0.0113, 0.000050
3396, -19.5227, -0.0088, 0.000050
3397, -22.3409, -0.0050, 0.000050
3398, -20.4773, -0.0006, 0.000050
3399, -20.6364, -0.0080, 0.000050
3400, -23.8864, -0.0017, 0.000050
3401, -21.5682, -0.0053, 0.000050
3402, -20.0000, -0.0000, 0.000050
3403, -20.3182, -0.0018, 0.000050
3404, -24.6136, -0.0043, 0.000050
3405, -23.3864, -0.0060, 0.000050
3406, -18.9773, -0.0086, 0.000050
3407, -18.8636, -0.0094, 0.000050
3408, -20.3864, -0.0121, 0.000050
3409, -21.3488, -0.0060, 0.000050
3410, -19.7500, -0.0013, 0.000050
3411, -16.1818, -0.0043, 0.000050
3412, -19.6136, -0.0019, 0.000050
3413, -23.7273, -0.0017, 0.000050
3414, -19.1591, -0.0115, 0.000050
3415, -21.5000, -0.0014, 0.000050
3416, -17.7045, -0.0060, 0.000050
3417, -20.0227, -0.0110, 0.000050
3418, -21.3864, -0.0085, 0.000050
3419, -22.9545, -0.0040, 0.000050
3420, -18.3636, -0.0115, 0.000050
3421, -19.2045, -0.0018, 0.000050
3422, -19.1818, -0.0015, 0.000050
3423, -17.4419, -0.0040, 0.000050
3424, -24.4048, -0.0020, 0.000050
3425, -22.2500, -0.0034, 0.000050
3426, -16.7273, -0.0112, 0.000050
3427, -15.2500, -0.0052, 0.000050
3428, -21.4091, -0.0003, 0.000050
3429, -19.5682, -0.0023, 0.000050
3430, -22.7273, -0.0039, 0.000050
3431, -19.1364, -0.0022, 0.000050
3432, -17.2093, -0.0054, 0.000050
3433, -19.1628, -0.0028, 0.000050
3434, -18.6364, -0.0021, 0.000050
3435, -18.6591, -0.0116, 0.000050
3436, -21.4318, -0.0073, 0.000050
3437, -17.7955, -0.0032, 0.000050
3438, -24.4762, 0.0001, 0.000050
3439, -20.4318, -0.0054, 0.000050
3440, -18.9318, -0.0014, 0.000050
3441, -20.0000, -0.0096, 0.000050
3442, -21.9545, -0.0069, 0.000050
3443, -15.3636, -0.0057, 0.000050
3444, -17.8409, -0.0059, 0.000050
3445, -24.1136, -0.0021, 0.000050
3446, -21.5000, -0.0087, 0.000050
3447, -24.1591, -0.0042, 0.000050
3448, -19.6818, -0.0019, 0.000050
3449, -17.1818, -0.0039, 0.000050
3450, -27.5455, 0.0014, 0.000050
3451, -16.4091, -0.0055, 0.000050
3452, -25.3409, -0.0018, 0.000050
3453, -19.6364, -0.0100, 0.000050
3454, -26.0227, -0.0016, 0.000050
3455, -19.6136, -0.0089, 0.000050
3456, -17.0455, -0.0053, 0.000050
3457, -19.7955, -0.0105, 0.000050
3458, -21.7727, -0.0095, 0.000050
3459, -21.7273, -0.0080, 0.000050
3460, -19.1818, -0.0085, 0.000050
3461, -22.3409, -0.0069, 0.000050
3462, -18.8182, -0.0032, 0.000050
3463, -21.2045, -0.0018, 0.000050
3464, -20.5000, -0.0136, 0.000050
3465, -22.9318, -0.0032, 0.000050
3466, -18.8636, -0.0041, 0.000050
3467, -17.7500, -0.0045, 0.000050
3468, -21.4545, -0.0073, 0.000050
3469, -17.1364, -0.0055, 0.000050
3470, -23.2273, -0.0047, 0.000050
3471, -21.5000, -0.0072, 0.000050
3472, -18.5000, -0.0140, 0.000050
3473, -21.9070, -0.0104, 0.000050
3474, -20.5952, -0.0104, 0.000050
3475, -18.5455, -0.0136, 0.000050
3476, -21.5682, 0.0004, 0.000050
3477, -17.9318, -0.0041, 0.000050
3478, -13.8636, -0.0064, 0.000050
3479, -24.1136, -0.0004, 0.000050
3480, -25.8182, -0.0028, 0.000050
3481, -21.7727, -0.0019, 0.000050
3482, -25.9091, -0.0019, 0.000050
3483, -17.0227, -0.0119, 0.000050
3484, -20.9773, -0.0008, 0.000050
3485, -17.8864, -0.0081, 0.000050
3486, -20.5455, -0.0065, 0.000050
3487, -17.4545, -0.0042, 0.000050
3488, -24.9318, -0.0013, 0.000050
3489, -24.0714, -0.0023, 0.000050
3490, -21.2727, -0.0071, 0.000050
3491, -22.5227, -0.0027, 0.000050
3492, -21.0000, -0.0097, 0.000050
3493, -17.3182, -0.0133, 0.000050
3494, -17.8182, -0.0026, 0.000050
3495, -20.9048, -0.0006, 0.000050
3496, -20.4318, -0.0113, 0.000050
3497, -15.7273, -0.0052, 0.000050
3498, -18.4545, -0.0022, 0.000050
3499, -17.0000, -0.0028, 0.000050
3500, -18.9091, -0.0081, 0.000050
3501, -23.8409, -0.0008, 0.000050
3502, -18.7045, -0.0016, 0.000050
3503, -19.7045, -0.0082, 0.000050
3504, -21.9318, -0.0044, 0.000050
3505, -21.2727, -0.0085, 0.000050
3506, -17.7381, -0.0038, 0.000050
3507, -19.0682, -0.0085, 0.000050
3508, -18.9091, -0.0021, 0.000050
3509, -21.2273, -0.0049, 0.000050
3510, -18.5227, -0.0020, 0.000050
3511, -18.3409, -0.0021, 0.000050
3512, -19.5682, -0.0095, 0.000050
3513, -17.4545, -0.0029, 0.000050
3514, -24.2727, -0.0003, 0.000050
3515, -19.3409, -0.0009, 0.000050
3516, -26.2558, -0.0048, 0.000050
3517, -18.6744, -0.0087, 0.000050
3518, -20.0227, -0.0112, 0.000050
3519, -21.6591, -0.0062, 0.000050
3520, -20.2955, -0.0077, 0.000050
3521, -22.4773, -0.0032, 0.000050
3522, -21.5227, -0.0069, 0.000050
3523, -17.9773, -0.0033, 0.000050
3524, -19.2955, -0.0063, 0.000050
3525, -21.0909, -0.0038, 0.000050
3526, -22.0909, -0.0057, 0.000050
3527, -23.8864, 0.0014, 0.000050
3528, -20.7500, -0.0062, 0.000050
3529, -22.2955, -0.0056, 0.000050
3530, -15.8409, -0.0062, 0.000050
3531, -22.2045, -0.0077, 0.000050
3532, -20.0227, -0.0017, 0.000050
3533, -21.7955, -0.0099, 0.000050
3534, -19.2955, -0.0023, 0.000050
3535, -24.3182, -0.0028, 0.000050
3536, -19.7955, -0.0122, 0.000050
3537, -22.5682, -0.0044, 0.000050
3538, -23.7500, -0.0079, 0.000050
3539, -23.2273, -0.0036, 0.000050
3540, -24.5349, -0.0023, 0.000050
3541, -19.3636, -0.0024, 0.000050
3542, -25.5000, -0.0005, 0.000050
3543, -17.2727, -0.0102, 0.000050
3544, -23.0930, -0.0069, 0.000050
3545, -27.9545, 0.0015, 0.000050
3546, -20.0909, -0.0067, 0.000050
3547, -18.3864, -0.0041, 0.000050
3548, -23.8409, -0.0054, 0.000050
3549, -16.6364, -0.0057, 0.000050
3550, -21.0455, -0.0062, 0.000050
3551, -19.2791, -0.0107, 0.000050
3552, -21.0000, -0.0014, 0.000050
3553, -20.4091, -0.0127, 0.000050
3554, -20.8095, -0.0021, 0.000050
3555, -20.6818, -0.0075, 0.000050
3556, -23.4773, -0.0028, 0.000050
3557, -18.9773, -0.0034, 0.000050
3558, -19.9070, -0.0103, 0.000050
3559, -20.3636, -0.0056, 0.000050
3560, -25.6364, -0.0004, 0.000050
3561, -20.7500, -0.0100, 0.000050
3562, -24.9286, -0.0048, 0.000050
3563, -18.5000, -0.0092, 0.000050
3564, -21.1136, -0.0095, 0.000050
3565, -20.2955, -0.0001, 0.000050
3566, -23.6818, -0.0027, 0.000050
3567, -21.9773, -0.0078, 0.000050
3568, -20.9773, -0.0067, 0.000050
3569, -21.1591, -0.0112, 0.000050
3570, -21.0682, -0.0021, 0.000050
3571, -23.3864, -0.0055, 0.000050
3572, -18.8182, -0.0033, 0.000050
3573, -23.9545, -0.0050, 0.000050
3574, -21.5227, -0.0075, 0.000050
3575, -20.4545, -0.0079, 0.000050
3576, -19.2045, -0.0105, 0.000050
3577, -22.7727, -0.0080, 0.000050
3578, -18.9762, -0.0032, 0.000050
3579, -25.0227, -0.0037, 0.000050
3580, -18.0455, -0.0047, 0.000050
3581, -19.0465, -0.0109, 0.000050
3582, -17.5227, -0.0146, 0.000050
3583, -21.6818, -0.0004, 0.000050
3584, -22.4091, -0.0042, 0.000050
3585, -24.5682, -0.0075, 0.000050
3586, -22.2273, -0.0009, 0.000050
3587, -16.9302, -0.0053, 0.000050
3588, -24.5909, -0.0012, 0.000050
3589, -21.7955, -0.0056, 0.000050
3590, -22.5000, -0.0011, 0.000050
3591, -19.0227, -0.0026, 0.000050
3592, -25.2955, -0.0024, 0.000050
3593, -19.6364, -0.0121, 0.000050
3594, -22.0682, -0.0113, 0.000050
3595, -19.7045, -0.0114, 0.000050
3596, -20.5000, -0.0098, 0.000050
3597, -22.5909, -0.0062, 0.000050
3598, -21.6136, -0.0041, 0.000050
3599, -20.9545, 0.0009, 0.000050
3600, -17.2727, -0.0106, 0.000050
3601, -21.1818, -0.0057, 0.000050
3602, -23.2273, 0.0004, 0.000050
3603, -25.5909, -0.0014, 0.000050
3604, -22.8182, -0.0041, 0.000050
3605, -23.2727, -0.0045, 0.000050
3606, -21.1190, -0.0014, 0.000050
3607, -20.6591, -0.0017, 0.000050
3608, -28.9524, 0.0014, 0.000050
3609, -18.1818, -0.0039, 0.000050
3610, -24.3409, -0.0078, 0.000050
3611, -18.8409, -0.0029, 0.000050
3612, -22.9545, -0.0020, 0.000050
3613, -17.7045, -0.0054, 0.000050
3614, -21.1364, -0.0099, 0.000050
3615, -21.2273, -0.0085, 0.000050
3616, -24.0682, -0.0062, 0.000050
3617, -22.5714, -0.0053, 0.000050
3618, -21.7500, -0.0068, 0.000050
3619, -24.5455, -0.0047, 0.000050
3620, -23.9318, -0.0070, 0.000050
3621, -26.6591, -0.0005, 0.000050
3622, -15.5000, -0.0065, 0.000050
3623, -21.2955, -0.0077, 0.000050
3624, -17.6818, -0.0062, 0.000050
3625, -19.5227, -0.0052, 0.000050
3626, -17.2500, -0.0061, 0.000050
3627, -17.6744, -0.0068, 0.000050
3628, -18.0909, -0.0060, 0.000050
3629, -23.5909, -0.0047, 0.000050
3630, -22.6136, -0.0069, 0.000050
3631, -19.4318, -0.0040, 0.000050
3632, -18.0909, -0.0144, 0.000050
3633, -18.2045, -0.0163, 0.000050
3634, -21.8864, -0.0058, 0.000050
3635, -18.3864, -0.0032, 0.000050
3636, -17.0930, -0.0046, 0.000050
3637, -20.5909, -0.0026, 0.000050
3638, -16.2727, -0.0130, 0.000050
3639, -22.0909, -0.0066, 0.000050
3640, -29.0465, 0.0015, 0.000050
3641, -18.2273, -0.0132, 0.000050
3642, -18.4318, -0.0034, 0.000050
3643, -23.6818, -0.0045, 0.000050
3644, -22.2045, -0.0071, 0.000050
3645, -19.5000, -0.0045, 0.000050
3646, -18.7273, -0.0045, 0.000050
3647, -18.3864, -0.0144, 0.000050
3648, -18.0465, -0.0031, 0.000050
3649, -20.5909, -0.0083, 0.000050
3650, -18.4318, -0.0118, 0.000050
3651, -23.8864, -0.0035, 0.000050
3652, -20.4773, -0.0011, 0.000050
3653, -15.2273, -0.0088, 0.000050
3654, -25.5000, 0.0010, 0.000050
3655, -20.2727, -0.0126, 0.000050
3656, -18.2955, -0.0029, 0.000050
3657, -23.8864, -0.0030, 0.000050
3658, -20.8182, 0.0006, 0.000050
3659, -20.2727, -0.0033, 0.000050
3660, -16.7955, -0.0054, 0.000050
3661, -17.8636, -0.0048, 0.000050
3662, -17.8636, -0.0129, 0.000050
3663, -21.0000, 0.0002, 0.000050
3664, -20.1136, -0.0026, 0.000050
3665, -16.5682, -0.0048, 0.000050
3666, -21.5909, -0.0106, 0.000050
3667, -24.3182, -0.0023, 0.000050
3668, -16.5000, -0.0050, 0.000050
3669, -22.2500, -0.0033, 0.000050
3670, -17.9091, -0.0036, 0.000050
3671, -17.5682, -0.0038, 0.000050
3672, -17.0682, -0.0051, 0.000050
3673, -21.6818, -0.0062, 0.000050
3674, -24.1364, -0.0026, 0.000050
3675, -25.2093, -0.0041, 0.000050
3676, -19.4186, -0.0106, 0.000050
3677, -20.0909, -0.0121, 0.000050
3678, -17.3636, -0.0105, 0.000050
3679, -21.9773, -0.0049, 0.000050
3680, -18.2955, -0.0023, 0.000050
3681, -19.7955, -0.0009, 0.000050
3682, -15.9545, -0.0056, 0.000050
3683, -21.4773, -0.0084, 0.000050
3684, -18.2045, -0.0041, 0.000050
3685, -19.8333, -0.0109, 0.000050
3686, -24.0909, -0.0032, 0.000050
3687, -20.4318, -0.0102, 0.000050
3688, -19.9773, -0.0090, 0.000050
3689, -17.0682, -0.0031, 0.000050
3690, -25.5682, -0.0015, 0.000050
3691, -18.2500, -0.0026, 0.000050
3692, -19.3182, -0.0073, 0.000050
3693, -20.5682, -0.0038, 0.000050
3694, -15.5349, -0.0037, 0.000050
3695, -26.1136, 0.0018, 0.000050
3696, -16.7273, -0.0039, 0.000050
3697, -19.3864, -0.0067, 0.000050
3698, -19.4419, -0.0019, 0.000050
3699, -22.9773, -0.0047, 0.000050
3700, -18.6364, -0.0091, 0.000050
3701, -19.6136, -0.0011, 0.000050
3702, -22.6136, -0.0018, 0.000050
3703, -20.9318, -0.0031, 0.000050
3704, -21.4091, -0.0035, 0.000050
3705, -22.2955, 0.0017, 0.000050
3706, -16.5909, -0.0025, 0.000050
3707, -25.2045, -0.0003, 0.000050
3708, -18.3409, -0.0033, 0.000050
3709, -25.1818, -0.0008, 0.000050
3710, -18.2955, -0.0015, 0.000050
3711, -18.7727, -0.0106, 0.000050
3712, -20.5682, -0.0063, 0.000050
3713, -19.0455, -0.0017, 0.000050
3714, -17.2727, -0.0032, 0.000050
3715, -20.8182, 0.0003, 0.000050
3716, -21.3409, -0.0072, 0.000050
3717, -17.3636, -0.0113, 0.000050
3718, -18.9773, -0.0007, 0.000050
3719, -18.1591, -0.0017, 0.000050
3720, -26.1364, 0.0015, 0.000050
3721, -18.5455, -0.0106, 0.000050
3722, -18.6364, -0.0120, 0.000050
3723, -18.6136, -0.0096, 0.000050
3724, -17.6744, -0.0026, 0.000050
3725, -20.6136, -0.0057, 0.000050
3726, -18.7442, -0.0009, 0.000050
3727, -17.4773, -0.0083, 0.000050
3728, -14.9091, -0.0053, 0.000050
3729, -19.9091, -0.0004, 0.000050
3730, -24.6818, -0.0008, 0.000050
3731, -18.5000, -0.0019, 0.000050
3732, -17.8182, -0.0021, 0.000050
3733, -25.4091, 0.0007, 0.000050
3734, -20.5682, -0.0102, 0.000050
3735, -18.9773, -0.0107, 0.000050
3736, -16.0909, -0.0035, 0.000050
3737, -25.6364, -0.0006, 0.000050
3738, -19.9091, -0.0002, 0.000050
3739, -17.2955, -0.0036, 0.000050
3740, -23.9773, -0.0009, 0.000050
3741, -20.2273, -0.0099, 0.000050
3742, -16.9773, -0.0032, 0.000050
3743, -16.4091, -0.0044, 0.000050
3744, -21.5000, -0.0073, 0.000050
3745, -16.9091, -0.0061, 0.000050
3746, -18.9091, -0.0087, 0.000050
3747, -18.8182, -0.0070, 0.000050
3748, -19.4318, 0.0006, 0.000050
3749, -18.0682, -0.0009, 0.000050
3750, -20.0227, 0.0012, 0.000050
3751, -16.1395, -0.0022, 0.000050
3752, -17.8182, -0.0022, 0.000050
3753, -23.1818, -0.0021, 0.000050
3754, -14.2273, -0.0078, 0.000050
3755, -20.0909, -0.0061, 0.000050
3756, -22.4091, -0.0031, 0.000050
3757, -19.5455, -0.0001, 0.000050
3758, -18.4773, -0.0010, 0.000050
3759, -18.6364, -0.0022, 0.000050
3760, -20.6818, -0.0082, 0.000050
3761, -23.7500, -0.0020, 0.000050
3762, -21.5455, -0.0047, 0.000050
3763, -17.7045, -0.0030, 0.000050
3764, -25.4091, -0.0040, 0.000050
3765, -17.2955, -0.0033, 0.000050
3766, -23.0455, -0.0051, 0.000050
3767, -18.6364, -0.0033, 0.000050
3768, -18.8636, -0.0100, 0.000050
3769, -19.7045, -0.0031, 0.000050
3770, -18.1818, -0.0100, 0.000050
3771, -21.9773, -0.0064, 0.000050
3772, -19.0455, -0.0027, 0.000050
3773, -24.0227, -0.0028, 0.000050
3774, -24.2955, -0.0037, 0.000050
3775, -17.2273, -0.0127, 0.000050
3776, -20.3409, -0.0097, 0.000050
3777, -18.8636, -0.0060, 0.000050
3778, -22.1136, -0.0068, 0.000050
3779, -22.7674, -0.0071, 0.000050
3780, -15.8409, -0.0070, 0.000050
3781, -16.7955, -0.0083, 0.000050
3782, -21.6591, -0.0051, 0.000050
3783, -17.2500, -0.0056, 0.000050
3784, -21.2273, -0.0001, 0.000050
3785, -19.5227, -0.0103, 0.000050
3786, -21.6818, -0.0061, 0.000050
3787, -18.2955, -0.0036, 0.000050
3788, -19.8636, -0.0099, 0.000050
3789, -22.3636, -0.0106, 0.000050
3790, -19.8182, -0.0035, 0.000050
3791, -18.4773, -0.0016, 0.000050
3792, -22.5909, -0.0024, 0.000050
3793, -24.8636, 0.0003, 0.000050
3794, -15.6136, -0.0055, 0.000050
3795, -25.2558, -0.0048, 0.000050
3796, -22.7045, -0.0086, 0.000050
3797, -21.1591, -0.0089, 0.000050
3798, -14.8636, -0.0081, 0.000050
3799, -20.9773, -0.0049, 0.000050
3800, -17.1591, -0.0027, 0.000050
3801, -19.7045, -0.0028, 0.000050
3802, -22.3864, -0.0072, 0.000050
3803, -18.2727, -0.0030, 0.000050
3804, -20.5227, -0.0018, 0.000050
3805, -29.2857, 0.0017, 0.000050
3806, -20.3636, -0.0076, 0.000050
3807, -18.4773, -0.0048, 0.000050
3808, -21.8182, -0.0071, 0.000050
3809, -15.2955, -0.0060, 0.000050
3810, -19.6591, -0.0069, 0.000050
3811, -19.2727, -0.0040, 0.000050
3812, -25.8182, -0.0041, 0.000050
3813, -17.5455, -0.0053, 0.000050
3814, -20.6136, -0.0113, 0.000050
3815, -18.0000, -0.0121, 0.000050
3816, -24.9318, -0.0027, 0.000050
3817, -17.0455, -0.0130, 0.000050
3818, -18.6591, -0.0085, 0.000050
3819, -24.3409, -0.0039, 0.000050
3820, -19.2727, -0.0020, 0.000050
3821, -24.3864, 0.0013, 0.000050
3822, -19.3182, -0.0093, 0.000050
3823, -14.1860, -0.0090, 0.000050
3824, -21.6818, -0.0008, 0.000050
3825, -21.7273, -0.0064, 0.000050
3826, -18.7273, -0.0033, 0.000050
3827, -17.6364, -0.0052, 0.000050
3828, -14.4773, -0.0084, 0.000050
3829, -18.3864, -0.0044, 0.000050
3830, -17.1136, -0.0119, 0.000050
3831, -29.2955, -0.0011, 0.000050
3832, -18.9318, -0.0135, 0.000050
3833, -17.5909, -0.0053, 0.000050
3834, -19.3256, -0.0026, 0.000050
3835, -17.8810, -0.0045, 0.000050
3836, -18.3182, -0.0147, 0.000050
3837, -24.7955, -0.0030, 0.000050
3838, -19.8605, -0.0036, 0.000050
3839, -23.0000, -0.0074, 0.000050
3840, -20.1364, -0.0050, 0.000050
3841, -17.2273, -0.0062, 0.000050
3842, -25.8182, -0.0052, 0.000050
3843, -21.5682, -0.0082, 0.000050
3844, -21.5000, -0.0073, 0.000050
3845, -16.1364, -0.0062, 0.000050
3846, -21.0682, -0.0048, 0.000050
3847, -17.5909, -0.0054, 0.000050
3848, -17.1364, -0.0165, 0.000050
3849, -23.4318, -0.0056, 0.000050
3850, -20.4651, -0.0101, 0.000050
3851, -17.1364, -0.0050, 0.000050
3852, -20.0682, -0.0104, 0.000050
3853, -18.2955, -0.0034, 0.000050
3854, -17.8333, -0.0030, 0.000050
3855, -16.7500, -0.0035, 0.000050
3856, -19.2727, -0.0063, 0.000050
3857, -18.6364, -0.0027, 0.000050
3858, -16.8409, -0.0049, 0.000050
3859, -19.2955, -0.0101, 0.000050
3860, -22.9091, 0.0015, 0.000050
3861, -17.4091, -0.0022, 0.000050
3862, -17.0455, -0.0027, 0.000050
3863, -16.2045, -0.0054, 0.000050
3864, -23.0455, -0.0009, 0.000050
3865, -21.2500, -0.0039, 0.000050
3866, -20.2500, -0.0058, 0.000050
3867, -16.7674, -0.0039, 0.000050
3868, -16.8372, -0.0053, 0.000050
3869, -15.5000, -0.0051, 0.000050
3870, -20.3864, -0.0059, 0.000050
3871, -18.9318, -0.0035, 0.000050
3872, -18.8409, -0.0022, 0.000050
3873, -22.3488, -0.0048, 0.000050
3874, -23.7273, -0.0023, 0.000050
3875, -23.0698, -0.0054, 0.000050
3876, -18.5455, -0.0097, 0.000050
3877, -21.5909, -0.0090, 0.000050
3878, -25.2045, -0.0019, 0.000050
3879, -19.2273, -0.0089, 0.000050
3880, -18.7273, -0.0100, 0.000050
3881, -18.7500, -0.0127, 0.000050
3882, -24.2727, -0.0036, 0.000050
3883, -21.1364, -0.0083, 0.000050
3884, -18.8636, -0.0025, 0.000050
3885, -17.8636, -0.0047, 0.000050
3886, -23.8409, -0.0032, 0.000050
3887, -17.7273, -0.0088, 0.000050
3888, -18.6364, -0.0043, 0.000050
3889, -28.2727, -0.0041, 0.000050
3890, -23.1364, -0.0083, 0.000050
3891, -24.2727, -0.0052, 0.000050
3892, -17.0227, -0.0057, 0.000050
3893, -17.7045, -0.0049, 0.000050
3894, -20.1591, -0.0101, 0.000050
3895, -16.1364, -0.0069, 0.000050
3896, -21.7500, -0.0011, 0.000050
3897, -20.2619, -0.0013, 0.000050
3898, -27.3953, -0.0021, 0.000050
3899, -18.4091, -0.0126, 0.000050
3900, -25.0682, -0.0009, 0.000050
3901, -23.9545, -0.0034, 0.000050
3902, -20.7955, -0.0113, 0.000050
3903, -19.1364, -0.0132, 0.000050
3904, -16.1136, -0.0063, 0.000050
3905, -18.7955, -0.0131, 0.000050
3906, -15.2273, -0.0083, 0.000050
3907, -17.6364, -0.0044, 0.000050
3908, -16.3864, -0.0042, 0.000050
3909, -23.2955, -0.0027, 0.000050
3910, -22.0682, -0.0099, 0.000050
3911, -22.1136, -0.0047, 0.000050
3912, -19.6818, -0.0008, 0.000050
3913, -18.1818, -0.0061, 0.000050
3914, -22.0465, -0.0061, 0.000050
3915, -22.7955, -0.0045, 0.000050
3916, -22.7955, -0.0038, 0.000050
3917, -23.4773, -0.0083, 0.000050
3918, -21.2500, -0.0091, 0.000050
3919, -19.0000, -0.0102, 0.000050
3920, -19.4773, -0.0105, 0.000050
3921, -15.6364, -0.0052, 0.000050
3922, -24.5682, -0.0024, 0.000050
3923, -20.4419, -0.0117, 0.000050
3924, -19.3182, -0.0108, 0.000050
3925, -22.2500, -0.0069, 0.000050
3926, -20.4091, -0.0079, 0.000050
3927, -19.5000, -0.0024, 0.000050
3928, -20.5455, -0.0086, 0.000050
3929, -22.2558, -0.0089, 0.000050
3930, -18.8409, -0.0023, 0.000050
3931, -21.2273, -0.0001, 0.000050
3932, -19.4091, -0.0124, 0.000050
3933, -23.3636, -0.0055, 0.000050
3934, -19.0455, -0.0100, 0.000050
3935, -18.0227, -0.0037, 0.000050
3936, -17.0455, -0.0023, 0.000050
3937, -23.7045, -0.0006, 0.000050
3938, -17.6136, -0.0040, 0.000050
3939, -22.8605, -0.0026, 0.000050
3940, -25.7727, -0.0001, 0.000050
3941, -17.3182, -0.0037, 0.000050
3942, -21.6047, -0.0059, 0.000050
3943, -21.0227, -0.0096, 0.000050
3944, -17.5909, -0.0145, 0.000050
3945, -21.4318, -0.0082, 0.000050
3946, -23.0682, -0.0062, 0.000050
3947, -19.2273, -0.0081, 0.000050
3948, -20.7955, -0.0039, 0.000050
3949, -17.7955, -0.0019, 0.000050
3950, -17.7273, -0.0027, 0.000050
3951, -22.5455, -0.0060, 0.000050
3952, -25.5227, 0.0006, 0.000050
3953, -17.8864, -0.0029, 0.000050
3954, -20.5227, -0.0039, 0.000050
3955, -18.6512, -0.0026, 0.000050
3956, -20.8409, -0.0081, 0.000050
3957, -16.8837, -0.0037, 0.000050
3958, -17.6364, -0.0038, 0.000050
3959, -21.8409, 0.0006, 0.000050
3960, -15.9762, -0.0043, 0.000050
3961, -18.1136, -0.0035, 0.000050
3962, -19.2500, -0.0062, 0.000050
3963, -19.5714, -0.0026, 0.000050
3964, -18.5000, -0.0080, 0.000050
3965, -21.9545, -0.0073, 0.000050
3966, -23.5682, -0.0044, 0.000050
3967, -15.9773, -0.0049, 0.000050
3968, -22.4773, -0.0046, 0.000050
3969, -16.3864, -0.0063, 0.000050
3970, -26.5238, -0.0017, 0.000050
3971, -20.8636, -0.0063, 0.000050
3972, -22.4318, -0.0019, 0.000050
3973, -21.0455, -0.0079, 0.000050
3974, -15.7273, -0.0052, 0.000050
3975, -15.1364, -0.0063, 0.000050
3976, -21.9302, -0.0082, 0.000050
3977, -18.6591, -0.0020, 0.000050
3978, -21.7500, -0.0033, 0.000050
3979, -21.2558, -0.0055, 0.000050
3980, -18.7500, -0.0026, 0.000050
3981, -16.2045, -0.0126, 0.000050
3982, -17.2955, -0.0046, 0.000050
3983, -20.7500, -0.0017, 0.000050
3984, -18.5455, -0.0027, 0.000050
3985, -20.4773, -0.0058, 0.000050
3986, -19.5227, -0.0109, 0.000050
3987, -16.0455, -0.0069, 0.000050
3988, -24.3864, -0.0029, 0.000050
3989, -23.6818, -0.0036, 0.000050
3990, -21.2273, -0.0054, 0.000050
3991, -20.5455, -0.0055, 0.000050
3992, -21.3571, -0.0105, 0.000050
3993, -24.0909, -0.0013, 0.000050
3994, -16.1591, -0.0128, 0.000050
3995, -21.2273, -0.0084, 0.000050
3996, -19.9773, -0.0104, 0.000050
3997, -20.7500, -0.0056, 0.000050
3998, -18.6364, -0.0091, 0.000050
3999, -19.0909, -0.0023, 0.000050
4000, -16.5909, -0.0036, 0.000050
