episode, reward, loss, lr
1, -25.5455, 0.0212, 0.000050
2, -22.7955, 0.0168, 0.000050
3, -24.4545, 0.0190, 0.000050
4, -25.7045, 0.0162, 0.000050
5, -23.9091, 0.0154, 0.000050
6, -31.1136, 0.0162, 0.000050
7, -26.4545, 0.0100, 0.000050
8, -19.6591, 0.0046, 0.000050
9, -26.8182, 0.0051, 0.000050
10, -19.7955, 0.0023, 0.000050
11, -22.0455, 0.0021, 0.000050
12, -27.4091, -0.0021, 0.000050
13, -24.0455, -0.0085, 0.000050
14, -24.9091, 0.0004, 0.000050
15, -25.5000, -0.0042, 0.000050
16, -26.2045, -0.0038, 0.000050
17, -27.3636, 0.0001, 0.000050
18, -23.9318, -0.0092, 0.000050
19, -25.1364, -0.0087, 0.000050
20, -21.5000, -0.0027, 0.000050
21, -24.0930, -0.0089, 0.000050
22, -20.3953, -0.0058, 0.000050
23, -24.7273, -0.0054, 0.000050
24, -27.8182, -0.0012, 0.000050
25, -24.8864, -0.0051, 0.000050
26, -25.0930, -0.0091, 0.000050
27, -24.9773, -0.0108, 0.000050
28, -19.6364, -0.0164, 0.000050
29, -23.3636, -0.0032, 0.000050
30, -18.7500, -0.0181, 0.000050
31, -30.2500, -0.0033, 0.000050
32, -23.5814, -0.0087, 0.000050
33, -27.6977, -0.0037, 0.000050
34, -20.4318, -0.0068, 0.000050
35, -22.2955, -0.0117, 0.000050
36, -22.7500, -0.0145, 0.000050
37, -30.5909, -0.0012, 0.000050
38, -23.4186, -0.0045, 0.000050
39, -22.5909, -0.0138, 0.000050
40, -27.0909, -0.0057, 0.000050
41, -24.1364, -0.0144, 0.000050
42, -21.5455, -0.0107, 0.000050
43, -21.6364, -0.0147, 0.000050
44, -27.2326, -0.0025, 0.000050
45, -27.9091, -0.0035, 0.000050
46, -24.0233, -0.0079, 0.000050
47, -28.6279, -0.0020, 0.000050
48, -20.4545, -0.0105, 0.000050
49, -30.2273, -0.0018, 0.000050
50, -28.3636, -0.0042, 0.000050
51, -20.1591, -0.0070, 0.000050
52, -24.6136, -0.0150, 0.000050
53, -25.2500, -0.0123, 0.000050
54, -23.5909, -0.0074, 0.000050
55, -24.4773, -0.0057, 0.000050
56, -25.0455, -0.0067, 0.000050
57, -23.2727, -0.0105, 0.000050
58, -22.7045, -0.0026, 0.000050
59, -23.7500, -0.0082, 0.000050
60, -26.3636, -0.0036, 0.000050
61, -26.1136, -0.0068, 0.000050
62, -19.5909, -0.0061, 0.000050
63, -22.7045, -0.0046, 0.000050
64, -24.5000, -0.0105, 0.000050
65, -21.0465, -0.0058, 0.000050
66, -19.7955, -0.0058, 0.000050
67, -26.8864, -0.0053, 0.000050
68, -18.9773, -0.0092, 0.000050
69, -23.8409, -0.0074, 0.000050
70, -27.1591, -0.0123, 0.000050
71, -18.2273, -0.0111, 0.000050
72, -19.4545, -0.0097, 0.000050
73, -24.8864, -0.0125, 0.000050
74, -24.0682, -0.0107, 0.000050
75, -30.6279, -0.0050, 0.000050
76, -23.1136, -0.0124, 0.000050
77, -29.1136, -0.0040, 0.000050
78, -27.3864, -0.0090, 0.000050
79, -25.3409, -0.0075, 0.000050
80, -23.7955, -0.0121, 0.000050
81, -26.1136, -0.0173, 0.000050
82, -21.9318, -0.0128, 0.000050
83, -24.2273, 0.0008, 0.000050
84, -21.7500, 0.0012, 0.000050
85, -21.5909, -0.0084, 0.000050
86, -24.9302, -0.0038, 0.000050
87, -23.8182, -0.0026, 0.000050
88, -24.6136, -0.0057, 0.000050
89, -26.0000, -0.0047, 0.000050
90, -25.2955, -0.0006, 0.000050
91, -23.2955, -0.0075, 0.000050
92, -19.7500, 0.0025, 0.000050
93, -24.3182, -0.0001, 0.000050
94, -20.7273, -0.0052, 0.000050
95, -27.5116, 0.0055, 0.000050
96, -20.2727, -0.0052, 0.000050
97, -21.9545, 0.0002, 0.000050
98, -21.8182, 0.0025, 0.000050
99, -20.5227, 0.0015, 0.000050
100, -23.5909, 0.0023, 0.000050
101, -26.1591, 0.0064, 0.000050
102, -23.4318, 0.0002, 0.000050
103, -20.3864, 0.0034, 0.000050
104, -27.7273, 0.0050, 0.000050
105, -21.0000, -0.0034, 0.000050
106, -20.5909, 0.0022, 0.000050
107, -19.5455, -0.0003, 0.000050
108, -23.5227, -0.0055, 0.000050
109, -25.9773, -0.0001, 0.000050
110, -27.2093, -0.0000, 0.000050
111, -19.6818, -0.0032, 0.000050
112, -23.0000, -0.0113, 0.000050
113, -24.0682, 0.0008, 0.000050
114, -22.8636, 0.0033, 0.000050
115, -25.1818, 0.0026, 0.000050
116, -21.1818, -0.0067, 0.000050
117, -18.9773, -0.0055, 0.000050
118, -20.5682, 0.0056, 0.000050
119, -19.8636, 0.0015, 0.000050
120, -24.4524, 0.0064, 0.000050
121, -17.0000, 0.0010, 0.000050
122, -22.0455, 0.0027, 0.000050
123, -16.8636, 0.0002, 0.000050
124, -27.4651, 0.0037, 0.000050
125, -17.5682, 0.0004, 0.000050
126, -23.8605, 0.0012, 0.000050
127, -22.7273, 0.0040, 0.000050
128, -21.0233, -0.0028, 0.000050
129, -22.9773, -0.0022, 0.000050
130, -18.3182, -0.0025, 0.000050
131, -23.0227, -0.0050, 0.000050
132, -19.7273, -0.0023, 0.000050
133, -23.1364, -0.0089, 0.000050
134, -25.9286, -0.0003, 0.000050
135, -24.9318, -0.0026, 0.000050
136, -23.5455, -0.0057, 0.000050
137, -21.2955, -0.0100, 0.000050
138, -18.4318, -0.0056, 0.000050
139, -21.5116, -0.0126, 0.000050
140, -21.8182, -0.0070, 0.000050
141, -20.3182, -0.0093, 0.000050
142, -20.4318, 0.0001, 0.000050
143, -25.2857, -0.0011, 0.000050
144, -20.5000, -0.0118, 0.000050
145, -20.0455, -0.0020, 0.000050
146, -21.7500, -0.0111, 0.000050
147, -16.4545, -0.0036, 0.000050
148, -21.7674, -0.0055, 0.000050
149, -17.0000, -0.0026, 0.000050
150, -18.8864, -0.0024, 0.000050
151, -16.2955, -0.0044, 0.000050
152, -23.3864, -0.0057, 0.000050
153, -18.2727, -0.0041, 0.000050
154, -17.3636, -0.0033, 0.000050
155, -21.2955, -0.0091, 0.000050
156, -21.7045, -0.0044, 0.000050
157, -22.7727, -0.0022, 0.000050
158, -19.5000, -0.0070, 0.000050
159, -18.0227, -0.0043, 0.000050
160, -22.3636, -0.0059, 0.000050
161, -23.5909, -0.0055, 0.000050
162, -26.3409, -0.0016, 0.000050
163, -26.2273, -0.0041, 0.000050
164, -17.4545, -0.0086, 0.000050
165, -25.1591, -0.0075, 0.000050
166, -20.2500, -0.0047, 0.000050
167, -20.3864, -0.0140, 0.000050
168, -25.8864, -0.0033, 0.000050
169, -22.7955, -0.0131, 0.000050
170, -20.9545, -0.0059, 0.000050
171, -22.5455, 0.0006, 0.000050
172, -23.2045, -0.0006, 0.000050
173, -20.5682, 0.0007, 0.000050
174, -21.0227, -0.0040, 0.000050
175, -21.0909, -0.0062, 0.000050
176, -22.8182, -0.0064, 0.000050
177, -20.0682, -0.0038, 0.000050
178, -19.9545, -0.0106, 0.000050
179, -21.6136, 0.0010, 0.000050
180, -25.1591, 0.0027, 0.000050
181, -22.9318, 0.0008, 0.000050
182, -21.5455, -0.0037, 0.000050
183, -19.2955, -0.0041, 0.000050
184, -24.7045, -0.0005, 0.000050
185, -22.7273, 0.0021, 0.000050
186, -20.3409, -0.0088, 0.000050
187, -21.3409, -0.0032, 0.000050
188, -23.7500, -0.0017, 0.000050
189, -21.6136, -0.0048, 0.000050
190, -20.0000, -0.0007, 0.000050
191, -17.1591, -0.0031, 0.000050
192, -26.0930, -0.0020, 0.000050
193, -20.3182, -0.0108, 0.000050
194, -17.9773, -0.0042, 0.000050
195, -20.7273, -0.0088, 0.000050
196, -21.4762, -0.0122, 0.000050
197, -21.3636, -0.0050, 0.000050
198, -18.2791, -0.0038, 0.000050
199, -20.3864, -0.0109, 0.000050
200, -19.2500, -0.0035, 0.000050
201, -25.5349, -0.0104, 0.000050
202, -16.9302, -0.0025, 0.000050
203, -23.0455, -0.0030, 0.000050
204, -26.7500, 0.0013, 0.000050
205, -24.7273, 0.0007, 0.000050
206, -18.8864, -0.0033, 0.000050
207, -19.1136, -0.0104, 0.000050
208, -21.2955, -0.0072, 0.000050
209, -17.2955, -0.0053, 0.000050
210, -25.0909, -0.0016, 0.000050
211, -22.0455, -0.0109, 0.000050
212, -20.1136, -0.0076, 0.000050
213, -15.2727, -0.0039, 0.000050
214, -27.4318, 0.0026, 0.000050
215, -22.3636, -0.0028, 0.000050
216, -15.6364, -0.0065, 0.000050
217, -22.7955, -0.0049, 0.000050
218, -19.8372, -0.0026, 0.000050
219, -20.8864, -0.0100, 0.000050
220, -22.5909, -0.0055, 0.000050
221, -22.9318, -0.0049, 0.000050
222, -17.6190, -0.0057, 0.000050
223, -24.1190, -0.0039, 0.000050
224, -29.0455, -0.0045, 0.000050
225, -17.5227, -0.0077, 0.000050
226, -21.0000, -0.0134, 0.000050
227, -17.9545, -0.0136, 0.000050
228, -19.4773, -0.0029, 0.000050
229, -22.9545, -0.0045, 0.000050
230, -21.5000, -0.0120, 0.000050
231, -19.7727, -0.0124, 0.000050
232, -25.0682, -0.0043, 0.000050
233, -22.7273, -0.0088, 0.000050
234, -20.2727, -0.0020, 0.000050
235, -21.2045, -0.0106, 0.000050
236, -23.1860, -0.0067, 0.000050
237, -15.9767, -0.0070, 0.000050
238, -24.2273, -0.0074, 0.000050
239, -22.9318, -0.0142, 0.000050
240, -19.7955, -0.0001, 0.000050
241, -22.1591, -0.0048, 0.000050
242, -17.8409, -0.0020, 0.000050
243, -18.4091, -0.0009, 0.000050
244, -21.9318, -0.0055, 0.000050
245, -18.7674, -0.0018, 0.000050
246, -14.7045, -0.0067, 0.000050
247, -27.2500, 0.0014, 0.000050
248, -24.2045, -0.0051, 0.000050
249, -18.3636, -0.0032, 0.000050
250, -22.2143, -0.0065, 0.000050
251, -19.9091, -0.0110, 0.000050
252, -20.2273, -0.0124, 0.000050
253, -18.2727, -0.0041, 0.000050
254, -20.8636, -0.0040, 0.000050
255, -18.8864, -0.0028, 0.000050
256, -20.5909, -0.0074, 0.000050
257, -21.8864, -0.0077, 0.000050
258, -24.9091, -0.0037, 0.000050
259, -16.7273, -0.0054, 0.000050
260, -19.5455, -0.0033, 0.000050
261, -20.9318, -0.0110, 0.000050
262, -21.7500, -0.0089, 0.000050
263, -20.2273, -0.0018, 0.000050
264, -25.1591, -0.0039, 0.000050
265, -16.6818, -0.0068, 0.000050
266, -19.5227, -0.0140, 0.000050
267, -17.5455, -0.0040, 0.000050
268, -18.0455, -0.0039, 0.000050
269, -25.0682, 0.0015, 0.000050
270, -19.4545, -0.0109, 0.000050
271, -19.0465, -0.0028, 0.000050
272, -22.8182, -0.0031, 0.000050
273, -16.9318, -0.0047, 0.000050
274, -16.5455, -0.0058, 0.000050
275, -24.9545, -0.0039, 0.000050
276, -25.2273, -0.0024, 0.000050
277, -19.1591, -0.0039, 0.000050
278, -21.1364, -0.0113, 0.000050
279, -18.5455, -0.0039, 0.000050
280, -23.7727, -0.0057, 0.000050
281, -26.0227, -0.0038, 0.000050
282, -17.3182, -0.0126, 0.000050
283, -14.5000, -0.0086, 0.000050
284, -20.2955, -0.0098, 0.000050
285, -20.1364, -0.0139, 0.000050
286, -19.2273, -0.0016, 0.000050
287, -21.5227, -0.0076, 0.000050
288, -20.7727, -0.0030, 0.000050
289, -20.5227, -0.0014, 0.000050
290, -24.3864, -0.0019, 0.000050
291, -19.1818, -0.0132, 0.000050
292, -22.9091, -0.0035, 0.000050
293, -17.3636, -0.0038, 0.000050
294, -20.8864, -0.0047, 0.000050
295, -22.2045, -0.0068, 0.000050
296, -19.5000, -0.0099, 0.000050
297, -18.9545, -0.0021, 0.000050
298, -21.3864, -0.0067, 0.000050
299, -20.0227, -0.0026, 0.000050
300, -19.7273, -0.0086, 0.000050
301, -22.8636, -0.0078, 0.000050
302, -21.0000, -0.0026, 0.000050
303, -22.2727, -0.0110, 0.000050
304, -16.1136, -0.0078, 0.000050
305, -20.0455, -0.0086, 0.000050
306, -22.0455, -0.0074, 0.000050
307, -18.4545, -0.0053, 0.000050
308, -16.9091, -0.0056, 0.000050
309, -21.8636, -0.0081, 0.000050
310, -26.0476, -0.0070, 0.000050
311, -16.7955, -0.0080, 0.000050
312, -15.8864, -0.0077, 0.000050
313, -21.6591, -0.0107, 0.000050
314, -18.3721, -0.0142, 0.000050
315, -15.4091, -0.0071, 0.000050
316, -21.9773, -0.0061, 0.000050
317, -19.0233, -0.0132, 0.000050
318, -23.7727, 0.0019, 0.000050
319, -19.5227, -0.0066, 0.000050
320, -16.4773, -0.0011, 0.000050
321, -23.8864, -0.0005, 0.000050
322, -22.8182, 0.0013, 0.000050
323, -20.9091, -0.0086, 0.000050
324, -19.0930, 0.0023, 0.000050
325, -19.1136, -0.0045, 0.000050
326, -20.8864, 0.0045, 0.000050
327, -21.4545, -0.0023, 0.000050
328, -21.2500, 0.0043, 0.000050
329, -22.6591, 0.0009, 0.000050
330, -16.3864, -0.0027, 0.000050
331, -23.8182, 0.0009, 0.000050
332, -21.3409, -0.0052, 0.000050
333, -25.2727, 0.0011, 0.000050
334, -17.0455, -0.0049, 0.000050
335, -22.1364, -0.0023, 0.000050
336, -16.5000, -0.0055, 0.000050
337, -18.2727, -0.0032, 0.000050
338, -18.6364, -0.0107, 0.000050
339, -18.6364, -0.0125, 0.000050
340, -19.9318, -0.0079, 0.000050
341, -13.3023, -0.0070, 0.000050
342, -19.5000, -0.0003, 0.000050
343, -19.1136, -0.0009, 0.000050
344, -23.0000, -0.0067, 0.000050
345, -15.3182, -0.0041, 0.000050
346, -18.7500, -0.0005, 0.000050
347, -18.1364, -0.0020, 0.000050
348, -17.8864, -0.0023, 0.000050
349, -20.4318, -0.0083, 0.000050
350, -19.6136, -0.0052, 0.000050
351, -18.4318, -0.0100, 0.000050
352, -23.3636, 0.0001, 0.000050
353, -20.0455, -0.0041, 0.000050
354, -21.0000, -0.0023, 0.000050
355, -19.3409, -0.0091, 0.000050
356, -21.8636, -0.0008, 0.000050
357, -23.8636, -0.0013, 0.000050
358, -19.2273, -0.0011, 0.000050
359, -21.2045, -0.0064, 0.000050
360, -20.1591, -0.0074, 0.000050
361, -16.3409, -0.0043, 0.000050
362, -20.9318, -0.0079, 0.000050
363, -17.9318, -0.0031, 0.000050
364, -16.2326, -0.0047, 0.000050
365, -19.8837, -0.0022, 0.000050
366, -21.2955, -0.0021, 0.000050
367, -19.2727, -0.0107, 0.000050
368, -20.6136, -0.0007, 0.000050
369, -19.4545, -0.0016, 0.000050
370, -24.1136, -0.0063, 0.000050
371, -17.1395, -0.0059, 0.000050
372, -21.2045, -0.0087, 0.000050
373, -17.3636, -0.0066, 0.000050
374, -18.1136, -0.0054, 0.000050
375, -21.2955, -0.0075, 0.000050
376, -22.4186, -0.0070, 0.000050
377, -24.3636, -0.0041, 0.000050
378, -20.1628, -0.0046, 0.000050
379, -19.8409, -0.0134, 0.000050
380, -26.0909, -0.0030, 0.000050
381, -18.7273, -0.0106, 0.000050
382, -16.8182, -0.0090, 0.000050
383, -18.1818, -0.0053, 0.000050
384, -20.2558, -0.0096, 0.000050
385, -19.3182, -0.0113, 0.000050
386, -18.6744, -0.0033, 0.000050
387, -17.5682, -0.0046, 0.000050
388, -21.9091, -0.0089, 0.000050
389, -21.9773, -0.0066, 0.000050
390, -20.2273, -0.0030, 0.000050
391, -17.8409, -0.0104, 0.000050
392, -18.6364, -0.0053, 0.000050
393, -26.6429, -0.0026, 0.000050
394, -16.2273, -0.0150, 0.000050
395, -21.2500, -0.0075, 0.000050
396, -17.9091, -0.0041, 0.000050
397, -22.9545, -0.0054, 0.000050
398, -18.9091, -0.0097, 0.000050
399, -21.4318, -0.0130, 0.000050
400, -17.2500, -0.0018, 0.000050
401, -19.2558, -0.0002, 0.000050
402, -20.0455, -0.0005, 0.000050
403, -19.8140, -0.0090, 0.000050
404, -20.6364, -0.0028, 0.000050
405, -19.2500, 0.0045, 0.000050
406, -17.9091, -0.0017, 0.000050
407, -19.8636, 0.0047, 0.000050
408, -24.0227, -0.0030, 0.000050
409, -20.5682, 0.0057, 0.000050
410, -22.9524, 0.0065, 0.000050
411, -21.0682, -0.0001, 0.000050
412, -23.6136, 0.0023, 0.000050
413, -21.1136, 0.0003, 0.000050
414, -20.9091, -0.0023, 0.000050
415, -19.9773, 0.0021, 0.000050
416, -20.1163, -0.0043, 0.000050
417, -21.0000, -0.0050, 0.000050
418, -21.2045, -0.0041, 0.000050
419, -19.2727, -0.0086, 0.000050
420, -16.7045, -0.0012, 0.000050
421, -23.5714, -0.0031, 0.000050
422, -19.0682, -0.0061, 0.000050
423, -19.2955, -0.0076, 0.000050
424, -15.9545, -0.0037, 0.000050
425, -18.9773, -0.0052, 0.000050
426, -15.9545, -0.0045, 0.000050
427, -17.7045, -0.0022, 0.000050
428, -20.9302, -0.0064, 0.000050
429, -20.9318, -0.0053, 0.000050
430, -17.6136, -0.0039, 0.000050
431, -17.2619, -0.0051, 0.000050
432, -22.4318, -0.0073, 0.000050
433, -18.3182, -0.0140, 0.000050
434, -20.0227, -0.0092, 0.000050
435, -17.8409, -0.0016, 0.000050
436, -21.6136, -0.0055, 0.000050
437, -21.6818, -0.0027, 0.000050
438, -17.9773, -0.0021, 0.000050
439, -19.1364, -0.0007, 0.000050
440, -19.8571, -0.0065, 0.000050
441, -19.1591, -0.0061, 0.000050
442, -23.1667, -0.0054, 0.000050
443, -19.5682, -0.0018, 0.000050
444, -21.7907, -0.0084, 0.000050
445, -18.8864, -0.0040, 0.000050
446, -17.9545, -0.0130, 0.000050
447, -17.1364, -0.0029, 0.000050
448, -23.6364, -0.0033, 0.000050
449, -23.0682, -0.0044, 0.000050
450, -21.4773, -0.0078, 0.000050
451, -22.5000, -0.0104, 0.000050
452, -20.0455, -0.0010, 0.000050
453, -19.7955, -0.0081, 0.000050
454, -23.7045, -0.0034, 0.000050
455, -21.5455, -0.0067, 0.000050
456, -22.0000, -0.0082, 0.000050
457, -19.8182, -0.0051, 0.000050
458, -21.5909, -0.0089, 0.000050
459, -18.5227, -0.0155, 0.000050
460, -18.7907, -0.0069, 0.000050
461, -21.7727, -0.0037, 0.000050
462, -19.2500, -0.0077, 0.000050
463, -16.9545, -0.0035, 0.000050
464, -18.8333, -0.0010, 0.000050
465, -20.0909, -0.0073, 0.000050
466, -23.5000, 0.0004, 0.000050
467, -18.0909, -0.0118, 0.000050
468, -21.2727, -0.0022, 0.000050
469, -25.3409, 0.0039, 0.000050
470, -19.9773, -0.0058, 0.000050
471, -22.1136, 0.0012, 0.000050
472, -18.6591, 0.0003, 0.000050
473, -20.1136, 0.0022, 0.000050
474, -24.6364, 0.0001, 0.000050
475, -18.5000, 0.0000, 0.000050
476, -21.8409, -0.0019, 0.000050
477, -19.0682, -0.0057, 0.000050
478, -21.5227, -0.0077, 0.000050
479, -24.5455, 0.0003, 0.000050
480, -21.0000, -0.0029, 0.000050
481, -23.9091, -0.0003, 0.000050
482, -17.1364, -0.0050, 0.000050
483, -22.1136, -0.0050, 0.000050
484, -17.4773, -0.0131, 0.000050
485, -15.7907, -0.0053, 0.000050
486, -15.9545, -0.0045, 0.000050
487, -16.5227, -0.0048, 0.000050
488, -18.5000, -0.0117, 0.000050
489, -21.7273, -0.0041, 0.000050
490, -18.8409, -0.0065, 0.000050
491, -15.9545, -0.0053, 0.000050
492, -18.7955, -0.0015, 0.000050
493, -18.8409, -0.0018, 0.000050
494, -21.9091, -0.0067, 0.000050
495, -21.4884, -0.0003, 0.000050
496, -24.2045, -0.0031, 0.000050
497, -18.3636, -0.0036, 0.000050
498, -18.3409, -0.0141, 0.000050
499, -15.5909, -0.0060, 0.000050
500, -17.4318, -0.0047, 0.000050
501, -16.4318, -0.0129, 0.000050
502, -16.2727, -0.0035, 0.000050
503, -22.2727, -0.0023, 0.000050
504, -19.6364, -0.0084, 0.000050
505, -16.3636, -0.0045, 0.000050
506, -22.5455, -0.0038, 0.000050
507, -20.8636, -0.0068, 0.000050
508, -18.0227, -0.0040, 0.000050
509, -18.7045, -0.0035, 0.000050
510, -20.4545, -0.0074, 0.000050
511, -23.9773, -0.0067, 0.000050
512, -20.5909, -0.0092, 0.000050
513, -21.6136, -0.0052, 0.000050
514, -19.2955, -0.0130, 0.000050
515, -16.6591, -0.0026, 0.000050
516, -20.3256, -0.0071, 0.000050
517, -19.1364, -0.0065, 0.000050
518, -22.1364, 0.0005, 0.000050
519, -20.4773, -0.0083, 0.000050
520, -21.3636, -0.0054, 0.000050
521, -19.9318, -0.0062, 0.000050
522, -21.1364, -0.0094, 0.000050
523, -19.4318, -0.0098, 0.000050
524, -17.5227, -0.0036, 0.000050
525, -16.0227, -0.0108, 0.000050
526, -20.7045, -0.0034, 0.000050
527, -25.6136, -0.0049, 0.000050
528, -20.6591, -0.0018, 0.000050
529, -20.7727, -0.0039, 0.000050
530, -16.7500, -0.0029, 0.000050
531, -20.2045, -0.0068, 0.000050
532, -14.4091, -0.0020, 0.000050
533, -22.6136, 0.0007, 0.000050
534, -22.1136, -0.0005, 0.000050
535, -20.4318, -0.0061, 0.000050
536, -20.9091, -0.0058, 0.000050
537, -18.4545, -0.0024, 0.000050
538, -21.7727, 0.0034, 0.000050
539, -23.4773, 0.0016, 0.000050
540, -20.5682, -0.0002, 0.000050
541, -18.7273, 0.0016, 0.000050
542, -20.5909, -0.0026, 0.000050
543, -20.5455, -0.0025, 0.000050
544, -25.3864, 0.0013, 0.000050
545, -17.0682, -0.0021, 0.000050
546, -19.1591, -0.0049, 0.000050
547, -16.6512, -0.0030, 0.000050
548, -22.2500, -0.0020, 0.000050
549, -20.5682, -0.0074, 0.000050
550, -21.7273, -0.0090, 0.000050
551, -24.3182, -0.0008, 0.000050
552, -14.8409, -0.0063, 0.000050
553, -16.1136, -0.0030, 0.000050
554, -19.9773, -0.0061, 0.000050
555, -22.5227, -0.0048, 0.000050
556, -19.4186, -0.0019, 0.000050
557, -16.8409, -0.0056, 0.000050
558, -20.0909, -0.0082, 0.000050
559, -21.9762, -0.0062, 0.000050
560, -19.3409, -0.0038, 0.000050
561, -20.7955, -0.0018, 0.000050
562, -17.2273, -0.0059, 0.000050
563, -24.8409, -0.0023, 0.000050
564, -19.5682, -0.0129, 0.000050
565, -16.9773, -0.0044, 0.000050
566, -18.2273, -0.0051, 0.000050
567, -22.0227, -0.0040, 0.000050
568, -20.6818, -0.0078, 0.000050
569, -17.4773, -0.0128, 0.000050
570, -16.7727, -0.0048, 0.000050
571, -22.2500, -0.0039, 0.000050
572, -21.6364, -0.0093, 0.000050
573, -19.4773, -0.0111, 0.000050
574, -18.9773, -0.0013, 0.000050
575, -22.0455, -0.0064, 0.000050
576, -19.7045, -0.0066, 0.000050
577, -15.8182, -0.0061, 0.000050
578, -20.7955, -0.0068, 0.000050
579, -21.6591, -0.0044, 0.000050
580, -18.9318, -0.0115, 0.000050
581, -18.0682, -0.0043, 0.000050
582, -17.4773, -0.0057, 0.000050
583, -21.6136, -0.0077, 0.000050
584, -18.6818, -0.0035, 0.000050
585, -23.4773, -0.0019, 0.000050
586, -21.5455, -0.0107, 0.000050
587, -18.4545, -0.0122, 0.000050
588, -19.7727, -0.0102, 0.000050
589, -18.1364, -0.0132, 0.000050
590, -19.9773, -0.0022, 0.000050
591, -17.8636, -0.0123, 0.000050
592, -19.7045, -0.0092, 0.000050
593, -18.6047, -0.0101, 0.000050
594, -16.5682, -0.0038, 0.000050
595, -19.7273, -0.0001, 0.000050
596, -17.8409, -0.0041, 0.000050
597, -20.0909, -0.0080, 0.000050
598, -22.6136, -0.0039, 0.000050
599, -17.7045, -0.0039, 0.000050
600, -17.4545, -0.0048, 0.000050
601, -16.2273, -0.0072, 0.000050
602, -16.2955, -0.0059, 0.000050
603, -17.3636, -0.0038, 0.000050
604, -21.2500, -0.0082, 0.000050
605, -21.9318, -0.0123, 0.000050
606, -20.8409, -0.0049, 0.000050
607, -17.7907, -0.0048, 0.000050
608, -19.9773, -0.0021, 0.000050
609, -16.6364, -0.0052, 0.000050
610, -20.3409, -0.0016, 0.000050
611, -21.8182, -0.0096, 0.000050
612, -20.3810, -0.0126, 0.000050
613, -23.6591, -0.0002, 0.000050
614, -14.9773, -0.0036, 0.000050
615, -18.3636, -0.0089, 0.000050
616, -25.8636, 0.0026, 0.000050
617, -19.9091, -0.0033, 0.000050
618, -22.5682, -0.0009, 0.000050
619, -19.7955, -0.0058, 0.000050
620, -21.1818, 0.0039, 0.000050
621, -18.2955, 0.0012, 0.000050
622, -20.2273, -0.0011, 0.000050
623, -23.9773, -0.0000, 0.000050
624, -17.9762, -0.0012, 0.000050
625, -19.4773, -0.0081, 0.000050
626, -15.6364, -0.0034, 0.000050
627, -16.8636, -0.0071, 0.000050
628, -18.2955, -0.0062, 0.000050
629, -27.9091, 0.0043, 0.000050
630, -18.5227, -0.0092, 0.000050
631, -27.8571, 0.0035, 0.000050
632, -22.5000, 0.0019, 0.000050
633, -19.3636, -0.0046, 0.000050
634, -19.5116, -0.0065, 0.000050
635, -23.4773, -0.0012, 0.000050
636, -20.3864, -0.0062, 0.000050
637, -20.6591, -0.0002, 0.000050
638, -28.0682, 0.0049, 0.000050
639, -20.6364, -0.0023, 0.000050
640, -16.8182, -0.0005, 0.000050
641, -16.4091, 0.0001, 0.000050
642, -17.8182, -0.0078, 0.000050
643, -16.3409, -0.0023, 0.000050
644, -17.7727, -0.0069, 0.000050
645, -23.2727, -0.0006, 0.000050
646, -22.1364, -0.0010, 0.000050
647, -26.8095, 0.0017, 0.000050
648, -20.3636, -0.0067, 0.000050
649, -23.5909, -0.0011, 0.000050
650, -21.4318, -0.0049, 0.000050
651, -18.2273, -0.0114, 0.000050
652, -26.4091, 0.0004, 0.000050
653, -21.8636, -0.0043, 0.000050
654, -16.6047, -0.0043, 0.000050
655, -27.2273, 0.0018, 0.000050
656, -22.9286, -0.0066, 0.000050
657, -22.3864, -0.0110, 0.000050
658, -22.8182, -0.0005, 0.000050
659, -20.0227, -0.0029, 0.000050
660, -18.5682, -0.0007, 0.000050
661, -21.8864, -0.0040, 0.000050
662, -14.8409, -0.0056, 0.000050
663, -20.2727, -0.0068, 0.000050
664, -19.2273, -0.0056, 0.000050
665, -16.6136, -0.0128, 0.000050
666, -17.2273, -0.0037, 0.000050
667, -26.1364, 0.0013, 0.000050
668, -23.3256, -0.0032, 0.000050
669, -19.1818, -0.0083, 0.000050
670, -18.6591, -0.0035, 0.000050
671, -18.6364, -0.0013, 0.000050
672, -17.9545, -0.0038, 0.000050
673, -19.6744, -0.0019, 0.000050
674, -20.7727, -0.0106, 0.000050
675, -19.7045, -0.0085, 0.000050
676, -21.5455, -0.0047, 0.000050
677, -20.1818, -0.0055, 0.000050
678, -20.2500, -0.0094, 0.000050
679, -18.4318, -0.0084, 0.000050
680, -18.2093, -0.0035, 0.000050
681, -17.8864, -0.0128, 0.000050
682, -21.6136, -0.0057, 0.000050
683, -23.6744, -0.0057, 0.000050
684, -20.4545, -0.0100, 0.000050
685, -22.4545, -0.0063, 0.000050
686, -20.8864, -0.0079, 0.000050
687, -23.0227, -0.0076, 0.000050
688, -19.6818, -0.0127, 0.000050
689, -20.8409, -0.0039, 0.000050
690, -16.3409, -0.0041, 0.000050
691, -22.0909, -0.0031, 0.000050
692, -18.7727, -0.0082, 0.000050
693, -21.7907, -0.0094, 0.000050
694, -22.0000, -0.0047, 0.000050
695, -17.7727, -0.0021, 0.000050
696, -21.7500, -0.0081, 0.000050
697, -17.5455, -0.0041, 0.000050
698, -19.5682, -0.0015, 0.000050
699, -20.5952, -0.0109, 0.000050
700, -18.7273, -0.0091, 0.000050
701, -23.4186, 0.0005, 0.000050
702, -22.1136, -0.0013, 0.000050
703, -19.5682, 0.0006, 0.000050
704, -20.2500, -0.0060, 0.000050
705, -19.7045, -0.0010, 0.000050
706, -17.4545, -0.0102, 0.000050
707, -19.2045, -0.0002, 0.000050
708, -15.5000, -0.0044, 0.000050
709, -21.6136, -0.0054, 0.000050
710, -20.6591, 0.0023, 0.000050
711, -21.0682, -0.0069, 0.000050
712, -21.3864, -0.0046, 0.000050
713, -20.1818, -0.0000, 0.000050
714, -24.1591, -0.0008, 0.000050
715, -17.2857, -0.0031, 0.000050
716, -21.6591, -0.0073, 0.000050
717, -24.8636, -0.0011, 0.000050
718, -14.7727, -0.0075, 0.000050
719, -17.6136, -0.0056, 0.000050
720, -16.7955, -0.0146, 0.000050
721, -18.9318, -0.0088, 0.000050
722, -17.3182, -0.0066, 0.000050
723, -20.3182, -0.0017, 0.000050
724, -20.6818, 0.0040, 0.000050
725, -19.0227, 0.0007, 0.000050
726, -17.9318, 0.0042, 0.000050
727, -19.1364, 0.0004, 0.000050
728, -21.9545, 0.0044, 0.000050
729, -19.6818, 0.0029, 0.000050
730, -16.8636, 0.0031, 0.000050
731, -25.0455, 0.0060, 0.000050
732, -19.2727, -0.0009, 0.000050
733, -17.9091, 0.0019, 0.000050
734, -19.0682, -0.0019, 0.000050
735, -23.0000, 0.0017, 0.000050
736, -19.9773, 0.0002, 0.000050
737, -18.6136, -0.0025, 0.000050
738, -23.8409, 0.0019, 0.000050
739, -18.5000, -0.0049, 0.000050
740, -15.8636, -0.0089, 0.000050
741, -20.7955, 0.0017, 0.000050
742, -18.5909, 0.0022, 0.000050
743, -20.0000, -0.0012, 0.000050
744, -19.7500, -0.0036, 0.000050
745, -16.6136, -0.0011, 0.000050
746, -20.0682, -0.0053, 0.000050
747, -18.9545, -0.0063, 0.000050
748, -19.0227, -0.0062, 0.000050
749, -21.9773, -0.0013, 0.000050
750, -19.4091, -0.0011, 0.000050
751, -15.7955, -0.0110, 0.000050
752, -23.7500, 0.0013, 0.000050
753, -23.5227, -0.0008, 0.000050
754, -19.5682, -0.0067, 0.000050
755, -18.6667, -0.0096, 0.000050
756, -22.4773, 0.0009, 0.000050
757, -14.8409, -0.0009, 0.000050
758, -17.7273, -0.0068, 0.000050
759, -20.7500, -0.0008, 0.000050
760, -18.5455, 0.0013, 0.000050
761, -17.2045, -0.0057, 0.000050
762, -17.3636, -0.0062, 0.000050
763, -25.3636, 0.0045, 0.000050
764, -15.2955, -0.0006, 0.000050
765, -21.0227, 0.0015, 0.000050
766, -25.5682, 0.0026, 0.000050
767, -19.2558, 0.0012, 0.000050
768, -20.4545, -0.0056, 0.000050
769, -18.4773, -0.0055, 0.000050
770, -20.8409, 0.0038, 0.000050
771, -18.3182, 0.0015, 0.000050
772, -17.3636, 0.0003, 0.000050
773, -18.9302, 0.0010, 0.000050
774, -22.6364, -0.0002, 0.000050
775, -18.0000, -0.0006, 0.000050
776, -19.6364, -0.0063, 0.000050
777, -21.9091, -0.0046, 0.000050
778, -17.7045, -0.0022, 0.000050
779, -15.7727, -0.0040, 0.000050
780, -20.0227, -0.0086, 0.000050
781, -22.5000, -0.0025, 0.000050
782, -20.3182, -0.0108, 0.000050
783, -18.2619, 0.0001, 0.000050
784, -25.7857, 0.0009, 0.000050
785, -20.6818, -0.0018, 0.000050
786, -18.3636, -0.0062, 0.000050
787, -24.2727, -0.0006, 0.000050
788, -18.4773, -0.0009, 0.000050
789, -21.3023, -0.0053, 0.000050
790, -20.2093, -0.0053, 0.000050
791, -16.2727, -0.0037, 0.000050
792, -19.3182, -0.0081, 0.000050
793, -20.7955, 0.0009, 0.000050
794, -18.3182, -0.0018, 0.000050
795, -20.6818, -0.0090, 0.000050
796, -16.9091, -0.0020, 0.000050
797, -15.3409, -0.0037, 0.000050
798, -20.0000, -0.0038, 0.000050
799, -17.3864, -0.0008, 0.000050
800, -19.2273, -0.0054, 0.000050
801, -20.1818, -0.0076, 0.000050
802, -16.9773, -0.0022, 0.000050
803, -18.6047, -0.0023, 0.000050
804, -19.0909, -0.0002, 0.000050
805, -17.1591, -0.0028, 0.000050
806, -17.2955, -0.0091, 0.000050
807, -25.7273, -0.0005, 0.000050
808, -18.3182, -0.0017, 0.000050
809, -21.0000, -0.0048, 0.000050
810, -21.2500, -0.0053, 0.000050
811, -20.1591, -0.0078, 0.000050
812, -27.2500, 0.0006, 0.000050
813, -19.8409, -0.0032, 0.000050
814, -18.3636, -0.0083, 0.000050
815, -28.2045, -0.0034, 0.000050
816, -19.7273, -0.0109, 0.000050
817, -18.5455, -0.0138, 0.000050
818, -21.0455, -0.0099, 0.000050
819, -16.7727, -0.0047, 0.000050
820, -17.7500, -0.0046, 0.000050
821, -22.0227, -0.0055, 0.000050
822, -20.5682, -0.0015, 0.000050
823, -21.2326, -0.0091, 0.000050
824, -20.5682, -0.0033, 0.000050
825, -18.0000, -0.0160, 0.000050
826, -21.9773, -0.0037, 0.000050
827, -26.3409, 0.0028, 0.000050
828, -24.0698, -0.0012, 0.000050
829, -22.6591, -0.0063, 0.000050
830, -21.0909, -0.0059, 0.000050
831, -20.5455, -0.0105, 0.000050
832, -17.3636, -0.0042, 0.000050
833, -22.9318, -0.0029, 0.000050
834, -19.0455, -0.0019, 0.000050
835, -19.7955, -0.0074, 0.000050
836, -21.3864, -0.0015, 0.000050
837, -18.2727, -0.0040, 0.000050
838, -17.0227, -0.0138, 0.000050
839, -18.8864, -0.0094, 0.000050
840, -20.1136, -0.0116, 0.000050
841, -18.4318, -0.0096, 0.000050
842, -19.1591, -0.0054, 0.000050
843, -25.2326, 0.0011, 0.000050
844, -21.4773, -0.0062, 0.000050
845, -16.7500, -0.0011, 0.000050
846, -18.3864, -0.0003, 0.000050
847, -16.6047, -0.0029, 0.000050
848, -19.9545, 0.0005, 0.000050
849, -19.8636, -0.0034, 0.000050
850, -17.0455, -0.0026, 0.000050
851, -21.5000, -0.0072, 0.000050
852, -18.8636, -0.0079, 0.000050
853, -21.0000, -0.0018, 0.000050
854, -21.2727, -0.0067, 0.000050
855, -21.2500, -0.0020, 0.000050
856, -23.2500, -0.0014, 0.000050
857, -19.4545, 0.0029, 0.000050
858, -18.4545, -0.0056, 0.000050
859, -18.7273, -0.0062, 0.000050
860, -22.1818, 0.0030, 0.000050
861, -19.2045, -0.0026, 0.000050
862, -20.6591, -0.0086, 0.000050
863, -16.8409, -0.0035, 0.000050
864, -24.2273, 0.0000, 0.000050
865, -21.9091, -0.0036, 0.000050
866, -20.7727, -0.0087, 0.000050
867, -19.6591, -0.0011, 0.000050
868, -25.2500, -0.0023, 0.000050
869, -19.1818, -0.0086, 0.000050
870, -22.9318, -0.0059, 0.000050
871, -27.0000, 0.0004, 0.000050
872, -20.0909, -0.0071, 0.000050
873, -20.3182, -0.0026, 0.000050
874, -21.6818, -0.0059, 0.000050
875, -21.0000, -0.0088, 0.000050
876, -18.1591, -0.0126, 0.000050
877, -19.9048, -0.0124, 0.000050
878, -23.4773, -0.0002, 0.000050
879, -23.4091, -0.0012, 0.000050
880, -18.9091, -0.0005, 0.000050
881, -24.3902, -0.0025, 0.000050
882, -22.0000, -0.0066, 0.000050
883, -23.5000, -0.0022, 0.000050
884, -20.0227, -0.0047, 0.000050
885, -18.5909, -0.0018, 0.000050
886, -21.3409, -0.0053, 0.000050
887, -18.6591, -0.0028, 0.000050
888, -19.6591, -0.0102, 0.000050
889, -21.4524, -0.0064, 0.000050
890, -22.2727, -0.0042, 0.000050
891, -20.2955, -0.0052, 0.000050
892, -18.2273, -0.0106, 0.000050
893, -18.0000, -0.0045, 0.000050
894, -15.5455, -0.0120, 0.000050
895, -19.5455, -0.0022, 0.000050
896, -19.3636, -0.0128, 0.000050
897, -19.9091, 0.0014, 0.000050
898, -19.4545, -0.0058, 0.000050
899, -16.1364, -0.0021, 0.000050
900, -19.4318, 0.0010, 0.000050
901, -16.6591, -0.0093, 0.000050
902, -18.5682, -0.0014, 0.000050
903, -19.1136, -0.0065, 0.000050
904, -20.1136, -0.0061, 0.000050
905, -16.9535, -0.0018, 0.000050
906, -21.3636, -0.0057, 0.000050
907, -17.0682, -0.0024, 0.000050
908, -17.1818, -0.0028, 0.000050
909, -16.6364, -0.0034, 0.000050
910, -16.8182, -0.0018, 0.000050
911, -19.5455, -0.0102, 0.000050
912, -17.8095, -0.0009, 0.000050
913, -18.7273, -0.0063, 0.000050
914, -17.5682, -0.0011, 0.000050
915, -24.0930, -0.0011, 0.000050
916, -21.9091, -0.0087, 0.000050
917, -19.0909, -0.0079, 0.000050
918, -18.7727, -0.0075, 0.000050
919, -21.4318, -0.0044, 0.000050
920, -18.5682, -0.0082, 0.000050
921, -19.7500, -0.0098, 0.000050
922, -22.7143, -0.0000, 0.000050
923, -17.1364, -0.0017, 0.000050
924, -24.1818, 0.0003, 0.000050
925, -18.3182, -0.0052, 0.000050
926, -15.2500, -0.0038, 0.000050
927, -15.8409, -0.0084, 0.000050
928, -17.3488, -0.0018, 0.000050
929, -19.7955, -0.0056, 0.000050
930, -17.3721, -0.0015, 0.000050
931, -15.6136, -0.0054, 0.000050
932, -26.7209, 0.0016, 0.000050
933, -24.6136, -0.0002, 0.000050
934, -15.9091, -0.0042, 0.000050
935, -19.6364, -0.0015, 0.000050
936, -21.9773, -0.0068, 0.000050
937, -17.9773, -0.0047, 0.000050
938, -17.7955, -0.0110, 0.000050
939, -22.7442, -0.0045, 0.000050
940, -20.4091, -0.0087, 0.000050
941, -21.6364, -0.0070, 0.000050
942, -21.5909, -0.0054, 0.000050
943, -24.8605, -0.0026, 0.000050
944, -18.7500, -0.0139, 0.000050
945, -15.7273, -0.0070, 0.000050
946, -19.8636, -0.0079, 0.000050
947, -15.2045, -0.0069, 0.000050
948, -20.5682, -0.0084, 0.000050
949, -19.0909, -0.0022, 0.000050
950, -25.5455, -0.0002, 0.000050
951, -20.1818, -0.0090, 0.000050
952, -22.6818, -0.0051, 0.000050
953, -18.9773, -0.0038, 0.000050
954, -20.0682, -0.0068, 0.000050
955, -22.8182, -0.0001, 0.000050
956, -19.5349, -0.0089, 0.000050
957, -20.3182, -0.0106, 0.000050
958, -16.9773, -0.0067, 0.000050
959, -24.0000, -0.0008, 0.000050
960, -17.8182, -0.0060, 0.000050
961, -17.5909, -0.0046, 0.000050
962, -15.6977, -0.0070, 0.000050
963, -16.4545, -0.0077, 0.000050
964, -17.5227, -0.0119, 0.000050
965, -15.7500, -0.0080, 0.000050
966, -17.5682, -0.0063, 0.000050
967, -20.1591, -0.0098, 0.000050
968, -15.7500, -0.0171, 0.000050
969, -19.6136, -0.0084, 0.000050
970, -20.6364, -0.0085, 0.000050
971, -22.0000, -0.0016, 0.000050
972, -18.7955, -0.0046, 0.000050
973, -20.3182, -0.0065, 0.000050
974, -19.3636, -0.0094, 0.000050
975, -18.5000, -0.0060, 0.000050
976, -24.2500, 0.0030, 0.000050
977, -18.9773, -0.0006, 0.000050
978, -18.3864, 0.0020, 0.000050
979, -20.5909, -0.0002, 0.000050
980, -18.2045, -0.0056, 0.000050
981, -17.2955, -0.0060, 0.000050
982, -20.2955, -0.0006, 0.000050
983, -14.3953, -0.0024, 0.000050
984, -19.2500, 0.0004, 0.000050
985, -21.8182, 0.0005, 0.000050
986, -20.8636, -0.0039, 0.000050
987, -19.6818, -0.0079, 0.000050
988, -21.5227, 0.0018, 0.000050
989, -18.7500, -0.0019, 0.000050
990, -18.1591, -0.0046, 0.000050
991, -20.7955, -0.0001, 0.000050
992, -19.0233, -0.0055, 0.000050
993, -16.7955, -0.0003, 0.000050
994, -17.6591, -0.0007, 0.000050
995, -22.3636, 0.0016, 0.000050
996, -20.8409, -0.0002, 0.000050
997, -19.4773, 0.0024, 0.000050
998, -19.4318, -0.0056, 0.000050
999, -15.7907, -0.0034, 0.000050
1000, -18.7500, -0.0086, 0.000050
1001, -19.5227, -0.0034, 0.000050
1002, -19.9545, -0.0051, 0.000050
1003, -18.3636, -0.0108, 0.000050
1004, -17.6136, -0.0045, 0.000050
1005, -23.8636, 0.0031, 0.000050
1006, -16.6512, -0.0084, 0.000050
1007, -14.0000, -0.0022, 0.000050
1008, -21.0000, 0.0005, 0.000050
1009, -14.0227, -0.0018, 0.000050
1010, -16.0682, 0.0007, 0.000050
1011, -22.2500, 0.0007, 0.000050
1012, -18.0909, -0.0003, 0.000050
1013, -13.2727, -0.0036, 0.000050
1014, -18.1364, -0.0071, 0.000050
1015, -16.9773, 0.0010, 0.000050
1016, -19.0909, -0.0012, 0.000050
1017, -16.4545, 0.0001, 0.000050
1018, -18.2500, -0.0042, 0.000050
1019, -21.2955, -0.0006, 0.000050
1020, -24.1818, 0.0035, 0.000050
1021, -16.1364, -0.0022, 0.000050
1022, -19.4318, -0.0036, 0.000050
1023, -19.2558, -0.0071, 0.000050
1024, -24.7500, 0.0030, 0.000050
1025, -19.2045, -0.0018, 0.000050
1026, -23.1591, 0.0007, 0.000050
1027, -20.8409, -0.0033, 0.000050
1028, -16.6364, 0.0007, 0.000050
1029, -19.2955, -0.0062, 0.000050
1030, -15.5227, -0.0071, 0.000050
1031, -20.8636, -0.0043, 0.000050
1032, -17.2273, -0.0000, 0.000050
1033, -24.2857, 0.0003, 0.000050
1034, -14.7500, -0.0034, 0.000050
1035, -19.8810, 0.0009, 0.000050
1036, -18.8605, 0.0001, 0.000050
1037, -19.2273, -0.0033, 0.000050
1038, -20.7500, -0.0059, 0.000050
1039, -18.3409, -0.0008, 0.000050
1040, -19.1591, -0.0072, 0.000050
1041, -19.4318, -0.0074, 0.000050
1042, -24.0682, 0.0010, 0.000050
1043, -16.9091, -0.0028, 0.000050
1044, -19.4318, -0.0060, 0.000050
1045, -15.9091, -0.0042, 0.000050
1046, -16.4773, -0.0025, 0.000050
1047, -16.4773, -0.0107, 0.000050
1048, -19.5227, -0.0066, 0.000050
1049, -24.0909, 0.0002, 0.000050
1050, -17.9545, -0.0078, 0.000050
1051, -17.2273, -0.0033, 0.000050
1052, -19.1136, 0.0002, 0.000050
1053, -22.1136, -0.0015, 0.000050
1054, -20.0909, -0.0070, 0.000050
1055, -15.6136, -0.0045, 0.000050
1056, -20.5455, -0.0054, 0.000050
1057, -17.3409, -0.0043, 0.000050
1058, -19.4773, -0.0074, 0.000050
1059, -20.6364, -0.0062, 0.000050
1060, -23.7727, -0.0016, 0.000050
1061, -20.0455, -0.0072, 0.000050
1062, -19.2273, -0.0053, 0.000050
1063, -17.0682, -0.0056, 0.000050
1064, -20.2727, -0.0076, 0.000050
1065, -20.8636, -0.0088, 0.000050
1066, -19.1591, -0.0086, 0.000050
1067, -23.4048, -0.0033, 0.000050
1068, -25.2558, -0.0009, 0.000050
1069, -15.5682, -0.0063, 0.000050
1070, -19.8636, -0.0086, 0.000050
1071, -18.6136, -0.0065, 0.000050
1072, -16.4545, -0.0051, 0.000050
1073, -16.0909, -0.0063, 0.000050
1074, -18.1136, -0.0035, 0.000050
1075, -16.2273, -0.0058, 0.000050
1076, -20.0455, -0.0126, 0.000050
1077, -15.8810, -0.0054, 0.000050
1078, -17.4773, -0.0033, 0.000050
1079, -18.5227, -0.0078, 0.000050
1080, -15.6818, -0.0046, 0.000050
1081, -26.8864, 0.0028, 0.000050
1082, -16.7273, -0.0034, 0.000050
1083, -20.1136, -0.0067, 0.000050
1084, -17.6818, -0.0122, 0.000050
1085, -16.7955, -0.0024, 0.000050
1086, -19.3636, -0.0058, 0.000050
1087, -22.7045, -0.0041, 0.000050
1088, -17.5909, -0.0117, 0.000050
1089, -18.3409, -0.0077, 0.000050
1090, -17.2045, -0.0006, 0.000050
1091, -20.0000, 0.0022, 0.000050
1092, -17.3636, -0.0070, 0.000050
1093, -16.2955, -0.0075, 0.000050
1094, -16.7500, -0.0081, 0.000050
1095, -16.9545, -0.0070, 0.000050
1096, -17.9545, 0.0017, 0.000050
1097, -19.1818, -0.0048, 0.000050
1098, -17.2326, -0.0004, 0.000050
1099, -20.2273, -0.0024, 0.000050
1100, -15.6364, -0.0016, 0.000050
1101, -17.6591, -0.0056, 0.000050
1102, -16.6591, 0.0004, 0.000050
1103, -21.1591, -0.0056, 0.000050
1104, -17.3256, -0.0004, 0.000050
1105, -15.1364, -0.0036, 0.000050
1106, -24.0227, 0.0014, 0.000050
1107, -17.8409, -0.0064, 0.000050
1108, -16.2273, -0.0027, 0.000050
1109, -17.1364, -0.0090, 0.000050
1110, -19.0682, -0.0052, 0.000050
1111, -16.7500, -0.0071, 0.000050
1112, -21.0682, -0.0032, 0.000050
1113, -21.9091, -0.0020, 0.000050
1114, -17.1591, -0.0101, 0.000050
1115, -16.8182, -0.0040, 0.000050
1116, -20.4318, -0.0008, 0.000050
1117, -14.4545, -0.0014, 0.000050
1118, -15.9545, -0.0006, 0.000050
1119, -21.5000, 0.0010, 0.000050
1120, -18.6364, 0.0018, 0.000050
1121, -23.7674, 0.0013, 0.000050
1122, -22.6136, -0.0002, 0.000050
1123, -19.5227, -0.0021, 0.000050
1124, -19.8864, -0.0054, 0.000050
1125, -22.3864, -0.0038, 0.000050
1126, -17.4545, -0.0031, 0.000050
1127, -19.4318, -0.0007, 0.000050
1128, -18.2273, -0.0091, 0.000050
1129, -18.4884, -0.0091, 0.000050
1130, -15.1818, -0.0034, 0.000050
1131, -16.1591, -0.0033, 0.000050
1132, -14.9545, -0.0050, 0.000050
1133, -19.7045, -0.0060, 0.000050
1134, -18.5909, -0.0111, 0.000050
1135, -16.2955, -0.0027, 0.000050
1136, -19.2727, -0.0063, 0.000050
1137, -18.5682, -0.0043, 0.000050
1138, -17.0227, -0.0022, 0.000050
1139, -15.9091, -0.0039, 0.000050
1140, -14.1591, -0.0059, 0.000050
1141, -15.1818, -0.0026, 0.000050
1142, -16.2955, -0.0037, 0.000050
1143, -17.3182, -0.0118, 0.000050
1144, -20.6591, -0.0045, 0.000050
1145, -21.0227, 0.0011, 0.000050
1146, -23.7500, 0.0007, 0.000050
1147, -22.9091, -0.0017, 0.000050
1148, -19.5227, -0.0067, 0.000050
1149, -17.8409, -0.0104, 0.000050
1150, -20.5682, -0.0069, 0.000050
1151, -18.4318, -0.0098, 0.000050
1152, -18.8409, -0.0008, 0.000050
1153, -20.9545, -0.0036, 0.000050
1154, -21.9318, -0.0048, 0.000050
1155, -23.3409, -0.0040, 0.000050
1156, -14.1818, -0.0048, 0.000050
1157, -20.9070, -0.0031, 0.000050
1158, -17.8636, -0.0030, 0.000050
1159, -20.2558, -0.0019, 0.000050
1160, -18.0000, -0.0030, 0.000050
1161, -20.0455, -0.0051, 0.000050
1162, -18.6905, -0.0019, 0.000050
1163, -14.5682, -0.0066, 0.000050
1164, -13.2273, -0.0078, 0.000050
1165, -15.8409, -0.0058, 0.000050
1166, -14.7727, -0.0077, 0.000050
1167, -19.1364, -0.0109, 0.000050
1168, -14.9302, -0.0076, 0.000050
1169, -20.8182, -0.0041, 0.000050
1170, -18.1136, -0.0100, 0.000050
1171, -18.6977, -0.0006, 0.000050
1172, -16.4318, -0.0025, 0.000050
1173, -25.5227, 0.0009, 0.000050
1174, -20.2045, -0.0083, 0.000050
1175, -17.6136, -0.0083, 0.000050
1176, -15.6591, -0.0037, 0.000050
1177, -14.4545, -0.0039, 0.000050
1178, -24.2727, 0.0013, 0.000050
1179, -16.4318, -0.0020, 0.000050
1180, -20.2727, 0.0013, 0.000050
1181, -21.7500, -0.0023, 0.000050
1182, -18.6364, -0.0117, 0.000050
1183, -20.4545, 0.0028, 0.000050
1184, -18.4091, -0.0053, 0.000050
1185, -16.3636, -0.0073, 0.000050
1186, -19.6364, -0.0045, 0.000050
1187, -23.1818, 0.0007, 0.000050
1188, -21.3810, 0.0012, 0.000050
1189, -20.4091, -0.0064, 0.000050
1190, -14.4091, -0.0061, 0.000050
1191, -18.4773, -0.0103, 0.000050
1192, -19.9318, -0.0066, 0.000050
1193, -17.5000, 0.0021, 0.000050
1194, -18.4091, -0.0022, 0.000050
1195, -16.4773, 0.0011, 0.000050
1196, -13.3182, -0.0036, 0.000050
1197, -16.8409, -0.0012, 0.000050
1198, -22.9545, 0.0022, 0.000050
1199, -19.5349, -0.0051, 0.000050
1200, -23.1395, 0.0038, 0.000050
1201, -19.2727, -0.0014, 0.000050
1202, -17.3409, -0.0076, 0.000050
1203, -19.5909, -0.0019, 0.000050
1204, -21.0227, 0.0024, 0.000050
1205, -19.3182, 0.0026, 0.000050
1206, -15.7045, -0.0010, 0.000050
1207, -13.1136, -0.0020, 0.000050
1208, -20.1364, -0.0012, 0.000050
1209, -20.5455, -0.0011, 0.000050
1210, -18.2791, -0.0047, 0.000050
1211, -17.9535, 0.0006, 0.000050
1212, -17.5000, -0.0003, 0.000050
1213, -24.3409, 0.0021, 0.000050
1214, -19.5909, -0.0029, 0.000050
1215, -18.7727, -0.0051, 0.000050
1216, -22.0000, -0.0015, 0.000050
1217, -12.1136, -0.0078, 0.000050
1218, -17.3256, -0.0100, 0.000050
1219, -21.6818, -0.0025, 0.000050
1220, -14.1136, -0.0025, 0.000050
1221, -16.0682, -0.0024, 0.000050
1222, -16.9545, -0.0007, 0.000050
1223, -20.2955, -0.0057, 0.000050
1224, -17.2045, -0.0017, 0.000050
1225, -19.0465, -0.0061, 0.000050
1226, -14.5682, -0.0043, 0.000050
1227, -14.7727, -0.0050, 0.000050
1228, -17.6512, -0.0019, 0.000050
1229, -23.8636, -0.0063, 0.000050
1230, -19.8605, -0.0082, 0.000050
1231, -18.7045, -0.0057, 0.000050
1232, -20.3864, -0.0002, 0.000050
1233, -20.9091, -0.0022, 0.000050
1234, -17.5909, -0.0018, 0.000050
1235, -18.2955, -0.0034, 0.000050
1236, -16.4318, 0.0004, 0.000050
1237, -20.1364, -0.0013, 0.000050
1238, -20.6136, -0.0004, 0.000050
1239, -18.5000, -0.0063, 0.000050
1240, -22.5000, -0.0004, 0.000050
1241, -20.3864, -0.0013, 0.000050
1242, -20.3182, -0.0013, 0.000050
1243, -19.3636, -0.0074, 0.000050
1244, -19.6136, 0.0010, 0.000050
1245, -18.5227, 0.0006, 0.000050
1246, -22.1364, -0.0029, 0.000050
1247, -20.5455, -0.0053, 0.000050
1248, -15.6136, -0.0010, 0.000050
1249, -18.3409, -0.0044, 0.000050
1250, -13.8864, -0.0028, 0.000050
1251, -20.1364, -0.0015, 0.000050
1252, -14.3636, -0.0025, 0.000050
1253, -17.6591, -0.0065, 0.000050
1254, -14.1136, -0.0034, 0.000050
1255, -14.5909, -0.0019, 0.000050
1256, -19.5227, -0.0022, 0.000050
1257, -17.1591, -0.0004, 0.000050
1258, -19.4091, -0.0079, 0.000050
1259, -19.1591, -0.0056, 0.000050
1260, -17.0682, -0.0006, 0.000050
1261, -22.0682, -0.0011, 0.000050
1262, -17.6364, 0.0005, 0.000050
1263, -19.8636, -0.0047, 0.000050
1264, -18.8636, -0.0045, 0.000050
1265, -18.5000, -0.0035, 0.000050
1266, -14.8409, -0.0025, 0.000050
1267, -20.7273, -0.0027, 0.000050
1268, -14.2727, -0.0039, 0.000050
1269, -18.4773, -0.0085, 0.000050
1270, -17.7955, -0.0095, 0.000050
1271, -15.8182, -0.0023, 0.000050
1272, -16.4773, -0.0069, 0.000050
1273, -17.2045, -0.0003, 0.000050
1274, -17.0909, -0.0080, 0.000050
1275, -20.6364, -0.0006, 0.000050
1276, -15.9318, -0.0013, 0.000050
1277, -21.0227, 0.0022, 0.000050
1278, -18.5227, -0.0029, 0.000050
1279, -21.6364, -0.0000, 0.000050
1280, -18.4091, -0.0013, 0.000050
1281, -18.9545, -0.0046, 0.000050
1282, -19.1818, 0.0003, 0.000050
1283, -19.7273, -0.0049, 0.000050
1284, -15.8864, -0.0026, 0.000050
1285, -19.2500, -0.0079, 0.000050
1286, -21.2500, -0.0032, 0.000050
1287, -19.9091, -0.0055, 0.000050
1288, -21.2500, -0.0066, 0.000050
1289, -19.0682, -0.0020, 0.000050
1290, -17.5227, -0.0099, 0.000050
1291, -18.3636, -0.0104, 0.000050
1292, -17.7955, -0.0018, 0.000050
1293, -15.7209, -0.0050, 0.000050
1294, -15.8636, -0.0029, 0.000050
1295, -22.2727, -0.0066, 0.000050
1296, -18.2727, -0.0023, 0.000050
1297, -16.9773, -0.0041, 0.000050
1298, -18.0909, -0.0029, 0.000050
1299, -17.9048, -0.0030, 0.000050
1300, -20.8864, -0.0074, 0.000050
1301, -19.6364, -0.0105, 0.000050
1302, -19.7045, -0.0039, 0.000050
1303, -15.8182, -0.0071, 0.000050
1304, -22.4318, -0.0042, 0.000050
1305, -18.4318, -0.0099, 0.000050
1306, -18.3182, -0.0028, 0.000050
1307, -22.1591, -0.0059, 0.000050
1308, -21.2727, -0.0054, 0.000050
1309, -18.0455, -0.0110, 0.000050
1310, -18.2727, -0.0122, 0.000050
1311, -17.9773, -0.0099, 0.000050
1312, -21.2955, -0.0043, 0.000050
1313, -17.1364, -0.0014, 0.000050
1314, -19.3182, -0.0080, 0.000050
1315, -20.7045, -0.0098, 0.000050
1316, -21.2500, 0.0013, 0.000050
1317, -17.5455, -0.0121, 0.000050
1318, -19.7500, -0.0074, 0.000050
1319, -23.6977, -0.0028, 0.000050
1320, -15.7674, -0.0044, 0.000050
1321, -18.3636, -0.0124, 0.000050
1322, -15.7955, -0.0040, 0.000050
1323, -19.9302, -0.0088, 0.000050
1324, -15.6364, -0.0044, 0.000050
1325, -20.3636, -0.0033, 0.000050
1326, -16.1591, -0.0030, 0.000050
1327, -17.2727, -0.0037, 0.000050
1328, -18.2500, -0.0019, 0.000050
1329, -17.3636, -0.0038, 0.000050
1330, -18.3864, -0.0116, 0.000050
1331, -16.6364, -0.0027, 0.000050
1332, -20.0000, 0.0005, 0.000050
1333, -18.5909, -0.0055, 0.000050
1334, -19.3409, 0.0009, 0.000050
1335, -15.4091, -0.0030, 0.000050
1336, -21.2273, -0.0017, 0.000050
1337, -21.6818, -0.0049, 0.000050
1338, -18.8864, -0.0053, 0.000050
1339, -20.2727, 0.0008, 0.000050
1340, -21.4318, -0.0035, 0.000050
1341, -19.3864, -0.0019, 0.000050
1342, -19.5909, -0.0008, 0.000050
1343, -19.3864, -0.0084, 0.000050
1344, -22.6818, -0.0070, 0.000050
1345, -16.3409, -0.0061, 0.000050
1346, -19.2500, -0.0092, 0.000050
1347, -18.3182, -0.0036, 0.000050
1348, -21.0909, -0.0095, 0.000050
1349, -18.5682, -0.0113, 0.000050
1350, -21.6364, -0.0052, 0.000050
1351, -20.6364, -0.0066, 0.000050
1352, -17.4318, -0.0068, 0.000050
1353, -18.3636, -0.0047, 0.000050
1354, -18.5909, -0.0128, 0.000050
1355, -18.7727, -0.0138, 0.000050
1356, -17.5909, -0.0005, 0.000050
1357, -19.1591, -0.0039, 0.000050
1358, -15.5909, -0.0036, 0.000050
1359, -17.6047, -0.0014, 0.000050
1360, -15.1818, -0.0035, 0.000050
1361, -18.3182, -0.0042, 0.000050
1362, -19.1591, -0.0014, 0.000050
1363, -17.4545, -0.0032, 0.000050
1364, -19.4762, -0.0002, 0.000050
1365, -18.5682, -0.0080, 0.000050
1366, -18.4318, -0.0022, 0.000050
1367, -19.3636, -0.0085, 0.000050
1368, -15.7955, -0.0049, 0.000050
1369, -17.3182, -0.0036, 0.000050
1370, -20.1591, 0.0000, 0.000050
1371, -17.7273, -0.0105, 0.000050
1372, -20.3409, -0.0090, 0.000050
1373, -18.0227, -0.0104, 0.000050
1374, -18.5909, 0.0006, 0.000050
1375, -18.8864, -0.0015, 0.000050
1376, -18.7727, -0.0020, 0.000050
1377, -16.4091, -0.0041, 0.000050
1378, -19.6136, 0.0002, 0.000050
1379, -23.4545, -0.0021, 0.000050
1380, -14.7955, -0.0119, 0.000050
1381, -16.8636, -0.0037, 0.000050
1382, -21.4419, -0.0012, 0.000050
1383, -16.6818, -0.0109, 0.000050
1384, -16.1591, -0.0070, 0.000050
1385, -21.5116, -0.0103, 0.000050
1386, -20.7273, 0.0005, 0.000050
1387, -14.8864, -0.0083, 0.000050
1388, -18.7727, -0.0055, 0.000050
1389, -21.5227, -0.0054, 0.000050
1390, -15.1591, -0.0059, 0.000050
1391, -20.7273, -0.0087, 0.000050
1392, -16.7727, -0.0143, 0.000050
1393, -21.0455, -0.0033, 0.000050
1394, -17.9091, -0.0017, 0.000050
1395, -17.2273, -0.0043, 0.000050
1396, -18.2727, -0.0021, 0.000050
1397, -15.7907, -0.0043, 0.000050
1398, -17.2727, -0.0034, 0.000050
1399, -16.0930, -0.0059, 0.000050
1400, -17.6744, -0.0036, 0.000050
1401, -17.0909, -0.0044, 0.000050
1402, -15.1818, -0.0058, 0.000050
1403, -18.1364, -0.0039, 0.000050
1404, -18.2045, -0.0033, 0.000050
1405, -16.4545, -0.0065, 0.000050
1406, -18.3636, -0.0049, 0.000050
1407, -14.9318, -0.0076, 0.000050
1408, -21.0909, -0.0053, 0.000050
1409, -20.1591, -0.0047, 0.000050
1410, -23.1163, -0.0083, 0.000050
1411, -20.1364, -0.0074, 0.000050
1412, -19.7955, -0.0036, 0.000050
1413, -16.5909, -0.0136, 0.000050
1414, -20.3182, -0.0003, 0.000050
1415, -14.9545, -0.0071, 0.000050
1416, -18.4091, -0.0033, 0.000050
1417, -15.1591, -0.0066, 0.000050
1418, -19.6591, -0.0128, 0.000050
1419, -20.4545, 0.0015, 0.000050
1420, -16.8409, -0.0018, 0.000050
1421, -20.8409, -0.0010, 0.000050
1422, -19.0227, -0.0090, 0.000050
1423, -18.0455, -0.0082, 0.000050
1424, -16.6364, -0.0096, 0.000050
1425, -20.5455, -0.0050, 0.000050
1426, -19.4091, -0.0025, 0.000050
1427, -21.1818, 0.0010, 0.000050
1428, -17.3182, -0.0083, 0.000050
1429, -20.2045, -0.0012, 0.000050
1430, -13.2955, -0.0027, 0.000050
1431, -19.1136, -0.0028, 0.000050
1432, -15.2955, 0.0004, 0.000050
1433, -18.2273, -0.0045, 0.000050
1434, -17.6818, 0.0038, 0.000050
1435, -15.9091, -0.0042, 0.000050
1436, -16.7500, 0.0024, 0.000050
1437, -17.1395, 0.0019, 0.000050
1438, -23.1136, 0.0040, 0.000050
1439, -20.0000, 0.0035, 0.000050
1440, -21.3864, 0.0022, 0.000050
1441, -16.2273, 0.0000, 0.000050
1442, -17.7209, 0.0016, 0.000050
1443, -18.4773, -0.0048, 0.000050
1444, -16.1364, -0.0005, 0.000050
1445, -14.5682, -0.0047, 0.000050
1446, -15.9091, -0.0018, 0.000050
1447, -22.8372, 0.0017, 0.000050
1448, -16.1591, -0.0015, 0.000050
1449, -19.9773, -0.0031, 0.000050
1450, -17.7500, -0.0013, 0.000050
1451, -19.9773, 0.0006, 0.000050
1452, -20.7907, -0.0020, 0.000050
1453, -16.0455, -0.0114, 0.000050
1454, -23.1591, -0.0032, 0.000050
1455, -19.8182, -0.0005, 0.000050
1456, -17.0233, 0.0013, 0.000050
1457, -15.0227, -0.0021, 0.000050
1458, -17.7955, -0.0069, 0.000050
1459, -17.0909, 0.0008, 0.000050
1460, -18.2045, -0.0026, 0.000050
1461, -14.7500, -0.0001, 0.000050
1462, -18.3182, -0.0050, 0.000050
1463, -20.0682, 0.0011, 0.000050
1464, -13.3409, -0.0024, 0.000050
1465, -16.2955, 0.0007, 0.000050
1466, -20.3409, -0.0005, 0.000050
1467, -16.0682, 0.0016, 0.000050
1468, -18.9318, -0.0024, 0.000050
1469, -17.2500, -0.0056, 0.000050
1470, -18.7273, 0.0012, 0.000050
1471, -18.0909, 0.0002, 0.000050
1472, -20.7045, 0.0016, 0.000050
1473, -18.7955, -0.0004, 0.000050
1474, -18.3182, -0.0004, 0.000050
1475, -16.9545, -0.0097, 0.000050
1476, -18.1364, 0.0008, 0.000050
1477, -14.4318, -0.0053, 0.000050
1478, -17.4545, 0.0008, 0.000050
1479, -21.3182, -0.0052, 0.000050
1480, -23.0682, -0.0005, 0.000050
1481, -14.6364, -0.0027, 0.000050
1482, -17.0909, -0.0005, 0.000050
1483, -17.4773, -0.0003, 0.000050
1484, -16.7674, -0.0017, 0.000050
1485, -20.9048, 0.0019, 0.000050
1486, -17.4091, -0.0107, 0.000050
1487, -19.1905, -0.0008, 0.000050
1488, -15.6136, -0.0107, 0.000050
1489, -19.7442, -0.0036, 0.000050
1490, -19.8636, -0.0047, 0.000050
1491, -22.5227, 0.0026, 0.000050
1492, -17.3409, 0.0003, 0.000050
1493, -19.5349, 0.0023, 0.000050
1494, -20.3182, -0.0034, 0.000050
1495, -14.9545, -0.0029, 0.000050
1496, -22.6591, -0.0002, 0.000050
1497, -18.4651, -0.0043, 0.000050
1498, -17.1818, 0.0023, 0.000050
1499, -17.6364, -0.0007, 0.000050
1500, -24.2045, 0.0035, 0.000050
1501, -24.5455, 0.0012, 0.000050
1502, -22.0000, 0.0000, 0.000050
1503, -17.6818, -0.0016, 0.000050
1504, -15.4545, -0.0014, 0.000050
1505, -18.0682, -0.0015, 0.000050
1506, -16.2955, -0.0023, 0.000050
1507, -17.7727, -0.0048, 0.000050
1508, -22.1395, -0.0034, 0.000050
1509, -19.3864, -0.0005, 0.000050
1510, -15.6136, -0.0036, 0.000050
1511, -21.0227, -0.0056, 0.000050
1512, -16.0455, -0.0036, 0.000050
1513, -23.8409, -0.0008, 0.000050
1514, -19.8864, -0.0059, 0.000050
1515, -16.5227, -0.0096, 0.000050
1516, -17.3409, -0.0123, 0.000050
1517, -16.2727, -0.0105, 0.000050
1518, -14.6512, -0.0059, 0.000050
1519, -16.6591, -0.0087, 0.000050
1520, -20.1591, 0.0016, 0.000050
1521, -17.5000, -0.0004, 0.000050
1522, -20.6591, -0.0059, 0.000050
1523, -18.7500, -0.0070, 0.000050
1524, -17.6364, -0.0075, 0.000050
1525, -20.1364, -0.0061, 0.000050
1526, -15.9091, -0.0038, 0.000050
1527, -20.2326, -0.0003, 0.000050
1528, -16.9545, -0.0033, 0.000050
1529, -17.0682, -0.0090, 0.000050
1530, -13.9318, -0.0061, 0.000050
1531, -16.4773, -0.0114, 0.000050
1532, -20.6591, -0.0033, 0.000050
1533, -21.2273, 0.0036, 0.000050
1534, -15.4773, -0.0014, 0.000050
1535, -14.7727, -0.0033, 0.000050
1536, -24.5349, 0.0010, 0.000050
1537, -25.9048, 0.0033, 0.000050
1538, -19.6136, -0.0002, 0.000050
1539, -19.4545, -0.0091, 0.000050
1540, -21.7500, -0.0026, 0.000050
1541, -14.7955, -0.0053, 0.000050
1542, -20.0682, -0.0012, 0.000050
1543, -19.1364, -0.0087, 0.000050
1544, -18.2727, -0.0062, 0.000050
1545, -16.6818, -0.0024, 0.000050
1546, -13.1136, -0.0056, 0.000050
1547, -18.4773, -0.0080, 0.000050
1548, -20.0714, 0.0000, 0.000050
1549, -19.8182, -0.0008, 0.000050
1550, -24.3864, -0.0004, 0.000050
1551, -16.4545, -0.0031, 0.000050
1552, -16.4545, -0.0037, 0.000050
1553, -21.0682, 0.0002, 0.000050
1554, -20.9545, -0.0039, 0.000050
1555, -17.7045, -0.0128, 0.000050
1556, -22.6136, -0.0038, 0.000050
1557, -15.5909, -0.0022, 0.000050
1558, -22.4545, 0.0002, 0.000050
1559, -21.3636, -0.0048, 0.000050
1560, -17.9318, -0.0018, 0.000050
1561, -16.9318, -0.0021, 0.000050
1562, -17.7727, -0.0013, 0.000050
1563, -19.1591, -0.0076, 0.000050
1564, -19.5227, -0.0058, 0.000050
1565, -20.8810, -0.0043, 0.000050
1566, -17.8182, -0.0038, 0.000050
1567, -15.5909, -0.0051, 0.000050
1568, -19.4318, -0.0006, 0.000050
1569, -16.6591, -0.0035, 0.000050
1570, -16.4318, -0.0039, 0.000050
1571, -19.3636, -0.0064, 0.000050
1572, -16.9318, -0.0116, 0.000050
1573, -22.3636, -0.0045, 0.000050
1574, -15.8409, -0.0054, 0.000050
1575, -17.3182, -0.0113, 0.000050
1576, -14.4773, -0.0019, 0.000050
1577, -16.9318, -0.0010, 0.000050
1578, -17.8864, -0.0059, 0.000050
1579, -18.7273, 0.0015, 0.000050
1580, -21.2045, -0.0035, 0.000050
1581, -15.8182, -0.0047, 0.000050
1582, -19.0909, -0.0062, 0.000050
1583, -15.3636, -0.0046, 0.000050
1584, -19.3864, -0.0056, 0.000050
1585, -20.5682, -0.0042, 0.000050
1586, -15.3409, -0.0026, 0.000050
1587, -19.9762, 0.0005, 0.000050
1588, -18.8605, -0.0057, 0.000050
1589, -14.3636, -0.0056, 0.000050
1590, -17.2955, -0.0030, 0.000050
1591, -21.1136, -0.0023, 0.000050
1592, -18.1136, -0.0027, 0.000050
1593, -19.1364, -0.0077, 0.000050
1594, -15.9773, -0.0034, 0.000050
1595, -18.3636, -0.0075, 0.000050
1596, -22.0682, -0.0034, 0.000050
1597, -17.1591, -0.0129, 0.000050
1598, -17.5227, -0.0083, 0.000050
1599, -23.3256, -0.0007, 0.000050
1600, -14.7500, -0.0052, 0.000050
1601, -19.4318, -0.0092, 0.000050
1602, -20.4545, -0.0037, 0.000050
1603, -19.5682, -0.0058, 0.000050
1604, -16.4773, -0.0025, 0.000050
1605, -19.4773, -0.0034, 0.000050
1606, -15.3864, -0.0099, 0.000050
1607, -17.9545, -0.0050, 0.000050
1608, -16.9773, -0.0007, 0.000050
1609, -21.0909, -0.0036, 0.000050
1610, -17.1395, -0.0031, 0.000050
1611, -20.5455, -0.0031, 0.000050
1612, -20.1591, -0.0077, 0.000050
1613, -20.6818, -0.0071, 0.000050
1614, -20.7955, -0.0008, 0.000050
1615, -17.9091, 0.0000, 0.000050
1616, -22.0455, 0.0005, 0.000050
1617, -16.0455, -0.0027, 0.000050
1618, -18.3182, -0.0000, 0.000050
1619, -20.4884, -0.0040, 0.000050
1620, -16.3636, -0.0025, 0.000050
1621, -15.5227, -0.0041, 0.000050
1622, -20.8333, -0.0081, 0.000050
1623, -15.0909, -0.0035, 0.000050
1624, -17.5000, -0.0001, 0.000050
1625, -22.1591, -0.0017, 0.000050
1626, -22.7143, 0.0007, 0.000050
1627, -18.9318, -0.0091, 0.000050
1628, -16.9318, -0.0020, 0.000050
1629, -14.5909, -0.0018, 0.000050
1630, -14.2273, -0.0017, 0.000050
1631, -14.3864, -0.0004, 0.000050
1632, -18.1136, -0.0075, 0.000050
1633, -21.4091, 0.0017, 0.000050
1634, -21.2326, -0.0037, 0.000050
1635, -15.3864, -0.0008, 0.000050
1636, -13.3182, -0.0023, 0.000050
1637, -16.7273, -0.0011, 0.000050
1638, -20.2500, -0.0013, 0.000050
1639, -17.5455, -0.0038, 0.000050
1640, -18.9545, 0.0014, 0.000050
1641, -22.2143, -0.0022, 0.000050
1642, -23.8182, 0.0008, 0.000050
1643, -18.7727, -0.0005, 0.000050
1644, -20.3864, -0.0044, 0.000050
1645, -17.1364, -0.0011, 0.000050
1646, -13.6364, -0.0062, 0.000050
1647, -17.6818, -0.0029, 0.000050
1648, -16.3409, -0.0024, 0.000050
1649, -20.3182, -0.0066, 0.000050
1650, -20.2045, -0.0072, 0.000050
1651, -19.5116, -0.0003, 0.000050
1652, -18.9773, -0.0059, 0.000050
1653, -19.1818, -0.0093, 0.000050
1654, -19.1136, -0.0078, 0.000050
1655, -13.2273, -0.0068, 0.000050
1656, -17.4091, -0.0062, 0.000050
1657, -19.1591, -0.0095, 0.000050
1658, -17.0000, -0.0017, 0.000050
1659, -16.7045, -0.0099, 0.000050
1660, -20.1364, -0.0022, 0.000050
1661, -19.2500, -0.0057, 0.000050
1662, -21.9318, -0.0013, 0.000050
1663, -16.3182, -0.0012, 0.000050
1664, -19.7500, -0.0002, 0.000050
1665, -20.2045, -0.0026, 0.000050
1666, -17.2045, -0.0022, 0.000050
1667, -18.8837, -0.0015, 0.000050
1668, -17.5227, -0.0117, 0.000050
1669, -16.8864, -0.0089, 0.000050
1670, -21.0000, -0.0031, 0.000050
1671, -19.1364, -0.0031, 0.000050
1672, -13.5227, -0.0034, 0.000050
1673, -22.4545, -0.0024, 0.000050
1674, -22.1364, -0.0011, 0.000050
1675, -21.2045, -0.0027, 0.000050
1676, -15.3864, -0.0028, 0.000050
1677, -17.7955, -0.0012, 0.000050
1678, -18.1591, -0.0015, 0.000050
1679, -18.9773, -0.0088, 0.000050
1680, -18.5227, -0.0016, 0.000050
1681, -20.4186, -0.0007, 0.000050
1682, -18.0000, -0.0033, 0.000050
1683, -21.0455, -0.0006, 0.000050
1684, -20.8837, -0.0061, 0.000050
1685, -18.1818, -0.0039, 0.000050
1686, -23.4318, -0.0016, 0.000050
1687, -16.9545, -0.0136, 0.000050
1688, -15.3864, -0.0048, 0.000050
1689, -20.5909, -0.0044, 0.000050
1690, -17.7500, -0.0024, 0.000050
1691, -16.2955, -0.0058, 0.000050
1692, -21.9545, -0.0037, 0.000050
1693, -19.9091, -0.0058, 0.000050
1694, -17.5455, -0.0027, 0.000050
1695, -19.4419, -0.0014, 0.000050
1696, -16.0682, -0.0059, 0.000050
1697, -17.6818, -0.0115, 0.000050
1698, -20.4773, -0.0059, 0.000050
1699, -19.7955, -0.0080, 0.000050
1700, -20.2045, -0.0013, 0.000050
1701, -20.0682, -0.0062, 0.000050
1702, -18.8605, -0.0124, 0.000050
1703, -17.7500, -0.0025, 0.000050
1704, -19.6977, -0.0107, 0.000050
1705, -21.3409, -0.0038, 0.000050
1706, -17.5455, -0.0087, 0.000050
1707, -19.3182, -0.0110, 0.000050
1708, -17.7273, -0.0031, 0.000050
1709, -21.5682, -0.0080, 0.000050
1710, -21.0455, -0.0059, 0.000050
1711, -24.9773, 0.0021, 0.000050
1712, -18.1395, -0.0014, 0.000050
1713, -20.0698, -0.0075, 0.000050
1714, -20.0455, -0.0025, 0.000050
1715, -15.6667, -0.0014, 0.000050
1716, -17.4318, -0.0009, 0.000050
1717, -16.3636, -0.0005, 0.000050
1718, -19.6744, -0.0020, 0.000050
1719, -20.1136, -0.0028, 0.000050
1720, -16.1591, -0.0036, 0.000050
1721, -20.0000, -0.0043, 0.000050
1722, -16.5227, -0.0021, 0.000050
1723, -17.0000, -0.0019, 0.000050
1724, -20.3182, -0.0072, 0.000050
1725, -24.8864, -0.0055, 0.000050
1726, -15.3864, -0.0042, 0.000050
1727, -20.5909, -0.0016, 0.000050
1728, -18.9318, -0.0077, 0.000050
1729, -16.6818, -0.0083, 0.000050
1730, -15.5455, -0.0095, 0.000050
1731, -14.0000, -0.0046, 0.000050
1732, -19.9545, -0.0049, 0.000050
1733, -17.5952, -0.0013, 0.000050
1734, -19.4318, 0.0017, 0.000050
1735, -16.7727, -0.0098, 0.000050
1736, -19.1364, 0.0018, 0.000050
1737, -17.3636, 0.0014, 0.000050
1738, -14.6818, -0.0015, 0.000050
1739, -18.6591, -0.0070, 0.000050
1740, -19.4545, -0.0057, 0.000050
1741, -19.1818, -0.0038, 0.000050
1742, -13.3864, -0.0009, 0.000050
1743, -17.5682, 0.0013, 0.000050
1744, -17.9318, 0.0025, 0.000050
1745, -18.7955, 0.0003, 0.000050
1746, -16.9091, 0.0003, 0.000050
1747, -15.4091, -0.0002, 0.000050
1748, -18.6818, -0.0047, 0.000050
1749, -18.0455, 0.0020, 0.000050
1750, -15.3636, -0.0002, 0.000050
1751, -17.4651, 0.0015, 0.000050
1752, -19.4773, 0.0005, 0.000050
1753, -18.6591, -0.0039, 0.000050
1754, -16.4318, -0.0009, 0.000050
1755, -18.5682, -0.0031, 0.000050
1756, -13.3636, -0.0047, 0.000050
1757, -16.6818, 0.0009, 0.000050
1758, -19.1364, -0.0004, 0.000050
1759, -16.8182, -0.0002, 0.000050
1760, -19.3182, 0.0027, 0.000050
1761, -18.5909, 0.0003, 0.000050
1762, -14.1818, -0.0047, 0.000050
1763, -16.5000, -0.0084, 0.000050
1764, -19.5227, -0.0037, 0.000050
1765, -18.6591, -0.0054, 0.000050
1766, -17.4545, -0.0017, 0.000050
1767, -19.4318, -0.0017, 0.000050
1768, -19.8182, -0.0053, 0.000050
1769, -18.2727, -0.0014, 0.000050
1770, -20.0465, -0.0057, 0.000050
1771, -18.2727, -0.0018, 0.000050
1772, -19.3721, -0.0046, 0.000050
1773, -19.9773, -0.0061, 0.000050
1774, -25.4091, -0.0021, 0.000050
1775, -16.6364, -0.0033, 0.000050
1776, -19.3182, -0.0029, 0.000050
1777, -16.7727, -0.0038, 0.000050
1778, -16.7500, -0.0048, 0.000050
1779, -16.7955, -0.0056, 0.000050
1780, -17.1136, -0.0044, 0.000050
1781, -19.1364, -0.0117, 0.000050
1782, -18.2955, -0.0082, 0.000050
1783, -17.1364, -0.0024, 0.000050
1784, -17.1364, -0.0116, 0.000050
1785, -16.7500, -0.0110, 0.000050
1786, -16.6136, -0.0053, 0.000050
1787, -16.7955, -0.0102, 0.000050
1788, -15.0909, -0.0044, 0.000050
1789, -14.0909, -0.0053, 0.000050
1790, -17.0909, -0.0026, 0.000050
1791, -18.5682, -0.0078, 0.000050
1792, -14.8372, -0.0055, 0.000050
1793, -20.1818, -0.0033, 0.000050
1794, -22.5455, -0.0021, 0.000050
1795, -17.6591, -0.0025, 0.000050
1796, -24.3409, -0.0006, 0.000050
1797, -18.7727, -0.0069, 0.000050
1798, -17.3182, -0.0118, 0.000050
1799, -13.8409, -0.0067, 0.000050
1800, -19.4091, -0.0056, 0.000050
1801, -21.0909, -0.0038, 0.000050
1802, -17.4773, -0.0021, 0.000050
1803, -16.2045, -0.0049, 0.000050
1804, -19.2727, -0.0045, 0.000050
1805, -20.0000, -0.0022, 0.000050
1806, -15.3864, -0.0054, 0.000050
1807, -17.9318, -0.0031, 0.000050
1808, -13.5000, -0.0080, 0.000050
1809, -13.5682, -0.0077, 0.000050
1810, -18.2045, -0.0049, 0.000050
1811, -18.8182, -0.0064, 0.000050
1812, -16.3864, -0.0040, 0.000050
1813, -15.8864, -0.0038, 0.000050
1814, -17.5455, -0.0045, 0.000050
1815, -19.5455, -0.0023, 0.000050
1816, -19.2727, -0.0095, 0.000050
1817, -16.4091, -0.0045, 0.000050
1818, -19.8409, -0.0066, 0.000050
1819, -19.1818, -0.0073, 0.000050
1820, -20.4091, -0.0068, 0.000050
1821, -17.7955, -0.0117, 0.000050
1822, -17.8409, -0.0043, 0.000050
1823, -18.2273, -0.0122, 0.000050
1824, -18.7500, -0.0093, 0.000050
1825, -17.6818, -0.0025, 0.000050
1826, -16.6136, -0.0022, 0.000050
1827, -18.8409, -0.0008, 0.000050
1828, -18.6591, -0.0020, 0.000050
1829, -14.2955, -0.0049, 0.000050
1830, -17.2955, -0.0034, 0.000050
1831, -16.9091, -0.0054, 0.000050
1832, -17.9773, -0.0111, 0.000050
1833, -18.9773, -0.0018, 0.000050
1834, -16.7045, -0.0088, 0.000050
1835, -18.8409, -0.0089, 0.000050
1836, -19.7500, -0.0087, 0.000050
1837, -16.1818, -0.0032, 0.000050
1838, -20.2273, -0.0082, 0.000050
1839, -16.5227, -0.0102, 0.000050
1840, -16.5682, -0.0029, 0.000050
1841, -16.1591, -0.0033, 0.000050
1842, -17.0000, -0.0037, 0.000050
1843, -17.9091, -0.0015, 0.000050
1844, -17.2500, -0.0106, 0.000050
1845, -16.3636, -0.0023, 0.000050
1846, -15.8636, -0.0034, 0.000050
1847, -17.6364, -0.0022, 0.000050
1848, -18.2500, -0.0006, 0.000050
1849, -23.2857, 0.0030, 0.000050
1850, -18.4773, -0.0037, 0.000050
1851, -19.1818, -0.0097, 0.000050
1852, -17.3182, -0.0032, 0.000050
1853, -19.0000, -0.0071, 0.000050
1854, -19.0238, -0.0082, 0.000050
1855, -16.2500, -0.0043, 0.000050
1856, -16.3636, -0.0048, 0.000050
1857, -22.0238, -0.0051, 0.000050
1858, -16.6591, -0.0028, 0.000050
1859, -17.8636, -0.0037, 0.000050
1860, -18.2955, -0.0025, 0.000050
1861, -18.5909, -0.0118, 0.000050
1862, -17.1136, -0.0029, 0.000050
1863, -18.5682, -0.0019, 0.000050
1864, -19.8864, -0.0105, 0.000050
1865, -16.0000, -0.0047, 0.000050
1866, -14.0000, -0.0078, 0.000050
1867, -19.3636, -0.0065, 0.000050
1868, -19.2955, -0.0097, 0.000050
1869, -17.6818, -0.0018, 0.000050
1870, -17.5682, -0.0085, 0.000050
1871, -21.7955, -0.0032, 0.000050
1872, -22.4318, -0.0042, 0.000050
1873, -18.7045, -0.0021, 0.000050
1874, -17.0909, -0.0035, 0.000050
1875, -20.5455, -0.0054, 0.000050
1876, -22.2558, -0.0045, 0.000050
1877, -16.8409, -0.0053, 0.000050
1878, -21.7727, -0.0054, 0.000050
1879, -20.0682, -0.0057, 0.000050
1880, -17.2727, -0.0053, 0.000050
1881, -16.8864, -0.0048, 0.000050
1882, -15.3864, -0.0084, 0.000050
1883, -17.2326, -0.0070, 0.000050
1884, -17.3636, -0.0050, 0.000050
1885, -19.6818, -0.0022, 0.000050
1886, -22.4773, -0.0052, 0.000050
1887, -18.9318, -0.0126, 0.000050
1888, -18.9318, -0.0041, 0.000050
1889, -17.5682, -0.0147, 0.000050
1890, -23.4419, -0.0027, 0.000050
1891, -17.3182, -0.0026, 0.000050
1892, -15.3636, -0.0065, 0.000050
1893, -17.5227, -0.0128, 0.000050
1894, -16.7273, -0.0121, 0.000050
1895, -15.1136, -0.0105, 0.000050
1896, -19.0000, 0.0003, 0.000050
1897, -18.4545, -0.0079, 0.000050
1898, -15.7500, -0.0022, 0.000050
1899, -16.9773, -0.0011, 0.000050
1900, -19.7045, -0.0061, 0.000050
1901, -17.4186, -0.0025, 0.000050
1902, -20.3409, -0.0044, 0.000050
1903, -19.6818, -0.0033, 0.000050
1904, -21.3864, -0.0028, 0.000050
1905, -23.0698, 0.0007, 0.000050
1906, -18.3636, -0.0106, 0.000050
1907, -22.6364, -0.0005, 0.000050
1908, -16.2955, -0.0032, 0.000050
1909, -19.6818, -0.0071, 0.000050
1910, -21.0909, -0.0041, 0.000050
1911, -17.6591, -0.0031, 0.000050
1912, -22.5455, -0.0052, 0.000050
1913, -23.5952, 0.0030, 0.000050
1914, -21.6818, -0.0059, 0.000050
1915, -16.3636, -0.0045, 0.000050
1916, -23.4318, -0.0015, 0.000050
1917, -19.8409, -0.0077, 0.000050
1918, -18.1818, -0.0026, 0.000050
1919, -18.2273, -0.0100, 0.000050
1920, -19.9318, -0.0052, 0.000050
1921, -16.2727, -0.0053, 0.000050
1922, -18.3636, -0.0028, 0.000050
1923, -21.2273, -0.0055, 0.000050
1924, -22.4545, -0.0033, 0.000050
1925, -22.4545, -0.0008, 0.000050
1926, -16.7955, -0.0043, 0.000050
1927, -20.9545, -0.0087, 0.000050
1928, -22.0000, -0.0061, 0.000050
1929, -21.8182, -0.0071, 0.000050
1930, -19.8409, -0.0020, 0.000050
1931, -19.8605, -0.0098, 0.000050
1932, -18.2273, -0.0061, 0.000050
1933, -18.9091, -0.0113, 0.000050
1934, -19.0682, -0.0082, 0.000050
1935, -20.4091, -0.0068, 0.000050
1936, -22.1395, 0.0001, 0.000050
1937, -18.9091, -0.0034, 0.000050
1938, -17.3182, -0.0053, 0.000050
1939, -17.0909, -0.0090, 0.000050
1940, -17.0682, -0.0151, 0.000050
1941, -23.1136, -0.0032, 0.000050
1942, -15.8636, -0.0075, 0.000050
1943, -21.9091, -0.0116, 0.000050
1944, -16.7805, -0.0031, 0.000050
1945, -12.9545, -0.0069, 0.000050
1946, -20.0909, -0.0039, 0.000050
1947, -21.6818, -0.0072, 0.000050
1948, -18.3182, -0.0112, 0.000050
1949, -19.7209, -0.0031, 0.000050
1950, -14.7955, -0.0042, 0.000050
1951, -15.5000, -0.0018, 0.000050
1952, -20.0909, -0.0045, 0.000050
1953, -19.6136, -0.0046, 0.000050
1954, -18.5455, -0.0003, 0.000050
1955, -15.0227, -0.0043, 0.000050
1956, -18.1364, -0.0010, 0.000050
1957, -21.8182, -0.0026, 0.000050
1958, -19.8636, -0.0040, 0.000050
1959, -17.4091, -0.0024, 0.000050
1960, -17.6591, -0.0089, 0.000050
1961, -18.4091, -0.0067, 0.000050
1962, -16.1591, -0.0040, 0.000050
1963, -16.0909, -0.0042, 0.000050
1964, -18.3182, -0.0021, 0.000050
1965, -18.7955, -0.0017, 0.000050
1966, -20.7500, -0.0042, 0.000050
1967, -18.3636, -0.0031, 0.000050
1968, -16.6818, -0.0136, 0.000050
1969, -17.1364, -0.0020, 0.000050
1970, -16.6818, -0.0010, 0.000050
1971, -16.8409, -0.0025, 0.000050
1972, -15.2273, -0.0039, 0.000050
1973, -19.8605, -0.0066, 0.000050
1974, -15.7500, -0.0016, 0.000050
1975, -20.2045, 0.0004, 0.000050
1976, -16.1136, -0.0118, 0.000050
1977, -18.4773, -0.0014, 0.000050
1978, -16.1136, -0.0023, 0.000050
1979, -19.4091, -0.0032, 0.000050
1980, -21.1860, -0.0045, 0.000050
1981, -23.0000, -0.0006, 0.000050
1982, -20.4318, -0.0085, 0.000050
1983, -17.4091, -0.0036, 0.000050
1984, -15.7273, -0.0051, 0.000050
1985, -20.5682, -0.0033, 0.000050
1986, -15.7727, -0.0041, 0.000050
1987, -19.1364, -0.0010, 0.000050
1988, -22.5814, -0.0033, 0.000050
1989, -19.6818, -0.0066, 0.000050
1990, -19.5682, -0.0020, 0.000050
1991, -19.2955, -0.0031, 0.000050
1992, -17.5000, -0.0114, 0.000050
1993, -21.2093, -0.0057, 0.000050
1994, -22.2500, -0.0022, 0.000050
1995, -18.9318, -0.0017, 0.000050
1996, -14.4318, -0.0063, 0.000050
1997, -16.8372, -0.0054, 0.000050
1998, -20.9773, -0.0093, 0.000050
1999, -22.7727, -0.0051, 0.000050
2000, -21.8409, -0.0058, 0.000050
2001, -22.3864, -0.0047, 0.000050
2002, -25.6136, -0.0020, 0.000050
2003, -17.4091, -0.0074, 0.000050
2004, -16.3636, -0.0133, 0.000050
2005, -17.2045, -0.0057, 0.000050
2006, -18.6364, -0.0103, 0.000050
2007, -19.0682, -0.0122, 0.000050
2008, -18.5000, -0.0147, 0.000050
2009, -19.5227, -0.0064, 0.000050
2010, -21.5000, -0.0066, 0.000050
2011, -16.1818, -0.0119, 0.000050
2012, -17.5909, -0.0025, 0.000050
2013, -19.2727, -0.0097, 0.000050
2014, -21.0455, -0.0088, 0.000050
2015, -18.2500, -0.0106, 0.000050
2016, -23.0682, 0.0021, 0.000050
2017, -15.5000, -0.0048, 0.000050
2018, -21.4545, -0.0060, 0.000050
2019, -20.7045, -0.0059, 0.000050
2020, -22.5455, -0.0034, 0.000050
2021, -15.8636, -0.0046, 0.000050
2022, -18.3182, -0.0016, 0.000050
2023, -16.0455, -0.0061, 0.000050
2024, -17.1818, -0.0098, 0.000050
2025, -18.6364, -0.0108, 0.000050
2026, -18.0682, -0.0028, 0.000050
2027, -19.0227, -0.0084, 0.000050
2028, -19.9545, -0.0042, 0.000050
2029, -17.7045, -0.0116, 0.000050
2030, -17.8333, -0.0096, 0.000050
2031, -18.5227, 0.0014, 0.000050
2032, -19.0227, -0.0048, 0.000050
2033, -22.0698, -0.0028, 0.000050
2034, -20.4773, -0.0030, 0.000050
2035, -18.2955, 0.0007, 0.000050
2036, -19.1628, -0.0035, 0.000050
2037, -18.3636, 0.0009, 0.000050
2038, -18.2955, -0.0003, 0.000050
2039, -18.0000, 0.0000, 0.000050
2040, -16.5909, -0.0030, 0.000050
2041, -13.0476, -0.0066, 0.000050
2042, -17.4773, -0.0003, 0.000050
2043, -19.2500, 0.0007, 0.000050
2044, -19.8810, -0.0084, 0.000050
2045, -20.8605, -0.0046, 0.000050
2046, -20.0682, -0.0003, 0.000050
2047, -16.8837, -0.0030, 0.000050
2048, -18.2326, -0.0078, 0.000050
2049, -21.8182, -0.0049, 0.000050
2050, -19.1818, -0.0085, 0.000050
2051, -14.3409, -0.0059, 0.000050
2052, -18.1364, -0.0008, 0.000050
2053, -18.1364, -0.0091, 0.000050
2054, -18.5227, -0.0023, 0.000050
2055, -17.6136, -0.0019, 0.000050
2056, -21.3182, -0.0050, 0.000050
2057, -16.6136, -0.0040, 0.000050
2058, -20.2045, -0.0087, 0.000050
2059, -19.5682, -0.0011, 0.000050
2060, -21.2045, -0.0065, 0.000050
2061, -15.7727, -0.0056, 0.000050
2062, -21.0455, -0.0030, 0.000050
2063, -17.6364, -0.0031, 0.000050
2064, -20.3409, -0.0083, 0.000050
2065, -18.8636, -0.0086, 0.000050
2066, -17.2955, -0.0077, 0.000050
2067, -18.1136, -0.0024, 0.000050
2068, -14.3636, -0.0075, 0.000050
2069, -18.5000, -0.0030, 0.000050
2070, -18.7955, -0.0019, 0.000050
2071, -19.3182, -0.0082, 0.000050
2072, -12.9773, -0.0089, 0.000050
2073, -18.1818, -0.0112, 0.000050
2074, -15.5909, -0.0063, 0.000050
2075, -16.2791, -0.0048, 0.000050
2076, -18.0682, -0.0020, 0.000050
2077, -18.9091, -0.0029, 0.000050
2078, -17.0476, -0.0125, 0.000050
2079, -17.4318, -0.0097, 0.000050
2080, -21.1591, 0.0014, 0.000050
2081, -20.7727, 0.0035, 0.000050
2082, -18.1818, -0.0012, 0.000050
2083, -16.0455, -0.0021, 0.000050
2084, -17.0000, 0.0002, 0.000050
2085, -20.2500, -0.0065, 0.000050
2086, -16.0000, -0.0006, 0.000050
2087, -17.9318, -0.0043, 0.000050
2088, -17.2273, -0.0006, 0.000050
2089, -19.0227, 0.0019, 0.000050
2090, -17.4545, -0.0080, 0.000050
2091, -17.4773, -0.0004, 0.000050
2092, -15.3182, -0.0031, 0.000050
2093, -19.2273, 0.0006, 0.000050
2094, -19.1591, 0.0014, 0.000050
2095, -19.2955, -0.0052, 0.000050
2096, -18.1818, 0.0002, 0.000050
2097, -15.9070, -0.0031, 0.000050
2098, -16.5000, -0.0040, 0.000050
2099, -17.7727, -0.0079, 0.000050
2100, -18.9318, -0.0001, 0.000050
2101, -16.9318, -0.0011, 0.000050
2102, -18.9318, -0.0065, 0.000050
2103, -15.2727, -0.0043, 0.000050
2104, -17.0455, -0.0023, 0.000050
2105, -16.1364, -0.0040, 0.000050
2106, -19.0455, -0.0087, 0.000050
2107, -14.6818, -0.0074, 0.000050
2108, -24.4318, 0.0009, 0.000050
2109, -17.7045, -0.0021, 0.000050
2110, -21.1136, -0.0069, 0.000050
2111, -21.7955, -0.0057, 0.000050
2112, -18.1364, -0.0060, 0.000050
2113, -20.6818, 0.0013, 0.000050
2114, -16.1591, -0.0037, 0.000050
2115, -19.7273, -0.0066, 0.000050
2116, -22.1364, 0.0012, 0.000050
2117, -18.8182, -0.0109, 0.000050
2118, -17.9091, -0.0027, 0.000050
2119, -17.4318, -0.0084, 0.000050
2120, -19.6591, 0.0003, 0.000050
2121, -15.6818, -0.0012, 0.000050
2122, -18.0455, -0.0017, 0.000050
2123, -20.3409, -0.0037, 0.000050
2124, -20.3636, -0.0001, 0.000050
2125, -21.5909, 0.0018, 0.000050
2126, -15.8182, -0.0049, 0.000050
2127, -16.9318, -0.0025, 0.000050
2128, -21.1364, -0.0075, 0.000050
2129, -16.2727, -0.0031, 0.000050
2130, -20.8182, -0.0034, 0.000050
2131, -18.1818, -0.0018, 0.000050
2132, -21.3488, -0.0072, 0.000050
2133, -18.2955, -0.0128, 0.000050
2134, -19.0909, -0.0046, 0.000050
2135, -15.6364, -0.0024, 0.000050
2136, -20.6591, 0.0021, 0.000050
2137, -18.7955, -0.0063, 0.000050
2138, -20.4091, 0.0003, 0.000050
2139, -18.7955, 0.0003, 0.000050
2140, -15.3182, -0.0019, 0.000050
2141, -20.1136, -0.0054, 0.000050
2142, -18.8182, -0.0007, 0.000050
2143, -17.7045, -0.0023, 0.000050
2144, -15.3864, -0.0043, 0.000050
2145, -17.0000, -0.0021, 0.000050
2146, -20.6818, -0.0094, 0.000050
2147, -20.4318, -0.0064, 0.000050
2148, -18.8409, -0.0012, 0.000050
2149, -19.6818, -0.0063, 0.000050
2150, -17.9545, 0.0004, 0.000050
2151, -19.1364, -0.0035, 0.000050
2152, -19.7273, -0.0053, 0.000050
2153, -21.4318, -0.0010, 0.000050
2154, -22.4651, -0.0034, 0.000050
2155, -14.9545, -0.0052, 0.000050
2156, -17.4318, -0.0085, 0.000050
2157, -19.5909, -0.0002, 0.000050
2158, -19.5238, 0.0002, 0.000050
2159, -20.6818, -0.0049, 0.000050
2160, -18.1136, -0.0099, 0.000050
2161, -18.7045, -0.0022, 0.000050
2162, -17.3182, -0.0021, 0.000050
2163, -17.8182, -0.0098, 0.000050
2164, -18.8636, -0.0087, 0.000050
2165, -18.7045, 0.0009, 0.000050
2166, -15.4091, -0.0045, 0.000050
2167, -17.8864, -0.0027, 0.000050
2168, -18.9091, -0.0073, 0.000050
2169, -16.2727, -0.0047, 0.000050
2170, -15.1818, -0.0034, 0.000050
2171, -18.2500, -0.0075, 0.000050
2172, -22.0227, -0.0050, 0.000050
2173, -20.5909, -0.0070, 0.000050
2174, -21.0000, 0.0002, 0.000050
2175, -17.3636, -0.0041, 0.000050
2176, -17.5000, -0.0113, 0.000050
2177, -19.7273, -0.0081, 0.000050
2178, -15.8864, -0.0051, 0.000050
2179, -16.5227, -0.0140, 0.000050
2180, -14.1136, -0.0087, 0.000050
2181, -16.4318, -0.0013, 0.000050
2182, -16.6364, -0.0022, 0.000050
2183, -20.8864, -0.0005, 0.000050
2184, -18.6591, -0.0073, 0.000050
2185, -17.0682, -0.0023, 0.000050
2186, -14.5000, -0.0058, 0.000050
2187, -26.1136, 0.0020, 0.000050
2188, -19.1591, -0.0008, 0.000050
2189, -20.4773, -0.0104, 0.000050
2190, -17.6136, -0.0011, 0.000050
2191, -17.7727, -0.0067, 0.000050
2192, -16.2045, -0.0101, 0.000050
2193, -20.0227, -0.0047, 0.000050
2194, -25.5682, 0.0036, 0.000050
2195, -18.3636, -0.0023, 0.000050
2196, -18.4545, -0.0063, 0.000050
2197, -14.1364, -0.0048, 0.000050
2198, -17.1860, -0.0019, 0.000050
2199, -17.1163, -0.0007, 0.000050
2200, -17.6818, -0.0024, 0.000050
2201, -16.8409, -0.0016, 0.000050
2202, -16.0455, -0.0027, 0.000050
2203, -19.9773, 0.0009, 0.000050
2204, -20.2955, -0.0041, 0.000050
2205, -17.1818, -0.0093, 0.000050
2206, -19.8409, -0.0052, 0.000050
2207, -15.7955, -0.0064, 0.000050
2208, -18.6364, -0.0100, 0.000050
2209, -16.0909, -0.0036, 0.000050
2210, -22.4091, -0.0051, 0.000050
2211, -15.2955, -0.0049, 0.000050
2212, -17.8409, -0.0011, 0.000050
2213, -23.6136, -0.0008, 0.000050
2214, -20.3721, -0.0077, 0.000050
2215, -20.4091, -0.0044, 0.000050
2216, -21.9535, -0.0028, 0.000050
2217, -20.6136, -0.0041, 0.000050
2218, -15.5909, -0.0032, 0.000050
2219, -16.0455, -0.0110, 0.000050
2220, -16.2093, -0.0028, 0.000050
2221, -18.7955, -0.0063, 0.000050
2222, -20.3864, -0.0009, 0.000050
2223, -20.5000, 0.0000, 0.000050
2224, -16.7500, -0.0024, 0.000050
2225, -18.1818, -0.0071, 0.000050
2226, -21.2045, -0.0039, 0.000050
2227, -16.8636, -0.0017, 0.000050
2228, -17.2500, -0.0105, 0.000050
2229, -17.7727, -0.0014, 0.000050
2230, -17.0682, -0.0020, 0.000050
2231, -21.3095, 0.0011, 0.000050
2232, -19.3636, -0.0002, 0.000050
2233, -17.7955, -0.0104, 0.000050
2234, -17.3182, -0.0017, 0.000050
2235, -19.1136, -0.0086, 0.000050
2236, -21.7045, -0.0029, 0.000050
2237, -19.0227, -0.0014, 0.000050
2238, -18.2727, -0.0013, 0.000050
2239, -20.2500, -0.0015, 0.000050
2240, -20.2955, -0.0088, 0.000050
2241, -19.5682, -0.0104, 0.000050
2242, -22.0227, -0.0005, 0.000050
2243, -17.2045, -0.0089, 0.000050
2244, -19.2273, -0.0055, 0.000050
2245, -17.3182, -0.0014, 0.000050
2246, -19.5000, -0.0056, 0.000050
2247, -17.0909, -0.0006, 0.000050
2248, -20.2500, -0.0046, 0.000050
2249, -16.5227, -0.0011, 0.000050
2250, -17.5000, -0.0010, 0.000050
2251, -17.2955, -0.0069, 0.000050
2252, -13.6136, -0.0051, 0.000050
2253, -18.0000, -0.0014, 0.000050
2254, -20.3864, -0.0043, 0.000050
2255, -18.2500, -0.0000, 0.000050
2256, -14.4545, -0.0053, 0.000050
2257, -18.4318, -0.0005, 0.000050
2258, -15.8409, -0.0033, 0.000050
2259, -19.3409, -0.0004, 0.000050
2260, -22.3409, 0.0020, 0.000050
2261, -22.0714, 0.0011, 0.000050
2262, -15.9773, -0.0045, 0.000050
2263, -15.5116, -0.0050, 0.000050
2264, -15.7727, -0.0038, 0.000050
2265, -17.5000, -0.0102, 0.000050
2266, -18.5227, -0.0100, 0.000050
2267, -18.7273, 0.0007, 0.000050
2268, -15.5682, -0.0089, 0.000050
2269, -15.4318, -0.0037, 0.000050
2270, -18.1136, -0.0012, 0.000050
2271, -16.8864, -0.0014, 0.000050
2272, -22.4884, -0.0014, 0.000050
2273, -22.3182, -0.0043, 0.000050
2274, -18.7955, -0.0076, 0.000050
2275, -20.1364, -0.0025, 0.000050
2276, -17.3095, -0.0034, 0.000050
2277, -15.1364, -0.0044, 0.000050
2278, -21.0909, -0.0055, 0.000050
2279, -17.4651, -0.0036, 0.000050
2280, -16.3864, -0.0036, 0.000050
2281, -18.4773, -0.0016, 0.000050
2282, -17.0682, -0.0030, 0.000050
2283, -20.7955, -0.0062, 0.000050
2284, -19.3409, -0.0088, 0.000050
2285, -18.3333, -0.0030, 0.000050
2286, -14.9773, -0.0046, 0.000050
2287, -20.0909, -0.0007, 0.000050
2288, -19.2273, -0.0018, 0.000050
2289, -16.1591, -0.0057, 0.000050
2290, -13.6364, -0.0081, 0.000050
2291, -15.7727, -0.0057, 0.000050
2292, -15.2727, -0.0047, 0.000050
2293, -19.1591, -0.0084, 0.000050
2294, -20.2273, -0.0078, 0.000050
2295, -18.2273, -0.0045, 0.000050
2296, -16.9773, -0.0045, 0.000050
2297, -18.5227, -0.0017, 0.000050
2298, -16.6136, -0.0034, 0.000050
2299, -14.7500, -0.0077, 0.000050
2300, -16.7045, -0.0050, 0.000050
2301, -17.2500, -0.0039, 0.000050
2302, -18.2500, -0.0126, 0.000050
2303, -18.6977, -0.0074, 0.000050
2304, -15.7727, -0.0053, 0.000050
2305, -18.1136, -0.0031, 0.000050
2306, -16.5349, -0.0036, 0.000050
2307, -18.6818, -0.0014, 0.000050
2308, -20.0682, 0.0005, 0.000050
2309, -20.2273, -0.0021, 0.000050
2310, -17.7727, -0.0038, 0.000050
2311, -16.3571, -0.0056, 0.000050
2312, -15.4318, -0.0069, 0.000050
2313, -19.2045, -0.0132, 0.000050
2314, -16.8409, -0.0051, 0.000050
2315, -19.1667, -0.0090, 0.000050
2316, -18.2955, -0.0031, 0.000050
2317, -19.5000, -0.0033, 0.000050
2318, -20.2727, -0.0056, 0.000050
2319, -16.7500, -0.0041, 0.000050
2320, -17.8864, -0.0052, 0.000050
2321, -18.6429, -0.0026, 0.000050
2322, -16.7674, -0.0048, 0.000050
2323, -15.8864, -0.0053, 0.000050
2324, -21.3182, -0.0071, 0.000050
2325, -18.3636, -0.0038, 0.000050
2326, -17.8864, -0.0049, 0.000050
2327, -15.7273, -0.0063, 0.000050
2328, -16.9091, -0.0070, 0.000050
2329, -15.2727, -0.0066, 0.000050
2330, -15.6512, -0.0075, 0.000050
2331, -18.5909, -0.0023, 0.000050
2332, -18.5116, -0.0037, 0.000050
2333, -18.7619, -0.0129, 0.000050
2334, -18.7500, -0.0016, 0.000050
2335, -16.9545, -0.0042, 0.000050
2336, -14.6136, -0.0056, 0.000050
2337, -19.1667, -0.0049, 0.000050
2338, -21.1591, -0.0069, 0.000050
2339, -20.4091, -0.0006, 0.000050
2340, -14.9535, -0.0064, 0.000050
2341, -16.6818, -0.0042, 0.000050
2342, -17.8864, -0.0034, 0.000050
2343, -18.0930, -0.0024, 0.000050
2344, -17.7500, -0.0105, 0.000050
2345, -19.8636, -0.0066, 0.000050
2346, -21.1364, -0.0071, 0.000050
2347, -17.8409, -0.0020, 0.000050
2348, -18.8409, -0.0109, 0.000050
2349, -14.6591, -0.0085, 0.000050
2350, -19.3864, -0.0023, 0.000050
2351, -18.4773, -0.0029, 0.000050
2352, -16.3636, -0.0113, 0.000050
2353, -16.7045, -0.0056, 0.000050
2354, -19.7955, -0.0106, 0.000050
2355, -16.1818, -0.0047, 0.000050
2356, -18.5909, -0.0025, 0.000050
2357, -18.6364, -0.0103, 0.000050
2358, -18.2500, -0.0010, 0.000050
2359, -15.9318, -0.0054, 0.000050
2360, -15.5682, -0.0049, 0.000050
2361, -19.0909, -0.0089, 0.000050
2362, -21.4091, -0.0077, 0.000050
2363, -14.4091, -0.0054, 0.000050
2364, -16.1818, -0.0032, 0.000050
2365, -19.5227, -0.0037, 0.000050
2366, -16.9773, -0.0020, 0.000050
2367, -19.5455, -0.0098, 0.000050
2368, -14.7955, -0.0046, 0.000050
2369, -17.2273, -0.0115, 0.000050
2370, -16.1364, -0.0005, 0.000050
2371, -16.2500, -0.0017, 0.000050
2372, -13.4773, -0.0043, 0.000050
2373, -16.6818, -0.0078, 0.000050
2374, -18.0455, -0.0068, 0.000050
2375, -19.7619, 0.0025, 0.000050
2376, -18.0227, -0.0046, 0.000050
2377, -14.8636, -0.0030, 0.000050
2378, -15.5682, -0.0023, 0.000050
2379, -16.1818, -0.0012, 0.000050
2380, -18.3182, -0.0003, 0.000050
2381, -16.5909, -0.0023, 0.000050
2382, -17.0682, -0.0065, 0.000050
2383, -19.9545, -0.0069, 0.000050
2384, -22.3864, 0.0043, 0.000050
2385, -20.4318, -0.0030, 0.000050
2386, -16.4091, -0.0017, 0.000050
2387, -18.0909, -0.0001, 0.000050
2388, -17.8409, -0.0050, 0.000050
2389, -17.5000, -0.0019, 0.000050
2390, -15.8864, -0.0109, 0.000050
2391, -13.7955, -0.0056, 0.000050
2392, -16.5909, -0.0058, 0.000050
2393, -17.8182, -0.0060, 0.000050
2394, -16.1591, -0.0056, 0.000050
2395, -14.8864, -0.0015, 0.000050
2396, -15.5455, -0.0036, 0.000050
2397, -20.6364, -0.0053, 0.000050
2398, -14.7727, -0.0016, 0.000050
2399, -16.7273, -0.0000, 0.000050
2400, -19.1136, 0.0022, 0.000050
2401, -16.5000, -0.0001, 0.000050
2402, -15.8864, -0.0018, 0.000050
2403, -17.5000, -0.0004, 0.000050
2404, -19.9545, -0.0044, 0.000050
2405, -14.2727, -0.0031, 0.000050
2406, -15.7955, -0.0021, 0.000050
2407, -17.7727, 0.0011, 0.000050
2408, -17.1136, -0.0086, 0.000050
2409, -17.8864, -0.0070, 0.000050
2410, -15.6364, -0.0018, 0.000050
2411, -16.9318, -0.0082, 0.000050
2412, -14.7955, -0.0029, 0.000050
2413, -14.9091, -0.0032, 0.000050
2414, -19.5476, 0.0011, 0.000050
2415, -20.2045, -0.0025, 0.000050
2416, -20.3864, 0.0017, 0.000050
2417, -18.2727, -0.0007, 0.000050
2418, -16.5000, -0.0028, 0.000050
2419, -18.0909, -0.0075, 0.000050
2420, -20.4545, -0.0023, 0.000050
2421, -17.3953, -0.0023, 0.000050
2422, -14.6591, -0.0051, 0.000050
2423, -19.2500, -0.0024, 0.000050
2424, -14.5227, -0.0067, 0.000050
2425, -20.4545, -0.0079, 0.000050
2426, -18.7273, -0.0067, 0.000050
2427, -19.3182, -0.0017, 0.000050
2428, -17.9545, -0.0030, 0.000050
2429, -13.4318, -0.0052, 0.000050
2430, -13.8182, -0.0061, 0.000050
2431, -16.2045, -0.0117, 0.000050
2432, -16.1136, -0.0023, 0.000050
2433, -16.7955, -0.0005, 0.000050
2434, -18.0682, 0.0004, 0.000050
2435, -16.7727, -0.0107, 0.000050
2436, -19.7045, 0.0022, 0.000050
2437, -17.9091, -0.0069, 0.000050
2438, -17.7045, -0.0015, 0.000050
2439, -15.5682, -0.0025, 0.000050
2440, -17.3864, -0.0023, 0.000050
2441, -13.2955, -0.0059, 0.000050
2442, -18.0000, -0.0004, 0.000050
2443, -17.3182, -0.0022, 0.000050
2444, -19.2500, -0.0070, 0.000050
2445, -20.8636, -0.0019, 0.000050
2446, -13.6136, -0.0052, 0.000050
2447, -16.0476, -0.0027, 0.000050
2448, -16.4318, -0.0041, 0.000050
2449, -17.8182, -0.0014, 0.000050
2450, -19.4091, -0.0058, 0.000050
2451, -15.4545, -0.0035, 0.000050
2452, -18.2273, -0.0021, 0.000050
2453, -15.6364, -0.0046, 0.000050
2454, -15.8409, -0.0052, 0.000050
2455, -18.7045, -0.0025, 0.000050
2456, -17.0000, -0.0055, 0.000050
2457, -18.9773, -0.0023, 0.000050
2458, -18.4091, -0.0032, 0.000050
2459, -14.2500, -0.0064, 0.000050
2460, -16.6818, -0.0041, 0.000050
2461, -18.7727, -0.0031, 0.000050
2462, -19.0227, -0.0024, 0.000050
2463, -20.7674, -0.0091, 0.000050
2464, -16.6591, -0.0124, 0.000050
2465, -16.5000, -0.0051, 0.000050
2466, -19.5455, -0.0087, 0.000050
2467, -18.1136, -0.0033, 0.000050
2468, -16.2500, -0.0052, 0.000050
2469, -17.9545, -0.0124, 0.000050
2470, -19.0455, -0.0062, 0.000050
2471, -18.9091, -0.0097, 0.000050
2472, -24.5909, 0.0011, 0.000050
2473, -16.9318, -0.0007, 0.000050
2474, -20.9048, -0.0038, 0.000050
2475, -15.7500, -0.0027, 0.000050
2476, -15.6818, -0.0030, 0.000050
2477, -18.9318, -0.0059, 0.000050
2478, -21.2045, -0.0042, 0.000050
2479, -19.1136, 0.0014, 0.000050
2480, -20.4318, -0.0051, 0.000050
2481, -21.0000, 0.0000, 0.000050
2482, -17.1163, -0.0081, 0.000050
2483, -17.9318, -0.0026, 0.000050
2484, -16.9762, -0.0025, 0.000050
2485, -22.7045, -0.0005, 0.000050
2486, -16.7500, -0.0024, 0.000050
2487, -16.5682, -0.0064, 0.000050
2488, -15.7955, -0.0054, 0.000050
2489, -19.0227, -0.0011, 0.000050
2490, -18.1667, -0.0025, 0.000050
2491, -16.1364, -0.0044, 0.000050
2492, -14.8864, -0.0061, 0.000050
2493, -20.5000, -0.0091, 0.000050
2494, -18.1364, -0.0020, 0.000050
2495, -16.7273, -0.0038, 0.000050
2496, -18.2500, -0.0044, 0.000050
2497, -21.1364, -0.0050, 0.000050
2498, -18.8837, -0.0016, 0.000050
2499, -20.3864, -0.0111, 0.000050
2500, -19.8864, -0.0048, 0.000050
2501, -15.5909, -0.0140, 0.000050
2502, -17.9318, -0.0007, 0.000050
2503, -18.8837, 0.0005, 0.000050
2504, -21.5227, 0.0044, 0.000050
2505, -15.8182, -0.0042, 0.000050
2506, -16.8864, -0.0120, 0.000050
2507, -20.8140, 0.0027, 0.000050
2508, -17.6136, -0.0005, 0.000050
2509, -22.3810, 0.0002, 0.000050
2510, -18.9091, -0.0064, 0.000050
2511, -18.5682, -0.0015, 0.000050
2512, -18.2727, -0.0011, 0.000050
2513, -19.1136, -0.0003, 0.000050
2514, -17.9318, -0.0007, 0.000050
2515, -13.1136, -0.0062, 0.000050
2516, -18.7273, -0.0063, 0.000050
2517, -18.3409, -0.0084, 0.000050
2518, -18.6364, -0.0009, 0.000050
2519, -15.7045, -0.0036, 0.000050
2520, -16.3636, -0.0028, 0.000050
2521, -17.1591, -0.0021, 0.000050
2522, -16.0000, -0.0087, 0.000050
2523, -20.1818, -0.0061, 0.000050
2524, -21.3409, -0.0055, 0.000050
2525, -17.2273, -0.0011, 0.000050
2526, -16.9773, -0.0025, 0.000050
2527, -17.5000, -0.0020, 0.000050
2528, -19.1591, -0.0045, 0.000050
2529, -15.9524, -0.0043, 0.000050
2530, -19.8182, -0.0073, 0.000050
2531, -15.2500, -0.0116, 0.000050
2532, -16.7727, -0.0024, 0.000050
2533, -16.7727, -0.0086, 0.000050
2534, -18.3636, -0.0007, 0.000050
2535, -18.8636, -0.0064, 0.000050
2536, -14.9318, -0.0044, 0.000050
2537, -16.7045, -0.0017, 0.000050
2538, -22.2727, -0.0015, 0.000050
2539, -16.9318, -0.0015, 0.000050
2540, -15.4773, -0.0112, 0.000050
2541, -17.2955, -0.0028, 0.000050
2542, -16.3182, -0.0046, 0.000050
2543, -17.3636, -0.0110, 0.000050
2544, -16.2273, -0.0029, 0.000050
2545, -18.8636, -0.0064, 0.000050
2546, -17.8810, 0.0001, 0.000050
2547, -17.3182, -0.0022, 0.000050
2548, -21.2955, 0.0007, 0.000050
2549, -16.0455, -0.0040, 0.000050
2550, -20.1591, -0.0087, 0.000050
2551, -18.1818, -0.0026, 0.000050
2552, -16.0455, -0.0033, 0.000050
2553, -21.3409, -0.0040, 0.000050
2554, -16.8864, -0.0025, 0.000050
2555, -17.8636, -0.0103, 0.000050
2556, -15.4318, -0.0043, 0.000050
2557, -16.0909, -0.0036, 0.000050
2558, -14.8864, -0.0053, 0.000050
2559, -16.2273, -0.0032, 0.000050
2560, -16.3721, -0.0114, 0.000050
2561, -19.0000, -0.0011, 0.000050
2562, -17.7045, -0.0072, 0.000050
2563, -18.5909, -0.0092, 0.000050
2564, -20.8864, -0.0074, 0.000050
2565, -15.3409, -0.0044, 0.000050
2566, -18.6364, -0.0017, 0.000050
2567, -20.2500, 0.0014, 0.000050
2568, -16.3636, -0.0033, 0.000050
2569, -19.9091, 0.0001, 0.000050
2570, -16.1136, -0.0052, 0.000050
2571, -17.0909, -0.0039, 0.000050
2572, -18.6136, -0.0109, 0.000050
2573, -16.8409, -0.0033, 0.000050
2574, -17.5682, -0.0021, 0.000050
2575, -16.8636, -0.0094, 0.000050
2576, -20.6136, -0.0025, 0.000050
2577, -18.3182, -0.0019, 0.000050
2578, -17.6136, -0.0038, 0.000050
2579, -21.4318, 0.0004, 0.000050
2580, -19.5455, -0.0053, 0.000050
2581, -19.1364, -0.0026, 0.000050
2582, -14.4318, -0.0088, 0.000050
2583, -16.4091, -0.0088, 0.000050
2584, -15.2273, -0.0064, 0.000050
2585, -17.5909, -0.0092, 0.000050
2586, -17.2273, -0.0060, 0.000050
2587, -17.2500, -0.0054, 0.000050
2588, -16.1364, -0.0048, 0.000050
2589, -18.4651, -0.0030, 0.000050
2590, -14.4091, -0.0072, 0.000050
2591, -16.5814, -0.0054, 0.000050
2592, -15.7727, -0.0052, 0.000050
2593, -18.7500, -0.0020, 0.000050
2594, -15.5455, -0.0050, 0.000050
2595, -18.4318, -0.0020, 0.000050
2596, -22.2500, -0.0059, 0.000050
2597, -16.8409, -0.0163, 0.000050
2598, -17.2045, -0.0033, 0.000050
2599, -17.6364, -0.0015, 0.000050
2600, -16.2727, -0.0047, 0.000050
2601, -15.8409, -0.0030, 0.000050
2602, -17.0227, -0.0098, 0.000050
2603, -14.8864, -0.0040, 0.000050
2604, -14.0909, -0.0065, 0.000050
2605, -20.6364, -0.0075, 0.000050
2606, -16.5000, -0.0029, 0.000050
2607, -16.3409, -0.0028, 0.000050
2608, -14.8864, -0.0055, 0.000050
2609, -18.2045, -0.0084, 0.000050
2610, -18.2500, -0.0070, 0.000050
2611, -19.8140, -0.0047, 0.000050
2612, -18.9545, -0.0098, 0.000050
2613, -20.4091, -0.0048, 0.000050
2614, -15.0455, -0.0036, 0.000050
2615, -17.0909, -0.0032, 0.000050
2616, -17.1364, -0.0105, 0.000050
2617, -15.4091, -0.0109, 0.000050
2618, -15.2500, -0.0074, 0.000050
2619, -15.5682, -0.0001, 0.000050
2620, -17.4773, -0.0065, 0.000050
2621, -18.5909, -0.0029, 0.000050
2622, -16.0682, -0.0043, 0.000050
2623, -15.8636, 0.0008, 0.000050
2624, -13.2273, -0.0019, 0.000050
2625, -15.6136, 0.0013, 0.000050
2626, -16.7955, 0.0030, 0.000050
2627, -19.6977, -0.0004, 0.000050
2628, -18.0455, 0.0026, 0.000050
2629, -18.3182, 0.0014, 0.000050
2630, -17.8864, 0.0011, 0.000050
2631, -18.4318, -0.0047, 0.000050
2632, -17.8182, 0.0030, 0.000050
2633, -16.0227, -0.0004, 0.000050
2634, -15.4545, -0.0014, 0.000050
2635, -19.8409, -0.0019, 0.000050
2636, -16.8409, -0.0004, 0.000050
2637, -19.4091, -0.0017, 0.000050
2638, -16.3864, -0.0013, 0.000050
2639, -18.6818, -0.0065, 0.000050
2640, -17.4773, -0.0036, 0.000050
2641, -21.0455, -0.0033, 0.000050
2642, -21.1136, -0.0004, 0.000050
2643, -20.9318, -0.0008, 0.000050
2644, -20.0227, 0.0001, 0.000050
2645, -16.5909, -0.0114, 0.000050
2646, -17.0455, -0.0059, 0.000050
2647, -17.9318, -0.0079, 0.000050
2648, -19.0909, -0.0044, 0.000050
2649, -19.9545, -0.0060, 0.000050
2650, -15.9091, -0.0013, 0.000050
2651, -16.3409, -0.0006, 0.000050
2652, -18.9545, 0.0024, 0.000050
2653, -18.6818, -0.0009, 0.000050
2654, -17.7955, -0.0003, 0.000050
2655, -18.8182, -0.0078, 0.000050
2656, -14.6818, -0.0082, 0.000050
2657, -18.5227, 0.0025, 0.000050
2658, -18.2955, -0.0021, 0.000050
2659, -18.8636, -0.0043, 0.000050
2660, -14.6818, -0.0015, 0.000050
2661, -20.2500, -0.0008, 0.000050
2662, -15.6818, -0.0011, 0.000050
2663, -18.6591, 0.0000, 0.000050
2664, -21.2045, -0.0051, 0.000050
2665, -21.1818, -0.0012, 0.000050
2666, -21.7500, -0.0010, 0.000050
2667, -16.2045, -0.0021, 0.000050
2668, -17.2045, -0.0094, 0.000050
2669, -15.3636, -0.0019, 0.000050
2670, -16.4091, -0.0016, 0.000050
2671, -15.8182, -0.0028, 0.000050
2672, -15.5000, -0.0021, 0.000050
2673, -18.8636, -0.0038, 0.000050
2674, -14.7955, -0.0029, 0.000050
2675, -15.6364, -0.0036, 0.000050
2676, -22.8372, 0.0024, 0.000050
2677, -16.6136, -0.0022, 0.000050
2678, -15.6591, -0.0028, 0.000050
2679, -16.2273, -0.0085, 0.000050
2680, -15.0682, -0.0032, 0.000050
2681, -14.5116, -0.0055, 0.000050
2682, -18.3636, -0.0083, 0.000050
2683, -16.5000, -0.0019, 0.000050
2684, -18.5227, -0.0057, 0.000050
2685, -12.2955, -0.0060, 0.000050
2686, -18.7273, -0.0086, 0.000050
2687, -17.9318, -0.0000, 0.000050
2688, -16.3182, -0.0013, 0.000050
2689, -16.6136, -0.0024, 0.000050
2690, -20.8182, -0.0041, 0.000050
2691, -17.8182, -0.0009, 0.000050
2692, -17.5227, -0.0100, 0.000050
2693, -17.9091, -0.0011, 0.000050
2694, -18.4545, -0.0055, 0.000050
2695, -18.1136, -0.0053, 0.000050
2696, -21.6364, -0.0023, 0.000050
2697, -20.4091, -0.0026, 0.000050
2698, -20.7045, 0.0008, 0.000050
2699, -15.4318, -0.0056, 0.000050
2700, -19.4773, -0.0038, 0.000050
2701, -19.5909, -0.0054, 0.000050
2702, -18.9091, -0.0052, 0.000050
2703, -20.5682, -0.0035, 0.000050
2704, -18.2727, -0.0113, 0.000050
2705, -17.1818, -0.0078, 0.000050
2706, -23.0909, 0.0011, 0.000050
2707, -16.2273, -0.0021, 0.000050
2708, -23.2273, -0.0017, 0.000050
2709, -22.1136, -0.0026, 0.000050
2710, -19.1591, -0.0038, 0.000050
2711, -19.5227, -0.0024, 0.000050
2712, -18.1364, -0.0087, 0.000050
2713, -18.4773, -0.0066, 0.000050
2714, -18.2045, -0.0104, 0.000050
2715, -16.7045, -0.0018, 0.000050
2716, -18.4762, -0.0074, 0.000050
2717, -17.1818, -0.0008, 0.000050
2718, -14.3636, -0.0032, 0.000050
2719, -19.3409, -0.0039, 0.000050
2720, -16.3636, -0.0019, 0.000050
2721, -18.9091, -0.0078, 0.000050
2722, -18.9070, -0.0056, 0.000050
2723, -15.8409, -0.0012, 0.000050
2724, -16.6136, -0.0086, 0.000050
2725, -17.9773, 0.0013, 0.000050
2726, -16.6364, -0.0061, 0.000050
2727, -17.7273, -0.0000, 0.000050
2728, -16.3864, 0.0014, 0.000050
2729, -21.5000, 0.0014, 0.000050
2730, -17.9048, 0.0006, 0.000050
2731, -17.6136, -0.0055, 0.000050
2732, -17.5000, -0.0087, 0.000050
2733, -16.5227, -0.0067, 0.000050
2734, -17.9318, -0.0030, 0.000050
2735, -21.8409, -0.0009, 0.000050
2736, -17.7045, -0.0018, 0.000050
2737, -18.5455, -0.0014, 0.000050
2738, -18.9091, -0.0054, 0.000050
2739, -16.5909, 0.0003, 0.000050
2740, -16.1818, -0.0073, 0.000050
2741, -18.1591, 0.0019, 0.000050
2742, -17.0455, -0.0003, 0.000050
2743, -17.8636, 0.0011, 0.000050
2744, -20.7273, -0.0046, 0.000050
2745, -20.7727, 0.0013, 0.000050
2746, -17.0000, -0.0003, 0.000050
2747, -15.6136, -0.0055, 0.000050
2748, -16.6136, -0.0010, 0.000050
2749, -15.7727, -0.0023, 0.000050
2750, -18.6818, -0.0080, 0.000050
2751, -23.2955, 0.0011, 0.000050
2752, -20.5909, -0.0060, 0.000050
2753, -19.2273, -0.0077, 0.000050
2754, -21.1591, -0.0017, 0.000050
2755, -14.1591, -0.0035, 0.000050
2756, -17.4773, 0.0008, 0.000050
2757, -15.1818, -0.0017, 0.000050
2758, -16.8372, -0.0014, 0.000050
2759, -16.6744, -0.0040, 0.000050
2760, -14.2326, -0.0013, 0.000050
2761, -17.5909, 0.0012, 0.000050
2762, -20.0909, -0.0063, 0.000050
2763, -20.2273, -0.0013, 0.000050
2764, -17.4773, -0.0052, 0.000050
2765, -14.6364, -0.0006, 0.000050
2766, -15.7045, -0.0062, 0.000050
2767, -15.4773, -0.0001, 0.000050
2768, -18.7727, -0.0030, 0.000050
2769, -15.6136, -0.0009, 0.000050
2770, -16.5227, -0.0012, 0.000050
2771, -17.9091, -0.0055, 0.000050
2772, -15.4091, -0.0045, 0.000050
2773, -14.7727, -0.0026, 0.000050
2774, -18.2273, 0.0015, 0.000050
2775, -17.2500, -0.0045, 0.000050
2776, -19.4773, -0.0036, 0.000050
2777, -15.7727, -0.0083, 0.000050
2778, -19.7045, 0.0031, 0.000050
2779, -19.8864, -0.0038, 0.000050
2780, -22.1190, -0.0031, 0.000050
2781, -18.4773, 0.0015, 0.000050
2782, -19.0909, 0.0012, 0.000050
2783, -14.5227, -0.0022, 0.000050
2784, -13.4091, -0.0036, 0.000050
2785, -15.2727, -0.0017, 0.000050
2786, -16.7955, 0.0002, 0.000050
2787, -21.5455, -0.0007, 0.000050
2788, -19.1364, -0.0063, 0.000050
2789, -18.4773, 0.0005, 0.000050
2790, -17.7955, 0.0003, 0.000050
2791, -19.7727, 0.0026, 0.000050
2792, -19.2500, 0.0003, 0.000050
2793, -22.6591, -0.0061, 0.000050
2794, -19.9773, -0.0026, 0.000050
2795, -15.4773, -0.0026, 0.000050
2796, -15.7045, -0.0018, 0.000050
2797, -23.8864, 0.0003, 0.000050
2798, -17.4545, -0.0003, 0.000050
2799, -14.1591, -0.0028, 0.000050
2800, -17.8636, 0.0002, 0.000050
2801, -15.6818, -0.0010, 0.000050
2802, -18.9091, -0.0071, 0.000050
2803, -20.2558, -0.0062, 0.000050
2804, -16.3636, -0.0004, 0.000050
2805, -16.7273, -0.0014, 0.000050
2806, -19.1364, -0.0001, 0.000050
2807, -17.9318, -0.0003, 0.000050
2808, -23.3409, -0.0023, 0.000050
2809, -17.6818, -0.0106, 0.000050
2810, -21.9091, -0.0028, 0.000050
2811, -17.6512, 0.0002, 0.000050
2812, -17.3636, -0.0004, 0.000050
2813, -15.8182, -0.0055, 0.000050
2814, -16.0000, -0.0025, 0.000050
2815, -19.5682, -0.0081, 0.000050
2816, -19.3636, 0.0037, 0.000050
2817, -14.5682, -0.0042, 0.000050
2818, -20.4091, 0.0007, 0.000050
2819, -17.2955, -0.0004, 0.000050
2820, -20.4545, -0.0068, 0.000050
2821, -15.0682, -0.0027, 0.000050
2822, -15.4773, -0.0017, 0.000050
2823, -12.2500, -0.0050, 0.000050
2824, -19.1628, -0.0034, 0.000050
2825, -19.7955, 0.0002, 0.000050
2826, -16.3409, -0.0019, 0.000050
2827, -14.7955, -0.0031, 0.000050
2828, -16.0227, -0.0011, 0.000050
2829, -17.3864, -0.0103, 0.000050
2830, -17.6591, 0.0001, 0.000050
2831, -16.1136, -0.0033, 0.000050
2832, -19.3182, 0.0014, 0.000050
2833, -17.8636, -0.0083, 0.000050
2834, -16.7955, -0.0008, 0.000050
2835, -17.9545, 0.0000, 0.000050
2836, -19.3864, 0.0004, 0.000050
2837, -16.2955, -0.0077, 0.000050
2838, -15.7500, -0.0020, 0.000050
2839, -14.7727, -0.0040, 0.000050
2840, -14.5682, -0.0027, 0.000050
2841, -19.5000, -0.0021, 0.000050
2842, -17.8864, -0.0005, 0.000050
2843, -18.3409, -0.0021, 0.000050
2844, -21.0000, -0.0067, 0.000050
2845, -15.4318, -0.0019, 0.000050
2846, -19.3864, 0.0021, 0.000050
2847, -15.8409, -0.0024, 0.000050
2848, -19.4545, -0.0018, 0.000050
2849, -15.9773, -0.0079, 0.000050
2850, -17.9773, -0.0019, 0.000050
2851, -18.0227, -0.0014, 0.000050
2852, -19.0909, -0.0040, 0.000050
2853, -21.0227, -0.0043, 0.000050
2854, -19.9318, 0.0001, 0.000050
2855, -16.8409, -0.0101, 0.000050
2856, -17.6429, -0.0084, 0.000050
2857, -18.1818, -0.0054, 0.000050
2858, -19.5455, -0.0079, 0.000050
2859, -20.5000, -0.0022, 0.000050
2860, -23.2045, -0.0001, 0.000050
2861, -16.3182, -0.0077, 0.000050
2862, -18.2955, -0.0012, 0.000050
2863, -18.1364, -0.0074, 0.000050
2864, -18.4091, -0.0106, 0.000050
2865, -18.0682, -0.0075, 0.000050
2866, -18.5227, 0.0002, 0.000050
2867, -17.4773, -0.0008, 0.000050
2868, -14.3864, -0.0033, 0.000050
2869, -19.6136, -0.0065, 0.000050
2870, -15.5909, -0.0031, 0.000050
2871, -18.8864, -0.0047, 0.000050
2872, -17.3636, -0.0088, 0.000050
2873, -17.2273, -0.0007, 0.000050
2874, -17.0682, -0.0069, 0.000050
2875, -16.0698, -0.0024, 0.000050
2876, -19.1364, 0.0009, 0.000050
2877, -23.4048, -0.0004, 0.000050
2878, -18.9091, -0.0091, 0.000050
2879, -15.9773, -0.0068, 0.000050
2880, -18.5909, -0.0071, 0.000050
2881, -18.8409, 0.0010, 0.000050
2882, -17.2500, -0.0083, 0.000050
2883, -18.7273, 0.0004, 0.000050
2884, -15.1364, -0.0025, 0.000050
2885, -20.9318, -0.0054, 0.000050
2886, -14.7273, -0.0038, 0.000050
2887, -17.8409, -0.0020, 0.000050
2888, -17.5682, -0.0105, 0.000050
2889, -21.2045, -0.0056, 0.000050
2890, -15.6818, -0.0015, 0.000050
2891, -19.7273, -0.0051, 0.000050
2892, -17.7500, -0.0010, 0.000050
2893, -16.7727, -0.0004, 0.000050
2894, -16.3636, -0.0021, 0.000050
2895, -16.3864, -0.0016, 0.000050
2896, -18.7273, -0.0081, 0.000050
2897, -17.5455, -0.0002, 0.000050
2898, -18.3864, -0.0062, 0.000050
2899, -17.5000, -0.0009, 0.000050
2900, -14.7143, -0.0034, 0.000050
2901, -21.0000, -0.0019, 0.000050
2902, -16.0000, -0.0035, 0.000050
2903, -16.4773, -0.0024, 0.000050
2904, -17.3636, -0.0084, 0.000050
2905, -18.1364, -0.0062, 0.000050
2906, -17.9773, 0.0007, 0.000050
2907, -17.5349, 0.0008, 0.000050
2908, -13.3409, -0.0050, 0.000050
2909, -19.2273, -0.0026, 0.000050
2910, -22.4318, 0.0001, 0.000050
2911, -14.7727, -0.0042, 0.000050
2912, -16.6136, -0.0024, 0.000050
2913, -19.6136, -0.0062, 0.000050
2914, -19.5116, -0.0066, 0.000050
2915, -15.1364, -0.0040, 0.000050
2916, -18.7045, 0.0001, 0.000050
2917, -20.1364, -0.0021, 0.000050
2918, -18.5000, -0.0068, 0.000050
2919, -20.4545, -0.0036, 0.000050
2920, -15.6591, -0.0022, 0.000050
2921, -19.2045, -0.0077, 0.000050
2922, -19.2500, -0.0050, 0.000050
2923, -16.2727, -0.0028, 0.000050
2924, -19.8636, -0.0076, 0.000050
2925, -20.9091, -0.0032, 0.000050
2926, -13.8182, -0.0044, 0.000050
2927, -15.8864, -0.0032, 0.000050
2928, -16.1591, -0.0106, 0.000050
2929, -21.9091, -0.0038, 0.000050
2930, -18.5455, -0.0068, 0.000050
2931, -16.9535, -0.0077, 0.000050
2932, -17.7500, -0.0075, 0.000050
2933, -18.9091, -0.0065, 0.000050
2934, -16.9535, -0.0092, 0.000050
2935, -12.7500, -0.0068, 0.000050
2936, -18.8182, 0.0001, 0.000050
2937, -16.4545, -0.0037, 0.000050
2938, -17.8409, -0.0029, 0.000050
2939, -18.7500, -0.0086, 0.000050
2940, -18.5455, -0.0016, 0.000050
2941, -17.4545, -0.0015, 0.000050
2942, -18.0000, -0.0093, 0.000050
2943, -20.1136, -0.0086, 0.000050
2944, -18.2273, -0.0098, 0.000050
2945, -16.8636, -0.0111, 0.000050
2946, -19.2727, -0.0027, 0.000050
2947, -15.5682, -0.0038, 0.000050
2948, -20.0455, -0.0074, 0.000050
2949, -18.4091, -0.0008, 0.000050
2950, -16.4318, -0.0014, 0.000050
2951, -21.3864, 0.0022, 0.000050
2952, -19.7727, -0.0010, 0.000050
2953, -16.7045, -0.0032, 0.000050
2954, -19.4318, -0.0016, 0.000050
2955, -17.8409, -0.0053, 0.000050
2956, -20.2500, -0.0009, 0.000050
2957, -17.8636, -0.0036, 0.000050
2958, -16.4091, -0.0101, 0.000050
2959, -19.9773, -0.0098, 0.000050
2960, -19.8864, -0.0042, 0.000050
2961, -15.4545, -0.0043, 0.000050
2962, -18.2273, -0.0089, 0.000050
2963, -15.8636, -0.0103, 0.000050
2964, -16.2500, -0.0030, 0.000050
2965, -18.0227, -0.0090, 0.000050
2966, -16.0227, -0.0043, 0.000050
2967, -14.8409, -0.0079, 0.000050
2968, -21.6364, -0.0048, 0.000050
2969, -17.5682, -0.0011, 0.000050
2970, -20.5682, -0.0027, 0.000050
2971, -16.7500, -0.0017, 0.000050
2972, -15.9773, -0.0103, 0.000050
2973, -15.5909, -0.0035, 0.000050
2974, -13.6136, -0.0051, 0.000050
2975, -16.6818, -0.0028, 0.000050
2976, -13.2045, -0.0076, 0.000050
2977, -18.3409, -0.0059, 0.000050
2978, -15.5227, -0.0054, 0.000050
2979, -18.5000, -0.0098, 0.000050
2980, -15.1591, -0.0048, 0.000050
2981, -17.2955, -0.0030, 0.000050
2982, -14.0909, -0.0052, 0.000050
2983, -18.8636, -0.0116, 0.000050
2984, -16.7955, -0.0015, 0.000050
2985, -14.4318, -0.0035, 0.000050
2986, -20.4773, -0.0029, 0.000050
2987, -14.7273, -0.0031, 0.000050
2988, -15.9535, -0.0101, 0.000050
2989, -19.4091, -0.0039, 0.000050
2990, -21.2381, -0.0055, 0.000050
2991, -15.7273, -0.0043, 0.000050
2992, -19.8409, -0.0037, 0.000050
2993, -19.2955, -0.0078, 0.000050
2994, -15.4318, -0.0128, 0.000050
2995, -17.6364, -0.0048, 0.000050
2996, -16.7500, -0.0007, 0.000050
2997, -18.0000, -0.0061, 0.000050
2998, -18.8182, 0.0014, 0.000050
2999, -14.4773, -0.0045, 0.000050
3000, -16.7500, -0.0016, 0.000050
3001, -15.5455, -0.0043, 0.000050
3002, -15.4884, -0.0035, 0.000050
3003, -18.9545, -0.0041, 0.000050
3004, -17.9545, -0.0076, 0.000050
3005, -14.8409, -0.0054, 0.000050
3006, -22.4318, 0.0010, 0.000050
3007, -17.2727, -0.0098, 0.000050
3008, -23.2727, -0.0009, 0.000050
3009, -19.0909, -0.0066, 0.000050
3010, -16.1364, -0.0110, 0.000050
3011, -17.8409, -0.0029, 0.000050
3012, -19.8864, -0.0022, 0.000050
3013, -17.0465, -0.0015, 0.000050
3014, -23.1818, -0.0011, 0.000050
3015, -20.0227, -0.0033, 0.000050
3016, -19.0909, -0.0072, 0.000050
3017, -17.3409, -0.0029, 0.000050
3018, -17.0682, -0.0015, 0.000050
3019, -15.5000, -0.0036, 0.000050
3020, -16.9545, -0.0038, 0.000050
3021, -16.8182, -0.0095, 0.000050
3022, -13.6364, -0.0054, 0.000050
3023, -16.5455, -0.0086, 0.000050
3024, -17.6136, -0.0107, 0.000050
3025, -17.7045, -0.0101, 0.000050
3026, -21.4318, -0.0016, 0.000050
3027, -15.3721, -0.0105, 0.000050
3028, -20.7500, -0.0037, 0.000050
3029, -15.2955, -0.0065, 0.000050
3030, -17.1591, -0.0018, 0.000050
3031, -14.7273, -0.0050, 0.000050
3032, -20.6364, -0.0032, 0.000050
3033, -19.0476, -0.0054, 0.000050
3034, -16.2273, -0.0102, 0.000050
3035, -18.4318, -0.0063, 0.000050
3036, -22.0682, -0.0005, 0.000050
3037, -17.9318, -0.0104, 0.000050
3038, -16.8409, -0.0031, 0.000050
3039, -18.1136, -0.0025, 0.000050
3040, -17.0714, -0.0018, 0.000050
3041, -17.2500, -0.0012, 0.000050
3042, -15.6818, -0.0043, 0.000050
3043, -13.7045, -0.0049, 0.000050
3044, -16.7727, -0.0084, 0.000050
3045, -18.1591, -0.0065, 0.000050
3046, -17.0455, -0.0017, 0.000050
3047, -13.2273, -0.0060, 0.000050
3048, -18.2045, -0.0100, 0.000050
3049, -19.0682, -0.0026, 0.000050
3050, -27.0909, 0.0006, 0.000050
3051, -19.5227, -0.0061, 0.000050
3052, -15.3864, -0.0030, 0.000050
3053, -19.5909, -0.0043, 0.000050
3054, -15.0455, -0.0031, 0.000050
3055, -16.7500, -0.0027, 0.000050
3056, -17.0909, -0.0021, 0.000050
3057, -16.2273, -0.0027, 0.000050
3058, -17.7045, -0.0053, 0.000050
3059, -19.1818, -0.0090, 0.000050
3060, -14.7500, -0.0046, 0.000050
3061, -18.2500, -0.0010, 0.000050
3062, -19.2955, -0.0003, 0.000050
3063, -17.7727, -0.0016, 0.000050
3064, -18.7955, 0.0004, 0.000050
3065, -17.5000, -0.0067, 0.000050
3066, -14.5227, -0.0048, 0.000050
3067, -16.5227, -0.0088, 0.000050
3068, -14.8182, -0.0028, 0.000050
3069, -18.1364, -0.0108, 0.000050
3070, -18.0000, -0.0017, 0.000050
3071, -16.9545, -0.0079, 0.000050
3072, -14.8182, -0.0053, 0.000050
3073, -15.8409, -0.0041, 0.000050
3074, -15.1818, -0.0028, 0.000050
3075, -16.4545, -0.0022, 0.000050
3076, -14.6136, -0.0046, 0.000050
3077, -17.4091, -0.0104, 0.000050
3078, -15.6364, -0.0032, 0.000050
3079, -17.9318, -0.0001, 0.000050
3080, -20.7442, -0.0041, 0.000050
3081, -17.1591, -0.0018, 0.000050
3082, -18.2045, -0.0084, 0.000050
3083, -17.1818, -0.0022, 0.000050
3084, -18.7273, -0.0000, 0.000050
3085, -20.1136, -0.0076, 0.000050
3086, -18.0455, -0.0008, 0.000050
3087, -16.3409, -0.0013, 0.000050
3088, -16.6136, -0.0114, 0.000050
3089, -14.5455, -0.0030, 0.000050
3090, -14.9545, -0.0019, 0.000050
3091, -19.0909, -0.0038, 0.000050
3092, -17.1591, -0.0002, 0.000050
3093, -18.0930, -0.0083, 0.000050
3094, -17.6818, -0.0075, 0.000050
3095, -16.0909, 0.0002, 0.000050
3096, -17.2727, -0.0031, 0.000050
3097, -18.8409, -0.0038, 0.000050
3098, -17.0227, -0.0045, 0.000050
3099, -15.8636, 0.0000, 0.000050
3100, -20.2727, -0.0017, 0.000050
3101, -17.6591, -0.0026, 0.000050
3102, -15.5227, -0.0021, 0.000050
3103, -16.3409, -0.0004, 0.000050
3104, -21.0455, -0.0009, 0.000050
3105, -15.7727, -0.0074, 0.000050
3106, -18.5682, -0.0051, 0.000050
3107, -20.0682, -0.0008, 0.000050
3108, -22.8636, -0.0015, 0.000050
3109, -17.3636, -0.0023, 0.000050
3110, -15.2500, -0.0040, 0.000050
3111, -19.0455, 0.0016, 0.000050
3112, -17.5227, 0.0007, 0.000050
3113, -21.0000, -0.0018, 0.000050
3114, -18.2273, -0.0003, 0.000050
3115, -17.6591, -0.0007, 0.000050
3116, -16.7273, -0.0019, 0.000050
3117, -17.8636, -0.0069, 0.000050
3118, -18.7500, -0.0094, 0.000050
3119, -20.3409, -0.0042, 0.000050
3120, -15.8636, -0.0021, 0.000050
3121, -15.7727, -0.0046, 0.000050
3122, -16.1818, -0.0033, 0.000050
3123, -16.3953, -0.0025, 0.000050
3124, -19.5227, -0.0005, 0.000050
3125, -23.6744, 0.0001, 0.000050
3126, -20.2727, -0.0064, 0.000050
3127, -19.5455, -0.0090, 0.000050
3128, -20.4773, -0.0024, 0.000050
3129, -15.7619, -0.0052, 0.000050
3130, -17.7500, -0.0091, 0.000050
3131, -20.6364, -0.0065, 0.000050
3132, -17.1591, -0.0090, 0.000050
3133, -16.3409, -0.0021, 0.000050
3134, -16.3864, -0.0100, 0.000050
3135, -18.2500, -0.0066, 0.000050
3136, -19.4884, -0.0008, 0.000050
3137, -14.9773, -0.0052, 0.000050
3138, -22.8409, -0.0010, 0.000050
3139, -15.4773, -0.0124, 0.000050
3140, -17.2500, -0.0093, 0.000050
3141, -17.5455, -0.0075, 0.000050
3142, -14.5227, -0.0032, 0.000050
3143, -13.5000, -0.0044, 0.000050
3144, -17.8864, 0.0010, 0.000050
3145, -15.4091, -0.0016, 0.000050
3146, -20.4773, -0.0016, 0.000050
3147, -14.9773, -0.0024, 0.000050
3148, -15.0909, -0.0080, 0.000050
3149, -16.6364, -0.0055, 0.000050
3150, -15.9318, -0.0013, 0.000050
3151, -20.1818, 0.0033, 0.000050
3152, -17.8409, 0.0018, 0.000050
3153, -17.0682, -0.0032, 0.000050
3154, -18.7273, 0.0016, 0.000050
3155, -13.5455, -0.0052, 0.000050
3156, -19.9524, -0.0051, 0.000050
3157, -17.7727, -0.0005, 0.000050
3158, -14.6136, -0.0026, 0.000050
3159, -17.7500, 0.0007, 0.000050
3160, -19.3721, -0.0049, 0.000050
3161, -19.3182, -0.0071, 0.000050
3162, -18.8636, -0.0001, 0.000050
3163, -20.0455, -0.0027, 0.000050
3164, -19.1628, 0.0014, 0.000050
3165, -14.7273, -0.0030, 0.000050
3166, -15.4091, -0.0035, 0.000050
3167, -13.8182, -0.0031, 0.000050
3168, -15.9091, -0.0014, 0.000050
3169, -15.8636, -0.0021, 0.000050
3170, -15.4773, -0.0018, 0.000050
3171, -15.1818, -0.0015, 0.000050
3172, -16.1818, -0.0030, 0.000050
3173, -19.0455, 0.0003, 0.000050
3174, -20.0000, 0.0003, 0.000050
3175, -19.2619, -0.0067, 0.000050
3176, -18.7500, 0.0002, 0.000050
3177, -15.7727, -0.0031, 0.000050
3178, -18.0682, -0.0006, 0.000050
3179, -14.5455, -0.0048, 0.000050
3180, -18.3864, -0.0093, 0.000050
3181, -19.8182, -0.0011, 0.000050
3182, -14.7955, -0.0027, 0.000050
3183, -17.7955, -0.0012, 0.000050
3184, -17.7955, -0.0008, 0.000050
3185, -21.7955, -0.0011, 0.000050
3186, -16.8636, -0.0095, 0.000050
3187, -15.8182, -0.0031, 0.000050
3188, -19.2273, -0.0080, 0.000050
3189, -14.3409, -0.0042, 0.000050
3190, -16.7727, -0.0005, 0.000050
3191, -17.8636, -0.0092, 0.000050
3192, -18.5227, 0.0023, 0.000050
3193, -16.8636, -0.0046, 0.000050
3194, -23.0455, 0.0014, 0.000050
3195, -21.2500, -0.0012, 0.000050
3196, -17.8864, -0.0004, 0.000050
3197, -17.5682, -0.0012, 0.000050
3198, -17.0682, -0.0004, 0.000050
3199, -18.9091, -0.0066, 0.000050
3200, -16.5000, -0.0071, 0.000050
3201, -21.1818, -0.0020, 0.000050
3202, -15.1818, -0.0036, 0.000050
3203, -17.4091, -0.0043, 0.000050
3204, -15.8864, -0.0011, 0.000050
3205, -21.9773, -0.0007, 0.000050
3206, -15.7045, -0.0045, 0.000050
3207, -17.5000, -0.0077, 0.000050
3208, -19.3636, -0.0054, 0.000050
3209, -18.5000, -0.0079, 0.000050
3210, -18.0000, -0.0079, 0.000050
3211, -17.6591, 0.0007, 0.000050
3212, -20.0909, -0.0038, 0.000050
3213, -15.6818, -0.0011, 0.000050
3214, -14.6364, -0.0022, 0.000050
3215, -17.5455, -0.0027, 0.000050
3216, -18.2045, -0.0070, 0.000050
3217, -16.8182, -0.0000, 0.000050
3218, -18.8864, -0.0062, 0.000050
3219, -14.9767, -0.0035, 0.000050
3220, -21.2273, -0.0012, 0.000050
3221, -20.0930, -0.0054, 0.000050
3222, -19.3256, -0.0075, 0.000050
3223, -19.6364, -0.0071, 0.000050
3224, -18.6591, -0.0056, 0.000050
3225, -17.6364, 0.0011, 0.000050
3226, -15.3182, -0.0016, 0.000050
3227, -18.5909, -0.0057, 0.000050
3228, -18.5000, -0.0047, 0.000050
3229, -16.9091, -0.0025, 0.000050
3230, -19.5000, 0.0009, 0.000050
3231, -16.3409, -0.0024, 0.000050
3232, -16.3864, -0.0018, 0.000050
3233, -14.9545, -0.0122, 0.000050
3234, -16.2727, -0.0005, 0.000050
3235, -16.7955, -0.0008, 0.000050
3236, -15.3182, -0.0010, 0.000050
3237, -15.6744, -0.0005, 0.000050
3238, -19.4545, -0.0057, 0.000050
3239, -18.0455, 0.0025, 0.000050
3240, -16.4773, -0.0008, 0.000050
3241, -20.0682, 0.0030, 0.000050
3242, -17.4773, 0.0009, 0.000050
3243, -22.5000, 0.0018, 0.000050
3244, -17.6818, -0.0050, 0.000050
3245, -19.3864, -0.0045, 0.000050
3246, -17.8409, 0.0008, 0.000050
3247, -17.0000, -0.0069, 0.000050
3248, -16.3182, 0.0003, 0.000050
3249, -16.1136, -0.0004, 0.000050
3250, -17.1591, -0.0041, 0.000050
3251, -17.4773, -0.0044, 0.000050
3252, -21.2045, 0.0038, 0.000050
3253, -22.9545, -0.0026, 0.000050
3254, -18.0909, -0.0035, 0.000050
3255, -17.0227, 0.0010, 0.000050
3256, -14.4545, -0.0030, 0.000050
3257, -21.2143, -0.0004, 0.000050
3258, -15.5909, -0.0080, 0.000050
3259, -18.3182, -0.0001, 0.000050
3260, -17.9091, 0.0010, 0.000050
3261, -17.0455, -0.0002, 0.000050
3262, -16.0455, -0.0008, 0.000050
3263, -16.9091, -0.0008, 0.000050
3264, -13.5909, -0.0045, 0.000050
3265, -18.6591, 0.0003, 0.000050
3266, -18.1364, -0.0002, 0.000050
3267, -16.7727, -0.0010, 0.000050
3268, -16.0000, -0.0096, 0.000050
3269, -18.1364, 0.0015, 0.000050
3270, -19.6591, -0.0028, 0.000050
3271, -14.3182, -0.0026, 0.000050
3272, -17.3182, -0.0009, 0.000050
3273, -15.1818, -0.0024, 0.000050
3274, -14.6591, -0.0106, 0.000050
3275, -18.4651, 0.0016, 0.000050
3276, -16.5909, -0.0026, 0.000050
3277, -18.0227, 0.0009, 0.000050
3278, -16.6364, -0.0012, 0.000050
3279, -17.8864, 0.0003, 0.000050
3280, -15.3409, -0.0026, 0.000050
3281, -16.7955, -0.0017, 0.000050
3282, -19.0682, -0.0002, 0.000050
3283, -17.2727, -0.0016, 0.000050
3284, -13.6591, -0.0041, 0.000050
3285, -20.3182, -0.0034, 0.000050
3286, -18.8409, -0.0073, 0.000050
3287, -18.9091, -0.0080, 0.000050
3288, -17.9545, -0.0022, 0.000050
3289, -18.5000, -0.0041, 0.000050
3290, -22.2273, -0.0007, 0.000050
3291, -18.1136, 0.0002, 0.000050
3292, -18.3810, -0.0067, 0.000050
3293, -14.8409, -0.0029, 0.000050
3294, -16.2955, -0.0023, 0.000050
3295, -15.0000, -0.0035, 0.000050
3296, -16.0455, -0.0018, 0.000050
3297, -13.2727, -0.0047, 0.000050
3298, -16.8636, -0.0003, 0.000050
3299, -15.4318, -0.0029, 0.000050
3300, -16.6136, -0.0086, 0.000050
3301, -18.7045, -0.0049, 0.000050
3302, -18.7727, -0.0060, 0.000050
3303, -19.4773, -0.0037, 0.000050
3304, -11.5682, -0.0056, 0.000050
3305, -18.0227, -0.0057, 0.000050
3306, -19.1818, -0.0073, 0.000050
3307, -19.9070, -0.0000, 0.000050
3308, -23.7727, 0.0003, 0.000050
3309, -17.8409, -0.0086, 0.000050
3310, -15.2955, -0.0045, 0.000050
3311, -16.1136, -0.0024, 0.000050
3312, -16.7907, -0.0071, 0.000050
3313, -15.0455, -0.0040, 0.000050
3314, -22.5227, -0.0010, 0.000050
3315, -19.0227, -0.0068, 0.000050
3316, -24.7727, -0.0003, 0.000050
3317, -20.4545, -0.0056, 0.000050
3318, -16.5227, -0.0047, 0.000050
3319, -14.3182, -0.0064, 0.000050
3320, -15.0909, -0.0049, 0.000050
3321, -21.1136, 0.0010, 0.000050
3322, -20.8636, -0.0026, 0.000050
3323, -15.2727, -0.0061, 0.000050
3324, -24.7273, 0.0002, 0.000050
3325, -16.7500, -0.0117, 0.000050
3326, -16.5227, -0.0119, 0.000050
3327, -19.7955, -0.0066, 0.000050
3328, -18.2955, -0.0037, 0.000050
3329, -19.9318, -0.0061, 0.000050
3330, -18.7955, -0.0080, 0.000050
3331, -14.1136, -0.0057, 0.000050
3332, -16.8182, -0.0100, 0.000050
3333, -14.0682, -0.0059, 0.000050
3334, -15.6136, -0.0119, 0.000050
3335, -16.4545, -0.0115, 0.000050
3336, -14.5455, -0.0022, 0.000050
3337, -16.1136, -0.0102, 0.000050
3338, -14.5455, -0.0042, 0.000050
3339, -17.5682, 0.0009, 0.000050
3340, -18.8409, -0.0065, 0.000050
3341, -17.6364, -0.0075, 0.000050
3342, -21.5000, -0.0005, 0.000050
3343, -16.4318, -0.0052, 0.000050
3344, -17.6364, -0.0005, 0.000050
3345, -18.4091, -0.0053, 0.000050
3346, -21.6136, 0.0006, 0.000050
3347, -24.4419, 0.0017, 0.000050
3348, -13.8182, -0.0029, 0.000050
3349, -17.9773, -0.0042, 0.000050
3350, -19.3636, -0.0057, 0.000050
3351, -16.4545, -0.0009, 0.000050
3352, -17.1818, -0.0055, 0.000050
3353, -14.7045, -0.0048, 0.000050
3354, -20.3864, -0.0023, 0.000050
3355, -17.9773, -0.0024, 0.000050
3356, -15.3864, -0.0018, 0.000050
3357, -13.3636, -0.0047, 0.000050
3358, -21.6667, -0.0020, 0.000050
3359, -16.5349, -0.0005, 0.000050
3360, -17.3256, -0.0083, 0.000050
3361, -19.1591, 0.0015, 0.000050
3362, -22.2955, 0.0016, 0.000050
3363, -19.0455, -0.0049, 0.000050
3364, -17.4318, -0.0043, 0.000050
3365, -18.4048, -0.0072, 0.000050
3366, -16.3864, -0.0003, 0.000050
3367, -19.7045, -0.0003, 0.000050
3368, -18.0682, -0.0027, 0.000050
3369, -18.9318, -0.0044, 0.000050
3370, -17.7273, -0.0033, 0.000050
3371, -21.6591, -0.0026, 0.000050
3372, -20.5909, -0.0011, 0.000050
3373, -18.5909, -0.0037, 0.000050
3374, -17.2955, 0.0006, 0.000050
3375, -21.5227, 0.0005, 0.000050
3376, -15.5909, -0.0089, 0.000050
3377, -16.8182, -0.0067, 0.000050
3378, -21.1818, 0.0008, 0.000050
3379, -20.0698, -0.0035, 0.000050
3380, -15.2500, -0.0089, 0.000050
3381, -17.5000, -0.0059, 0.000050
3382, -16.1364, -0.0018, 0.000050
3383, -20.2273, -0.0011, 0.000050
3384, -18.8409, -0.0044, 0.000050
3385, -22.5682, 0.0004, 0.000050
3386, -20.4318, -0.0008, 0.000050
3387, -18.2045, -0.0085, 0.000050
3388, -19.8333, -0.0055, 0.000050
3389, -18.7045, -0.0041, 0.000050
3390, -13.7273, -0.0028, 0.000050
3391, -14.9762, -0.0006, 0.000050
3392, -16.3864, -0.0080, 0.000050
3393, -16.2500, 0.0009, 0.000050
3394, -20.7273, 0.0002, 0.000050
3395, -17.7273, -0.0027, 0.000050
3396, -16.2273, -0.0007, 0.000050
3397, -20.3182, -0.0013, 0.000050
3398, -17.4773, 0.0004, 0.000050
3399, -18.2500, -0.0054, 0.000050
3400, -18.0000, -0.0060, 0.000050
3401, -19.6818, -0.0011, 0.000050
3402, -14.7727, -0.0019, 0.000050
3403, -19.3636, -0.0031, 0.000050
3404, -18.2045, -0.0004, 0.000050
3405, -18.5909, -0.0049, 0.000050
3406, -19.1818, -0.0010, 0.000050
3407, -18.4318, -0.0028, 0.000050
3408, -15.3182, -0.0013, 0.000050
3409, -17.7907, -0.0017, 0.000050
3410, -21.6136, -0.0001, 0.000050
3411, -19.2955, -0.0077, 0.000050
3412, -16.9318, -0.0052, 0.000050
3413, -15.2955, -0.0077, 0.000050
3414, -20.3864, 0.0006, 0.000050
3415, -19.6364, -0.0029, 0.000050
3416, -14.5227, -0.0020, 0.000050
3417, -18.5682, 0.0012, 0.000050
3418, -17.3409, -0.0084, 0.000050
3419, -17.5000, -0.0022, 0.000050
3420, -14.8409, -0.0015, 0.000050
3421, -18.3864, -0.0045, 0.000050
3422, -22.0682, -0.0015, 0.000050
3423, -16.8837, -0.0009, 0.000050
3424, -16.0952, -0.0009, 0.000050
3425, -18.1591, -0.0024, 0.000050
3426, -22.2955, 0.0009, 0.000050
3427, -16.2273, -0.0013, 0.000050
3428, -17.0227, -0.0029, 0.000050
3429, -15.6591, -0.0008, 0.000050
3430, -18.6364, -0.0030, 0.000050
3431, -19.8409, -0.0008, 0.000050
3432, -16.4884, 0.0004, 0.000050
3433, -19.5116, -0.0024, 0.000050
3434, -14.7955, -0.0018, 0.000050
3435, -20.1364, -0.0050, 0.000050
3436, -16.5909, -0.0016, 0.000050
3437, -17.7727, -0.0070, 0.000050
3438, -19.3810, -0.0035, 0.000050
3439, -24.4545, 0.0023, 0.000050
3440, -21.5455, 0.0005, 0.000050
3441, -20.0455, -0.0085, 0.000050
3442, -20.4545, -0.0025, 0.000050
3443, -14.4773, -0.0051, 0.000050
3444, -18.0000, -0.0056, 0.000050
3445, -19.2955, -0.0035, 0.000050
3446, -18.8182, -0.0044, 0.000050
3447, -19.3182, -0.0045, 0.000050
3448, -15.3864, -0.0053, 0.000050
3449, -13.6818, -0.0048, 0.000050
3450, -16.9091, -0.0025, 0.000050
3451, -15.2955, -0.0042, 0.000050
3452, -15.3636, -0.0109, 0.000050
3453, -14.8409, -0.0032, 0.000050
3454, -16.8409, -0.0033, 0.000050
3455, -21.9773, 0.0005, 0.000050
3456, -17.5682, -0.0030, 0.000050
3457, -16.3864, -0.0115, 0.000050
3458, -22.4091, -0.0001, 0.000050
3459, -16.1591, -0.0080, 0.000050
3460, -16.2045, -0.0083, 0.000050
3461, -17.0000, -0.0084, 0.000050
3462, -16.6591, -0.0083, 0.000050
3463, -16.5909, 0.0010, 0.000050
3464, -16.6364, 0.0004, 0.000050
3465, -15.5227, -0.0001, 0.000050
3466, -17.3864, -0.0051, 0.000050
3467, -17.2273, 0.0019, 0.000050
3468, -19.8182, 0.0002, 0.000050
3469, -16.9773, -0.0007, 0.000050
3470, -15.0909, -0.0017, 0.000050
3471, -19.9773, 0.0001, 0.000050
3472, -15.5455, -0.0013, 0.000050
3473, -17.2791, -0.0057, 0.000050
3474, -18.0000, -0.0065, 0.000050
3475, -19.6136, -0.0050, 0.000050
3476, -19.7727, -0.0021, 0.000050
3477, -15.8409, -0.0014, 0.000050
3478, -14.4091, -0.0045, 0.000050
3479, -17.1818, -0.0066, 0.000050
3480, -22.9091, 0.0008, 0.000050
3481, -19.1818, -0.0080, 0.000050
3482, -20.6591, -0.0026, 0.000050
3483, -16.8182, -0.0072, 0.000050
3484, -17.6136, -0.0017, 0.000050
3485, -18.7955, -0.0053, 0.000050
3486, -20.1591, 0.0027, 0.000050
3487, -15.8182, -0.0031, 0.000050
3488, -19.4773, -0.0042, 0.000050
3489, -15.6429, -0.0037, 0.000050
3490, -16.3864, -0.0106, 0.000050
3491, -15.5227, -0.0125, 0.000050
3492, -19.1364, -0.0053, 0.000050
3493, -14.8409, -0.0090, 0.000050
3494, -18.2955, 0.0006, 0.000050
3495, -17.4524, 0.0007, 0.000050
3496, -17.2500, 0.0002, 0.000050
3497, -16.6591, -0.0017, 0.000050
3498, -18.2273, 0.0006, 0.000050
3499, -19.0455, -0.0035, 0.000050
3500, -18.7955, -0.0064, 0.000050
3501, -21.5909, -0.0027, 0.000050
3502, -16.8182, -0.0015, 0.000050
3503, -17.3409, -0.0093, 0.000050
3504, -19.4091, 0.0009, 0.000050
3505, -20.1364, -0.0028, 0.000050
3506, -22.3810, 0.0001, 0.000050
3507, -18.0455, -0.0075, 0.000050
3508, -14.9318, -0.0043, 0.000050
3509, -21.0455, -0.0030, 0.000050
3510, -16.6136, -0.0093, 0.000050
3511, -16.6818, -0.0019, 0.000050
3512, -20.0909, -0.0028, 0.000050
3513, -15.5227, -0.0032, 0.000050
3514, -16.5455, -0.0026, 0.000050
3515, -14.3636, -0.0037, 0.000050
3516, -17.3488, -0.0010, 0.000050
3517, -19.0930, -0.0082, 0.000050
3518, -17.7955, -0.0098, 0.000050
3519, -15.1364, -0.0037, 0.000050
3520, -18.6364, -0.0004, 0.000050
3521, -18.6591, -0.0050, 0.000050
3522, -18.6818, -0.0096, 0.000050
3523, -16.4091, -0.0005, 0.000050
3524, -15.6136, -0.0106, 0.000050
3525, -19.0455, -0.0056, 0.000050
3526, -20.7500, -0.0024, 0.000050
3527, -15.3864, -0.0013, 0.000050
3528, -15.7727, -0.0014, 0.000050
3529, -22.4545, 0.0001, 0.000050
3530, -14.6364, -0.0032, 0.000050
3531, -18.7045, -0.0035, 0.000050
3532, -17.2500, -0.0088, 0.000050
3533, -19.7045, -0.0036, 0.000050
3534, -18.2500, 0.0001, 0.000050
3535, -17.3182, -0.0086, 0.000050
3536, -15.7045, -0.0037, 0.000050
3537, -16.3864, -0.0106, 0.000050
3538, -19.3636, -0.0011, 0.000050
3539, -16.5909, -0.0024, 0.000050
3540, -19.0698, -0.0045, 0.000050
3541, -15.4318, -0.0044, 0.000050
3542, -15.1136, -0.0029, 0.000050
3543, -17.2727, -0.0010, 0.000050
3544, -19.2326, -0.0001, 0.000050
3545, -23.8636, -0.0057, 0.000050
3546, -18.5455, -0.0051, 0.000050
3547, -20.1818, 0.0019, 0.000050
3548, -20.4773, -0.0072, 0.000050
3549, -21.5909, -0.0015, 0.000050
3550, -17.4545, -0.0098, 0.000050
3551, -18.3488, -0.0056, 0.000050
3552, -18.0465, -0.0013, 0.000050
3553, -17.2273, -0.0022, 0.000050
3554, -20.9762, -0.0062, 0.000050
3555, -16.3409, -0.0108, 0.000050
3556, -17.0000, -0.0083, 0.000050
3557, -13.6364, -0.0046, 0.000050
3558, -17.0930, -0.0006, 0.000050
3559, -17.1364, -0.0032, 0.000050
3560, -19.8182, -0.0026, 0.000050
3561, -16.5682, -0.0008, 0.000050
3562, -17.3571, -0.0021, 0.000050
3563, -15.5909, -0.0027, 0.000050
3564, -17.8864, -0.0087, 0.000050
3565, -18.4091, -0.0000, 0.000050
3566, -18.9545, -0.0083, 0.000050
3567, -18.0682, 0.0013, 0.000050
3568, -20.2955, -0.0020, 0.000050
3569, -18.5000, -0.0080, 0.000050
3570, -16.8636, -0.0015, 0.000050
3571, -15.9091, -0.0022, 0.000050
3572, -14.3864, -0.0025, 0.000050
3573, -17.9545, -0.0087, 0.000050
3574, -18.7727, -0.0034, 0.000050
3575, -16.2727, -0.0030, 0.000050
3576, -14.2273, -0.0038, 0.000050
3577, -17.6136, -0.0000, 0.000050
3578, -16.6190, -0.0020, 0.000050
3579, -18.6136, -0.0050, 0.000050
3580, -20.0227, -0.0059, 0.000050
3581, -20.8605, -0.0021, 0.000050
3582, -16.7273, -0.0088, 0.000050
3583, -16.3182, -0.0023, 0.000050
3584, -20.2500, -0.0049, 0.000050
3585, -19.7273, -0.0069, 0.000050
3586, -19.0682, 0.0022, 0.000050
3587, -18.2558, -0.0066, 0.000050
3588, -19.0682, -0.0012, 0.000050
3589, -17.8182, 0.0012, 0.000050
3590, -18.5455, 0.0010, 0.000050
3591, -16.5227, -0.0000, 0.000050
3592, -16.1364, -0.0071, 0.000050
3593, -16.1136, -0.0031, 0.000050
3594, -20.0455, 0.0006, 0.000050
3595, -19.0455, -0.0000, 0.000050
3596, -17.7955, -0.0061, 0.000050
3597, -18.2273, -0.0069, 0.000050
3598, -17.7045, -0.0037, 0.000050
3599, -14.7727, -0.0102, 0.000050
3600, -17.1364, -0.0061, 0.000050
3601, -15.9773, -0.0012, 0.000050
3602, -19.8864, -0.0057, 0.000050
3603, -17.3182, -0.0075, 0.000050
3604, -18.0682, -0.0034, 0.000050
3605, -18.6364, -0.0066, 0.000050
3606, -23.6190, 0.0003, 0.000050
3607, -17.2955, -0.0037, 0.000050
3608, -18.4286, -0.0045, 0.000050
3609, -15.1136, -0.0005, 0.000050
3610, -17.1818, 0.0012, 0.000050
3611, -16.6136, -0.0047, 0.000050
3612, -16.4091, 0.0004, 0.000050
3613, -13.9545, -0.0010, 0.000050
3614, -13.8409, -0.0001, 0.000050
3615, -13.3864, -0.0011, 0.000050
3616, -20.9318, 0.0007, 0.000050
3617, -19.7143, -0.0000, 0.000050
3618, -17.3636, 0.0006, 0.000050
3619, -15.8409, 0.0010, 0.000050
3620, -18.7727, 0.0016, 0.000050
3621, -16.3864, -0.0046, 0.000050
3622, -17.4091, 0.0018, 0.000050
3623, -15.2727, -0.0007, 0.000050
3624, -19.2045, 0.0022, 0.000050
3625, -19.1136, 0.0016, 0.000050
3626, -14.1591, -0.0030, 0.000050
3627, -19.8140, 0.0029, 0.000050
3628, -15.1818, -0.0017, 0.000050
3629, -18.2500, -0.0022, 0.000050
3630, -18.7500, -0.0023, 0.000050
3631, -18.5909, -0.0058, 0.000050
3632, -16.9545, -0.0036, 0.000050
3633, -17.6818, -0.0020, 0.000050
3634, -19.3636, -0.0022, 0.000050
3635, -16.7727, -0.0092, 0.000050
3636, -16.9535, -0.0014, 0.000050
3637, -18.6364, 0.0009, 0.000050
3638, -16.2045, -0.0005, 0.000050
3639, -19.6364, -0.0007, 0.000050
3640, -17.6279, -0.0073, 0.000050
3641, -19.5682, -0.0052, 0.000050
3642, -19.1364, 0.0028, 0.000050
3643, -16.7045, -0.0088, 0.000050
3644, -19.0909, -0.0023, 0.000050
3645, -19.8810, -0.0033, 0.000050
3646, -17.7955, -0.0065, 0.000050
3647, -15.0000, -0.0026, 0.000050
3648, -16.8372, -0.0045, 0.000050
3649, -15.9545, -0.0006, 0.000050
3650, -20.2955, -0.0029, 0.000050
3651, -17.8864, -0.0072, 0.000050
3652, -17.9318, -0.0052, 0.000050
3653, -16.0909, -0.0007, 0.000050
3654, -20.2955, -0.0048, 0.000050
3655, -20.9773, -0.0013, 0.000050
3656, -15.3409, 0.0004, 0.000050
3657, -16.6364, -0.0058, 0.000050
3658, -14.3864, -0.0012, 0.000050
3659, -13.5909, -0.0016, 0.000050
3660, -13.6818, -0.0013, 0.000050
3661, -15.6364, -0.0005, 0.000050
3662, -17.5000, 0.0013, 0.000050
3663, -19.2791, -0.0024, 0.000050
3664, -14.4545, -0.0026, 0.000050
3665, -18.6818, -0.0009, 0.000050
3666, -17.3182, -0.0054, 0.000050
3667, -21.1591, -0.0027, 0.000050
3668, -16.1364, -0.0013, 0.000050
3669, -21.0455, 0.0010, 0.000050
3670, -19.7500, 0.0018, 0.000050
3671, -17.4091, 0.0005, 0.000050
3672, -14.0000, -0.0058, 0.000050
3673, -16.6136, -0.0016, 0.000050
3674, -17.0682, -0.0006, 0.000050
3675, -18.0465, 0.0002, 0.000050
3676, -15.3721, -0.0030, 0.000050
3677, -15.9318, -0.0019, 0.000050
3678, -18.3409, 0.0001, 0.000050
3679, -17.4091, -0.0100, 0.000050
3680, -16.5909, -0.0022, 0.000050
3681, -18.2045, -0.0060, 0.000050
3682, -14.4545, -0.0039, 0.000050
3683, -19.4318, 0.0003, 0.000050
3684, -19.7045, -0.0073, 0.000050
3685, -17.5476, -0.0020, 0.000050
3686, -18.1364, -0.0077, 0.000050
3687, -16.2727, -0.0081, 0.000050
3688, -15.4773, -0.0100, 0.000050
3689, -16.3864, -0.0013, 0.000050
3690, -18.0455, -0.0061, 0.000050
3691, -19.0455, 0.0030, 0.000050
3692, -15.9773, -0.0021, 0.000050
3693, -18.2045, -0.0041, 0.000050
3694, -18.3023, -0.0061, 0.000050
3695, -20.7045, -0.0010, 0.000050
3696, -18.2500, 0.0008, 0.000050
3697, -15.7273, -0.0011, 0.000050
3698, -16.0465, -0.0008, 0.000050
3699, -15.3182, -0.0007, 0.000050
3700, -15.8864, -0.0016, 0.000050
3701, -15.0909, -0.0041, 0.000050
3702, -18.2273, -0.0060, 0.000050
3703, -17.9773, 0.0001, 0.000050
3704, -21.2955, 0.0011, 0.000050
3705, -16.4545, -0.0011, 0.000050
3706, -19.4091, -0.0048, 0.000050
3707, -18.2955, -0.0000, 0.000050
3708, -16.0682, -0.0022, 0.000050
3709, -15.9091, -0.0037, 0.000050
3710, -16.1136, -0.0017, 0.000050
3711, -20.6591, -0.0051, 0.000050
3712, -16.6818, -0.0080, 0.000050
3713, -16.7273, -0.0032, 0.000050
3714, -14.5455, -0.0058, 0.000050
3715, -17.1591, -0.0022, 0.000050
3716, -18.3864, -0.0004, 0.000050
3717, -21.0455, -0.0028, 0.000050
3718, -21.2955, -0.0036, 0.000050
3719, -18.7955, -0.0047, 0.000050
3720, -18.8636, -0.0098, 0.000050
3721, -16.5455, -0.0037, 0.000050
3722, -17.1364, -0.0034, 0.000050
3723, -17.0682, -0.0022, 0.000050
3724, -17.4186, -0.0023, 0.000050
3725, -21.7500, -0.0027, 0.000050
3726, -17.7674, -0.0035, 0.000050
3727, -17.6591, -0.0027, 0.000050
3728, -15.8409, -0.0047, 0.000050
3729, -16.0000, -0.0047, 0.000050
3730, -18.6818, -0.0130, 0.000050
3731, -19.3636, -0.0050, 0.000050
3732, -17.9773, -0.0017, 0.000050
3733, -20.5909, -0.0020, 0.000050
3734, -19.9318, -0.0048, 0.000050
3735, -17.5227, -0.0092, 0.000050
3736, -16.8636, -0.0028, 0.000050
3737, -17.3636, -0.0083, 0.000050
3738, -16.6136, -0.0042, 0.000050
3739, -13.7500, -0.0069, 0.000050
3740, -20.4318, -0.0030, 0.000050
3741, -15.7273, -0.0119, 0.000050
3742, -17.4773, -0.0014, 0.000050
3743, -21.6136, -0.0021, 0.000050
3744, -19.1429, -0.0064, 0.000050
3745, -17.3636, -0.0062, 0.000050
3746, -15.8864, -0.0105, 0.000050
3747, -20.7500, -0.0040, 0.000050
3748, -17.7500, -0.0082, 0.000050
3749, -16.7045, -0.0030, 0.000050
3750, -20.6136, -0.0049, 0.000050
3751, -13.8372, -0.0062, 0.000050
3752, -19.1136, -0.0029, 0.000050
3753, -20.5682, -0.0030, 0.000050
3754, -14.8409, -0.0050, 0.000050
3755, -17.0909, -0.0064, 0.000050
3756, -19.0455, -0.0047, 0.000050
3757, -19.4773, -0.0061, 0.000050
3758, -21.8636, -0.0011, 0.000050
3759, -16.4091, -0.0029, 0.000050
3760, -19.8409, -0.0056, 0.000050
3761, -20.7955, -0.0056, 0.000050
3762, -16.3409, -0.0036, 0.000050
3763, -16.0227, -0.0025, 0.000050
3764, -17.7273, -0.0096, 0.000050
3765, -20.4545, -0.0060, 0.000050
3766, -17.4091, -0.0023, 0.000050
3767, -21.8864, -0.0002, 0.000050
3768, -15.0000, -0.0066, 0.000050
3769, -19.1364, -0.0026, 0.000050
3770, -18.4091, -0.0085, 0.000050
3771, -15.7045, -0.0051, 0.000050
3772, -19.7500, -0.0100, 0.000050
3773, -23.0455, -0.0027, 0.000050
3774, -15.8864, -0.0036, 0.000050
3775, -20.2955, -0.0033, 0.000050
3776, -18.5000, -0.0107, 0.000050
3777, -18.2727, -0.0112, 0.000050
3778, -19.8182, -0.0050, 0.000050
3779, -17.5349, -0.0085, 0.000050
3780, -16.0227, -0.0122, 0.000050
3781, -16.9773, -0.0095, 0.000050
3782, -22.5000, 0.0020, 0.000050
3783, -15.7273, -0.0026, 0.000050
3784, -18.9091, -0.0031, 0.000050
3785, -18.9773, -0.0067, 0.000050
3786, -17.4318, 0.0014, 0.000050
3787, -18.2955, -0.0071, 0.000050
3788, -17.5682, 0.0010, 0.000050
3789, -16.0682, 0.0001, 0.000050
3790, -17.4318, -0.0038, 0.000050
3791, -16.2045, 0.0004, 0.000050
3792, -17.8636, -0.0029, 0.000050
3793, -14.7045, -0.0064, 0.000050
3794, -19.3409, -0.0009, 0.000050
3795, -18.2093, 0.0014, 0.000050
3796, -18.3409, -0.0058, 0.000050
3797, -20.4091, -0.0023, 0.000050
3798, -14.6136, -0.0010, 0.000050
3799, -16.0682, -0.0052, 0.000050
3800, -15.8636, 0.0018, 0.000050
3801, -16.3864, 0.0016, 0.000050
3802, -15.6136, 0.0001, 0.000050
3803, -16.0000, 0.0017, 0.000050
3804, -18.0000, 0.0019, 0.000050
3805, -20.2619, -0.0017, 0.000050
3806, -22.0227, 0.0036, 0.000050
3807, -18.8409, 0.0026, 0.000050
3808, -20.3864, -0.0030, 0.000050
3809, -20.2273, -0.0002, 0.000050
3810, -17.7273, 0.0010, 0.000050
3811, -15.9545, -0.0016, 0.000050
3812, -17.5455, -0.0049, 0.000050
3813, -18.6818, 0.0023, 0.000050
3814, -17.0000, 0.0010, 0.000050
3815, -17.6364, -0.0040, 0.000050
3816, -23.7727, 0.0025, 0.000050
3817, -15.2955, -0.0074, 0.000050
3818, -19.0455, -0.0025, 0.000050
3819, -15.7955, -0.0008, 0.000050
3820, -16.2045, 0.0005, 0.000050
3821, -17.6136, 0.0005, 0.000050
3822, -21.0455, 0.0006, 0.000050
3823, -13.6512, -0.0027, 0.000050
3824, -16.1364, -0.0006, 0.000050
3825, -17.7273, -0.0035, 0.000050
3826, -16.6591, -0.0078, 0.000050
3827, -16.5682, 0.0009, 0.000050
3828, -15.9091, -0.0000, 0.000050
3829, -19.2955, -0.0053, 0.000050
3830, -18.1818, -0.0042, 0.000050
3831, -19.3636, 0.0029, 0.000050
3832, -18.8182, -0.0043, 0.000050
3833, -21.5909, 0.0028, 0.000050
3834, -17.4884, 0.0015, 0.000050
3835, -16.4048, 0.0012, 0.000050
3836, -14.9318, -0.0020, 0.000050
3837, -18.6136, -0.0039, 0.000050
3838, -20.8372, -0.0026, 0.000050
3839, -19.1364, -0.0029, 0.000050
3840, -17.3864, -0.0040, 0.000050
3841, -19.0227, -0.0034, 0.000050
3842, -17.7273, -0.0052, 0.000050
3843, -18.4773, -0.0046, 0.000050
3844, -19.1818, -0.0033, 0.000050
3845, -17.1591, 0.0006, 0.000050
3846, -18.1818, -0.0059, 0.000050
3847, -16.4318, 0.0007, 0.000050
3848, -15.7500, -0.0020, 0.000050
3849, -22.1591, 0.0019, 0.000050
3850, -20.8605, -0.0033, 0.000050
3851, -16.9545, 0.0006, 0.000050
3852, -18.7727, 0.0003, 0.000050
3853, -14.9545, -0.0025, 0.000050
3854, -17.1667, -0.0001, 0.000050
3855, -19.3182, -0.0063, 0.000050
3856, -21.2045, -0.0001, 0.000050
3857, -18.5000, 0.0001, 0.000050
3858, -14.3409, -0.0082, 0.000050
3859, -14.7500, -0.0037, 0.000050
3860, -19.0227, 0.0010, 0.000050
3861, -17.3182, -0.0009, 0.000050
3862, -18.6136, -0.0085, 0.000050
3863, -18.1591, -0.0020, 0.000050
3864, -19.4545, -0.0058, 0.000050
3865, -18.6818, -0.0004, 0.000050
3866, -17.1364, -0.0002, 0.000050
3867, -15.2791, -0.0051, 0.000050
3868, -15.3256, -0.0043, 0.000050
3869, -17.1591, -0.0020, 0.000050
3870, -16.9091, -0.0079, 0.000050
3871, -16.3182, -0.0023, 0.000050
3872, -16.5455, -0.0040, 0.000050
3873, -20.6512, -0.0038, 0.000050
3874, -17.0909, -0.0022, 0.000050
3875, -19.4419, -0.0003, 0.000050
3876, -17.3182, -0.0014, 0.000050
3877, -16.9091, -0.0033, 0.000050
3878, -18.0682, -0.0015, 0.000050
3879, -18.8864, -0.0014, 0.000050
3880, -21.3864, -0.0071, 0.000050
3881, -17.9545, -0.0015, 0.000050
3882, -16.7500, -0.0044, 0.000050
3883, -20.7500, 0.0007, 0.000050
3884, -17.3864, -0.0037, 0.000050
3885, -17.5000, -0.0043, 0.000050
3886, -18.5227, -0.0120, 0.000050
3887, -17.4773, -0.0067, 0.000050
3888, -17.6818, -0.0027, 0.000050
3889, -17.7273, -0.0026, 0.000050
3890, -15.9773, -0.0048, 0.000050
3891, -15.1364, -0.0136, 0.000050
3892, -14.1136, -0.0050, 0.000050
3893, -17.1591, -0.0024, 0.000050
3894, -15.9091, -0.0115, 0.000050
3895, -13.9545, -0.0053, 0.000050
3896, -15.3636, -0.0022, 0.000050
3897, -20.3095, -0.0036, 0.000050
3898, -19.3023, 0.0001, 0.000050
3899, -18.6818, -0.0005, 0.000050
3900, -22.5455, -0.0015, 0.000050
3901, -17.3409, -0.0064, 0.000050
3902, -17.6136, -0.0086, 0.000050
3903, -18.0682, -0.0013, 0.000050
3904, -15.9545, -0.0020, 0.000050
3905, -16.1364, -0.0016, 0.000050
3906, -13.6364, -0.0060, 0.000050
3907, -14.1591, -0.0040, 0.000050
3908, -15.6591, -0.0021, 0.000050
3909, -20.2045, -0.0049, 0.000050
3910, -15.9318, -0.0015, 0.000050
3911, -18.6818, 0.0004, 0.000050
3912, -18.4545, -0.0000, 0.000050
3913, -15.2727, -0.0102, 0.000050
3914, -16.7907, -0.0011, 0.000050
3915, -18.8182, 0.0006, 0.000050
3916, -15.4318, -0.0021, 0.000050
3917, -17.0000, -0.0004, 0.000050
3918, -14.6591, -0.0036, 0.000050
3919, -13.6512, -0.0031, 0.000050
3920, -17.4318, -0.0084, 0.000050
3921, -15.4545, -0.0015, 0.000050
3922, -19.7045, -0.0015, 0.000050
3923, -16.8605, -0.0042, 0.000050
3924, -20.7273, -0.0001, 0.000050
3925, -16.4773, -0.0017, 0.000050
3926, -14.5455, -0.0024, 0.000050
3927, -17.9318, 0.0003, 0.000050
3928, -16.0909, -0.0012, 0.000050
3929, -16.9535, -0.0006, 0.000050
3930, -17.9545, 0.0006, 0.000050
3931, -16.8182, -0.0084, 0.000050
3932, -15.3182, -0.0023, 0.000050
3933, -16.2273, -0.0011, 0.000050
3934, -15.9318, -0.0026, 0.000050
3935, -18.4773, -0.0006, 0.000050
3936, -14.6136, -0.0025, 0.000050
3937, -22.4773, -0.0038, 0.000050
3938, -14.0455, -0.0037, 0.000050
3939, -20.6279, -0.0014, 0.000050
3940, -19.7273, -0.0058, 0.000050
3941, -18.8409, -0.0060, 0.000050
3942, -16.5814, -0.0100, 0.000050
3943, -19.4318, -0.0068, 0.000050
3944, -16.1818, -0.0025, 0.000050
3945, -16.0227, -0.0033, 0.000050
3946, -16.8636, -0.0025, 0.000050
3947, -19.0227, 0.0015, 0.000050
3948, -20.0909, -0.0045, 0.000050
3949, -15.6136, -0.0028, 0.000050
3950, -17.2727, -0.0011, 0.000050
3951, -15.6591, -0.0024, 0.000050
3952, -18.5682, -0.0075, 0.000050
3953, -17.0227, -0.0005, 0.000050
3954, -23.8182, 0.0008, 0.000050
3955, -15.1628, -0.0038, 0.000050
3956, -16.5455, -0.0019, 0.000050
3957, -18.3256, -0.0005, 0.000050
3958, -16.2727, -0.0102, 0.000050
3959, -15.8409, -0.0032, 0.000050
3960, -16.0476, -0.0029, 0.000050
3961, -15.4318, -0.0036, 0.000050
3962, -14.8864, -0.0025, 0.000050
3963, -19.6429, 0.0012, 0.000050
3964, -13.8864, -0.0047, 0.000050
3965, -18.5455, -0.0008, 0.000050
3966, -18.3864, -0.0059, 0.000050
3967, -17.7045, -0.0094, 0.000050
3968, -13.8864, -0.0050, 0.000050
3969, -13.7955, -0.0048, 0.000050
3970, -18.3810, -0.0075, 0.000050
3971, -16.3182, -0.0086, 0.000050
3972, -17.7045, -0.0073, 0.000050
3973, -20.0227, 0.0011, 0.000050
3974, -19.6818, -0.0018, 0.000050
3975, -16.4773, -0.0018, 0.000050
3976, -17.8372, -0.0026, 0.000050
3977, -21.1818, -0.0023, 0.000050
3978, -16.2500, -0.0093, 0.000050
3979, -14.2326, -0.0041, 0.000050
3980, -21.0000, -0.0043, 0.000050
3981, -15.5455, -0.0115, 0.000050
3982, -13.4545, -0.0028, 0.000050
3983, -15.6136, -0.0025, 0.000050
3984, -16.4091, -0.0000, 0.000050
3985, -18.4773, 0.0011, 0.000050
3986, -19.9773, 0.0020, 0.000050
3987, -16.5227, -0.0011, 0.000050
3988, -18.2500, -0.0042, 0.000050
3989, -15.3409, -0.0031, 0.000050
3990, -16.5909, -0.0088, 0.000050
3991, -20.5682, -0.0024, 0.000050
3992, -18.4524, -0.0074, 0.000050
3993, -19.5455, 0.0014, 0.000050
3994, -13.9091, -0.0042, 0.000050
3995, -16.2727, -0.0002, 0.000050
3996, -14.5682, -0.0022, 0.000050
3997, -18.0000, -0.0042, 0.000050
3998, -15.7500, -0.0035, 0.000050
3999, -17.2955, -0.0004, 0.000050
4000, -15.8182, -0.0019, 0.000050
