episode, reward, loss, lr
1, -25.5455, 0.0009, 0.000050
2, -23.4091, 0.0007, 0.000050
3, -22.9091, 0.0007, 0.000050
4, -22.9091, 0.0011, 0.000050
5, -24.0227, 0.0011, 0.000050
6, -26.5682, 0.0015, 0.000050
7, -29.3182, 0.0010, 0.000050
8, -20.9773, 0.0009, 0.000050
9, -22.9545, 0.0019, 0.000050
10, -18.6364, 0.0011, 0.000050
11, -24.8182, 0.0036, 0.000050
12, -22.6591, 0.0063, 0.000050
13, -21.4773, 0.0010, 0.000050
14, -20.8636, 0.0009, 0.000050
15, -25.3636, 0.0015, 0.000050
16, -25.2955, 0.0023, 0.000050
17, -23.3864, 0.0012, 0.000050
18, -24.3636, 0.0017, 0.000050
19, -23.6818, 0.0010, 0.000050
20, -20.0455, 0.0012, 0.000050
21, -27.1860, 0.0018, 0.000050
22, -26.5116, 0.0017, 0.000050
23, -23.9773, 0.0030, 0.000050
24, -24.0909, 0.0011, 0.000050
25, -25.6818, 0.0013, 0.000050
26, -28.3023, 0.0019, 0.000050
27, -25.4318, 0.0065, 0.000050
28, -24.7045, 0.0024, 0.000050
29, -19.9091, 0.0039, 0.000050
30, -27.9091, 0.0016, 0.000050
31, -30.0682, 0.0016, 0.000050
32, -24.1163, 0.0016, 0.000050
33, -28.6279, 0.0020, 0.000050
34, -23.5455, 0.0034, 0.000050
35, -23.7955, 0.0019, 0.000050
36, -23.0909, 0.0093, 0.000050
37, -25.3409, 0.0018, 0.000050
38, -23.7442, 0.0155, 0.000050
39, -22.8182, 0.0043, 0.000050
40, -22.4091, 0.0107, 0.000050
41, -21.1818, 0.0083, 0.000050
42, -21.4318, 0.0066, 0.000050
43, -23.7955, 0.0014, 0.000050
44, -26.9535, 0.0014, 0.000050
45, -23.6364, 0.0067, 0.000050
46, -27.8372, 0.0011, 0.000050
47, -24.4651, 0.0014, 0.000050
48, -21.9773, 0.0023, 0.000050
49, -27.0682, 0.0014, 0.000050
50, -22.9773, 0.0017, 0.000050
51, -23.3409, 0.0016, 0.000050
52, -26.3636, 0.0017, 0.000050
53, -19.4773, 0.0009, 0.000050
54, -25.4318, 0.0017, 0.000050
55, -23.3409, 0.0014, 0.000050
56, -22.7273, 0.0038, 0.000050
57, -28.4545, 0.0023, 0.000050
58, -17.8864, 0.0014, 0.000050
59, -22.0455, 0.0009, 0.000050
60, -27.2045, 0.0013, 0.000050
61, -21.9773, 0.0044, 0.000050
62, -24.6591, 0.0012, 0.000050
63, -24.5000, 0.0016, 0.000050
64, -22.0000, 0.0027, 0.000050
65, -21.2791, 0.0011, 0.000050
66, -25.6136, 0.0025, 0.000050
67, -22.4773, 0.0013, 0.000050
68, -26.8636, 0.0023, 0.000050
69, -23.0227, 0.0018, 0.000050
70, -23.2273, 0.0011, 0.000050
71, -19.9773, 0.0010, 0.000050
72, -24.3636, 0.0037, 0.000050
73, -27.5909, 0.0024, 0.000050
74, -26.2273, 0.0021, 0.000050
75, -28.7907, 0.0025, 0.000050
76, -21.7045, 0.0024, 0.000050
77, -23.3636, 0.0012, 0.000050
78, -27.5227, 0.0020, 0.000050
79, -23.7500, 0.0022, 0.000050
80, -20.3182, 0.0015, 0.000050
81, -27.8636, 0.0019, 0.000050
82, -23.4091, 0.0043, 0.000050
83, -29.3182, 0.0012, 0.000050
84, -22.3636, 0.0013, 0.000050
85, -29.2955, 0.0015, 0.000050
86, -28.0465, 0.0020, 0.000050
87, -26.5000, 0.0022, 0.000050
88, -23.5455, 0.0020, 0.000050
89, -16.0682, 0.0012, 0.000050
90, -19.8636, 0.0013, 0.000050
91, -29.7273, 0.0013, 0.000050
92, -25.2500, 0.0074, 0.000050
93, -23.7955, 0.0018, 0.000050
94, -24.2955, 0.0015, 0.000050
95, -25.7674, 0.0025, 0.000050
96, -24.1591, 0.0044, 0.000050
97, -24.9318, 0.0056, 0.000050
98, -22.6591, 0.0016, 0.000050
99, -23.0909, 0.0042, 0.000050
100, -24.3636, 0.0016, 0.000050
101, -20.7955, 0.0026, 0.000050
102, -22.4091, 0.0038, 0.000050
103, -23.7273, 0.0012, 0.000050
104, -26.5227, 0.0023, 0.000050
105, -24.7727, 0.0016, 0.000050
106, -24.6364, 0.0026, 0.000050
107, -21.8182, 0.0011, 0.000050
108, -23.4545, 0.0014, 0.000050
109, -27.1364, 0.0015, 0.000050
110, -24.8140, 0.0018, 0.000050
111, -24.7955, 0.0011, 0.000050
112, -23.8409, 0.0182, 0.000050
113, -22.8182, 0.0041, 0.000050
114, -23.9091, 0.0020, 0.000050
115, -25.3636, 0.0021, 0.000050
116, -27.8636, 0.0016, 0.000050
117, -20.9773, 0.0012, 0.000050
118, -20.3182, 0.0011, 0.000050
119, -23.0227, 0.0010, 0.000050
120, -26.5000, 0.0021, 0.000050
121, -24.0465, 0.0012, 0.000050
122, -22.8636, 0.0022, 0.000050
123, -23.3409, 0.0088, 0.000050
124, -31.9767, 0.0012, 0.000050
125, -21.1591, 0.0012, 0.000050
126, -26.8140, 0.0013, 0.000050
127, -25.0227, 0.0062, 0.000050
128, -26.6512, 0.0015, 0.000050
129, -27.3409, 0.0011, 0.000050
130, -24.1818, 0.0040, 0.000050
131, -20.8409, 0.0016, 0.000050
132, -19.1591, 0.0010, 0.000050
133, -26.9318, 0.0012, 0.000050
134, -27.2857, 0.0015, 0.000050
135, -27.9091, 0.0012, 0.000050
136, -26.8409, 0.0016, 0.000050
137, -23.4773, 0.0026, 0.000050
138, -20.1136, 0.0031, 0.000050
139, -21.9302, 0.0011, 0.000050
140, -23.7045, 0.0092, 0.000050
141, -22.1591, 0.0024, 0.000050
142, -20.2955, 0.0034, 0.000050
143, -22.7143, 0.0012, 0.000050
144, -27.4773, 0.0013, 0.000050
145, -20.7273, 0.0009, 0.000050
146, -23.2045, 0.0010, 0.000050
147, -15.7045, 0.0012, 0.000050
148, -22.1860, 0.0041, 0.000050
149, -20.9773, 0.0009, 0.000050
150, -21.0227, 0.0022, 0.000050
151, -19.7045, 0.0012, 0.000050
152, -18.7273, 0.0010, 0.000050
153, -19.9773, 0.0010, 0.000050
154, -19.5909, 0.0009, 0.000050
155, -21.8182, 0.0020, 0.000050
156, -18.3409, 0.0019, 0.000050
157, -20.4091, 0.0020, 0.000050
158, -21.5227, 0.0014, 0.000050
159, -24.4773, 0.0020, 0.000050
160, -20.7500, 0.0021, 0.000050
161, -20.0000, 0.0057, 0.000050
162, -23.4091, 0.0027, 0.000050
163, -23.4318, 0.0018, 0.000050
164, -21.6818, 0.0076, 0.000050
165, -19.2727, 0.0049, 0.000050
166, -16.6591, 0.0010, 0.000050
167, -18.4545, 0.0029, 0.000050
168, -20.0000, 0.0035, 0.000050
169, -21.5227, 0.0010, 0.000050
170, -23.5682, 0.0017, 0.000050
171, -24.8864, 0.0015, 0.000050
172, -24.5227, 0.0008, 0.000050
173, -23.2045, 0.0027, 0.000050
174, -21.2727, 0.0014, 0.000050
175, -19.6136, 0.0009, 0.000050
176, -20.9773, 0.0024, 0.000050
177, -22.6591, 0.0013, 0.000050
178, -20.5909, 0.0015, 0.000050
179, -24.6818, 0.0014, 0.000050
180, -18.2273, 0.0056, 0.000050
181, -23.0000, 0.0015, 0.000050
182, -21.7955, 0.0017, 0.000050
183, -26.0227, 0.0019, 0.000050
184, -22.2500, 0.0042, 0.000050
185, -22.9318, 0.0010, 0.000050
186, -19.8864, 0.0009, 0.000050
187, -20.8636, 0.0016, 0.000050
188, -21.8409, 0.0010, 0.000050
189, -18.1136, 0.0010, 0.000050
190, -24.9286, 0.0022, 0.000050
191, -18.5682, 0.0008, 0.000050
192, -24.8140, 0.0010, 0.000050
193, -19.8864, 0.0009, 0.000050
194, -21.8636, 0.0010, 0.000050
195, -22.3409, 0.0015, 0.000050
196, -29.0714, 0.0014, 0.000050
197, -22.3409, 0.0020, 0.000050
198, -20.1860, 0.0017, 0.000050
199, -21.3864, 0.0017, 0.000050
200, -22.8864, 0.0023, 0.000050
201, -24.6047, 0.0011, 0.000050
202, -20.6744, 0.0060, 0.000050
203, -21.6364, 0.0024, 0.000050
204, -21.6136, 0.0034, 0.000050
205, -23.1818, 0.0032, 0.000050
206, -20.2727, 0.0033, 0.000050
207, -20.5000, 0.0013, 0.000050
208, -22.0682, 0.0015, 0.000050
209, -18.3864, 0.0011, 0.000050
210, -23.8409, 0.0012, 0.000050
211, -27.0455, 0.0015, 0.000050
212, -20.5909, 0.0014, 0.000050
213, -18.7727, 0.0033, 0.000050
214, -19.7955, 0.0032, 0.000050
215, -18.1818, 0.0009, 0.000050
216, -18.0682, 0.0010, 0.000050
217, -18.7273, 0.0011, 0.000050
218, -20.0698, 0.0015, 0.000050
219, -23.6136, 0.0013, 0.000050
220, -20.5682, 0.0025, 0.000050
221, -20.3182, 0.0011, 0.000050
222, -23.2381, 0.0054, 0.000050
223, -20.4286, 0.0050, 0.000050
224, -21.2727, 0.0020, 0.000050
225, -19.9091, 0.0010, 0.000050
226, -20.1190, 0.0009, 0.000050
227, -16.4773, 0.0008, 0.000050
228, -18.7045, 0.0014, 0.000050
229, -22.7500, 0.0010, 0.000050
230, -19.1136, 0.0034, 0.000050
231, -24.2045, 0.0016, 0.000050
232, -20.0000, 0.0022, 0.000050
233, -21.3636, 0.0014, 0.000050
234, -17.5455, 0.0008, 0.000050
235, -19.7273, 0.0131, 0.000050
236, -17.9302, 0.0009, 0.000050
237, -17.7674, 0.0007, 0.000050
238, -23.9318, 0.0011, 0.000050
239, -17.4773, 0.0011, 0.000050
240, -20.7727, 0.0042, 0.000050
241, -22.7045, 0.0019, 0.000050
242, -22.2273, 0.0116, 0.000050
243, -20.9318, 0.0015, 0.000050
244, -22.3864, 0.0011, 0.000050
245, -20.9767, 0.0009, 0.000050
246, -16.7500, 0.0011, 0.000050
247, -23.2500, 0.0011, 0.000050
248, -18.1591, 0.0023, 0.000050
249, -18.2727, 0.0031, 0.000050
250, -24.1905, 0.0019, 0.000050
251, -17.3409, 0.0009, 0.000050
252, -20.8864, 0.0022, 0.000050
253, -24.0227, 0.0011, 0.000050
254, -23.8182, 0.0021, 0.000050
255, -18.0000, 0.0007, 0.000050
256, -22.3636, 0.0009, 0.000050
257, -18.6136, 0.0008, 0.000050
258, -21.3864, 0.0011, 0.000050
259, -17.4318, 0.0013, 0.000050
260, -18.5682, 0.0056, 0.000050
261, -14.9773, 0.0010, 0.000050
262, -14.6136, 0.0010, 0.000050
263, -20.5455, 0.0030, 0.000050
264, -21.1364, 0.0018, 0.000050
265, -20.0227, 0.0137, 0.000050
266, -23.9318, 0.0009, 0.000050
267, -19.3864, 0.0009, 0.000050
268, -17.2045, 0.0007, 0.000050
269, -19.0909, 0.0016, 0.000050
270, -19.1364, 0.0020, 0.000050
271, -20.0233, 0.0065, 0.000050
272, -20.8182, 0.0044, 0.000050
273, -17.2955, 0.0011, 0.000050
274, -18.4318, 0.0017, 0.000050
275, -20.3182, 0.0010, 0.000050
276, -23.8182, 0.0013, 0.000050
277, -18.4545, 0.0068, 0.000050
278, -22.5682, 0.0014, 0.000050
279, -19.1591, 0.0014, 0.000050
280, -18.9773, 0.0009, 0.000050
281, -23.2500, 0.0011, 0.000050
282, -17.1818, 0.0029, 0.000050
283, -21.9091, 0.0011, 0.000050
284, -20.2045, 0.0008, 0.000050
285, -19.7045, 0.0012, 0.000050
286, -19.3636, 0.0009, 0.000050
287, -18.8182, 0.0010, 0.000050
288, -17.8636, 0.0024, 0.000050
289, -21.2045, 0.0015, 0.000050
290, -18.6818, 0.0010, 0.000050
291, -17.1591, 0.0008, 0.000050
292, -18.8409, 0.0010, 0.000050
293, -18.1364, 0.0012, 0.000050
294, -21.8636, 0.0009, 0.000050
295, -17.7955, 0.0007, 0.000050
296, -16.7273, 0.0051, 0.000050
297, -18.8182, 0.0010, 0.000050
298, -20.5909, 0.0019, 0.000050
299, -18.7045, 0.0010, 0.000050
300, -20.8182, 0.0025, 0.000050
301, -21.6818, 0.0022, 0.000050
302, -19.1905, 0.0031, 0.000050
303, -26.5682, 0.0019, 0.000050
304, -22.3864, 0.0009, 0.000050
305, -19.2727, 0.0021, 0.000050
306, -19.1364, 0.0021, 0.000050
307, -17.4773, 0.0011, 0.000050
308, -21.7045, 0.0018, 0.000050
309, -20.1364, 0.0034, 0.000050
310, -21.6667, 0.0052, 0.000050
311, -18.3409, 0.0010, 0.000050
312, -19.2955, 0.0037, 0.000050
313, -21.1136, 0.0015, 0.000050
314, -21.9767, 0.0010, 0.000050
315, -15.3636, 0.0008, 0.000050
316, -21.1364, 0.0010, 0.000050
317, -17.2558, 0.0010, 0.000050
318, -21.7727, 0.0011, 0.000050
319, -20.0909, 0.0018, 0.000050
320, -23.2045, 0.0008, 0.000050
321, -19.1818, 0.0009, 0.000050
322, -18.9545, 0.0145, 0.000050
323, -22.1818, 0.0019, 0.000050
324, -22.2093, 0.0011, 0.000050
325, -20.8864, 0.0011, 0.000050
326, -20.9773, 0.0025, 0.000050
327, -21.4545, 0.0021, 0.000050
328, -22.0227, 0.0013, 0.000050
329, -25.9773, 0.0009, 0.000050
330, -17.7955, 0.0009, 0.000050
331, -17.6364, 0.0043, 0.000050
332, -16.8864, 0.0026, 0.000050
333, -23.8864, 0.0011, 0.000050
334, -15.5000, 0.0008, 0.000050
335, -20.2727, 0.0013, 0.000050
336, -17.0455, 0.0008, 0.000050
337, -17.6818, 0.0027, 0.000050
338, -20.8409, 0.0011, 0.000050
339, -19.0455, 0.0023, 0.000050
340, -19.8409, 0.0009, 0.000050
341, -19.5581, 0.0007, 0.000050
342, -20.7273, 0.0007, 0.000050
343, -20.2045, 0.0009, 0.000050
344, -18.2558, 0.0010, 0.000050
345, -20.0909, 0.0033, 0.000050
346, -16.5000, 0.0013, 0.000050
347, -22.2273, 0.0027, 0.000050
348, -24.1818, 0.0011, 0.000050
349, -25.1364, 0.0011, 0.000050
350, -22.6818, 0.0014, 0.000050
351, -18.8864, 0.0013, 0.000050
352, -21.5000, 0.0011, 0.000050
353, -24.1136, 0.0013, 0.000050
354, -18.5455, 0.0077, 0.000050
355, -25.8182, 0.0011, 0.000050
356, -21.3864, 0.0025, 0.000050
357, -19.8636, 0.0072, 0.000050
358, -20.0909, 0.0023, 0.000050
359, -20.6591, 0.0013, 0.000050
360, -20.4318, 0.0119, 0.000050
361, -18.5227, 0.0017, 0.000050
362, -22.8636, 0.0021, 0.000050
363, -20.2955, 0.0018, 0.000050
364, -13.8605, 0.0008, 0.000050
365, -27.8140, 0.0008, 0.000050
366, -18.4318, 0.0009, 0.000050
367, -23.9318, 0.0010, 0.000050
368, -18.5000, 0.0011, 0.000050
369, -19.0455, 0.0008, 0.000050
370, -18.0227, 0.0064, 0.000050
371, -18.4186, 0.0009, 0.000050
372, -26.7955, 0.0011, 0.000050
373, -20.4091, 0.0030, 0.000050
374, -25.0455, 0.0100, 0.000050
375, -18.6364, 0.0010, 0.000050
376, -18.8605, 0.0008, 0.000050
377, -23.1818, 0.0014, 0.000050
378, -27.6512, 0.0011, 0.000050
379, -18.2727, 0.0033, 0.000050
380, -24.2045, 0.0016, 0.000050
381, -17.1591, 0.0114, 0.000050
382, -17.7955, 0.0089, 0.000050
383, -17.5455, 0.0009, 0.000050
384, -23.8140, 0.0040, 0.000050
385, -23.2045, 0.0015, 0.000050
386, -25.0233, 0.0012, 0.000050
387, -17.8864, 0.0008, 0.000050
388, -22.0909, 0.0014, 0.000050
389, -22.0455, 0.0014, 0.000050
390, -21.0227, 0.0022, 0.000050
391, -19.0000, 0.0008, 0.000050
392, -15.6591, 0.0007, 0.000050
393, -23.6190, 0.0017, 0.000050
394, -22.6591, 0.0011, 0.000050
395, -19.5227, 0.0018, 0.000050
396, -18.5227, 0.0009, 0.000050
397, -21.0682, 0.0063, 0.000050
398, -22.9773, 0.0013, 0.000050
399, -18.3182, 0.0008, 0.000050
400, -20.7045, 0.0022, 0.000050
401, -18.4884, 0.0010, 0.000050
402, -21.6591, 0.0011, 0.000050
403, -25.2326, 0.0012, 0.000050
404, -19.3636, 0.0008, 0.000050
405, -15.0227, 0.0008, 0.000050
406, -18.7727, 0.0047, 0.000050
407, -18.1591, 0.0045, 0.000050
408, -24.7955, 0.0016, 0.000050
409, -23.4773, 0.0009, 0.000050
410, -21.6190, 0.0038, 0.000050
411, -20.8182, 0.0016, 0.000050
412, -19.5227, 0.0017, 0.000050
413, -21.8409, 0.0030, 0.000050
414, -19.2045, 0.0009, 0.000050
415, -24.1136, 0.0016, 0.000050
416, -20.9302, 0.0019, 0.000050
417, -24.9773, 0.0043, 0.000050
418, -22.7727, 0.0013, 0.000050
419, -19.6818, 0.0077, 0.000050
420, -20.1591, 0.0012, 0.000050
421, -20.6667, 0.0009, 0.000050
422, -23.6364, 0.0011, 0.000050
423, -21.6364, 0.0011, 0.000050
424, -21.3409, 0.0023, 0.000050
425, -22.5000, 0.0053, 0.000050
426, -19.2045, 0.0009, 0.000050
427, -16.0682, 0.0009, 0.000050
428, -21.3721, 0.0022, 0.000050
429, -21.9091, 0.0016, 0.000050
430, -24.0682, 0.0016, 0.000050
431, -21.6667, 0.0010, 0.000050
432, -23.8864, 0.0009, 0.000050
433, -21.1818, 0.0028, 0.000050
434, -25.7500, 0.0013, 0.000050
435, -18.9773, 0.0035, 0.000050
436, -18.2273, 0.0051, 0.000050
437, -24.9318, 0.0014, 0.000050
438, -17.7955, 0.0010, 0.000050
439, -16.7727, 0.0008, 0.000050
440, -25.5238, 0.0011, 0.000050
441, -26.9318, 0.0011, 0.000050
442, -25.9762, 0.0016, 0.000050
443, -22.0000, 0.0033, 0.000050
444, -23.0930, 0.0023, 0.000050
445, -21.1136, 0.0011, 0.000050
446, -23.7500, 0.0032, 0.000050
447, -16.6818, 0.0016, 0.000050
448, -19.7045, 0.0015, 0.000050
449, -18.6364, 0.0044, 0.000050
450, -22.0000, 0.0016, 0.000050
451, -22.6136, 0.0010, 0.000050
452, -24.1136, 0.0016, 0.000050
453, -22.9091, 0.0011, 0.000050
454, -26.0909, 0.0011, 0.000050
455, -21.3864, 0.0022, 0.000050
456, -18.4773, 0.0015, 0.000050
457, -20.0227, 0.0027, 0.000050
458, -21.5909, 0.0011, 0.000050
459, -16.7955, 0.0153, 0.000050
460, -23.6744, 0.0028, 0.000050
461, -19.8409, 0.0021, 0.000050
462, -18.9091, 0.0008, 0.000050
463, -22.0455, 0.0015, 0.000050
464, -20.4286, 0.0066, 0.000050
465, -19.0455, 0.0010, 0.000050
466, -22.7727, 0.0012, 0.000050
467, -22.0455, 0.0009, 0.000050
468, -23.3864, 0.0013, 0.000050
469, -18.3636, 0.0009, 0.000050
470, -31.2727, 0.0033, 0.000050
471, -20.4773, 0.0013, 0.000050
472, -24.2045, 0.0016, 0.000050
473, -24.0000, 0.0033, 0.000050
474, -24.4091, 0.0014, 0.000050
475, -22.0455, 0.0078, 0.000050
476, -23.6818, 0.0017, 0.000050
477, -19.7273, 0.0018, 0.000050
478, -20.2955, 0.0039, 0.000050
479, -23.4318, 0.0028, 0.000050
480, -22.8409, 0.0014, 0.000050
481, -25.5682, 0.0007, 0.000050
482, -19.1136, 0.0008, 0.000050
483, -22.3409, 0.0011, 0.000050
484, -19.0909, 0.0142, 0.000050
485, -25.5814, 0.0018, 0.000050
486, -19.0909, 0.0041, 0.000050
487, -21.5455, 0.0058, 0.000050
488, -22.1591, 0.0015, 0.000050
489, -23.1364, 0.0010, 0.000050
490, -20.0909, 0.0009, 0.000050
491, -23.4091, 0.0044, 0.000050
492, -18.3864, 0.0009, 0.000050
493, -23.3182, 0.0036, 0.000050
494, -20.8636, 0.0116, 0.000050
495, -21.0233, 0.0011, 0.000050
496, -19.0227, 0.0008, 0.000050
497, -20.5455, 0.0036, 0.000050
498, -26.0682, 0.0010, 0.000050
499, -14.6364, 0.0010, 0.000050
500, -16.6591, 0.0010, 0.000050
501, -18.4545, 0.0008, 0.000050
502, -24.9545, 0.0010, 0.000050
503, -22.2955, 0.0019, 0.000050
504, -19.4773, 0.0034, 0.000050
505, -15.1818, 0.0008, 0.000050
506, -24.9091, 0.0008, 0.000050
507, -20.2273, 0.0009, 0.000050
508, -21.9545, 0.0023, 0.000050
509, -16.9545, 0.0009, 0.000050
510, -21.1364, 0.0009, 0.000050
511, -23.5227, 0.0013, 0.000050
512, -20.8636, 0.0012, 0.000050
513, -27.2727, 0.0010, 0.000050
514, -22.8636, 0.0018, 0.000050
515, -20.8182, 0.0007, 0.000050
516, -24.4419, 0.0014, 0.000050
517, -18.2045, 0.0030, 0.000050
518, -25.5000, 0.0020, 0.000050
519, -20.2500, 0.0009, 0.000050
520, -19.0000, 0.0080, 0.000050
521, -17.9773, 0.0009, 0.000050
522, -18.2045, 0.0009, 0.000050
523, -23.7500, 0.0142, 0.000050
524, -18.1591, 0.0009, 0.000050
525, -22.2273, 0.0013, 0.000050
526, -20.1591, 0.0012, 0.000050
527, -27.7500, 0.0010, 0.000050
528, -22.2955, 0.0014, 0.000050
529, -22.0909, 0.0012, 0.000050
530, -17.7955, 0.0036, 0.000050
531, -22.7500, 0.0013, 0.000050
532, -19.0909, 0.0130, 0.000050
533, -18.8182, 0.0030, 0.000050
534, -20.8409, 0.0025, 0.000050
535, -21.5000, 0.0026, 0.000050
536, -19.6364, 0.0008, 0.000050
537, -25.5227, 0.0010, 0.000050
538, -19.3636, 0.0027, 0.000050
539, -23.7955, 0.0017, 0.000050
540, -18.4773, 0.0012, 0.000050
541, -19.3636, 0.0065, 0.000050
542, -20.1136, 0.0016, 0.000050
543, -21.9545, 0.0019, 0.000050
544, -19.7955, 0.0024, 0.000050
545, -19.2045, 0.0009, 0.000050
546, -18.4545, 0.0012, 0.000050
547, -21.6512, 0.0009, 0.000050
548, -20.9318, 0.0024, 0.000050
549, -19.3409, 0.0009, 0.000050
550, -25.4773, 0.0013, 0.000050
551, -21.0455, 0.0011, 0.000050
552, -20.2273, 0.0010, 0.000050
553, -19.5682, 0.0009, 0.000050
554, -27.1136, 0.0010, 0.000050
555, -26.4545, 0.0010, 0.000050
556, -18.1860, 0.0009, 0.000050
557, -24.7727, 0.0021, 0.000050
558, -21.0227, 0.0014, 0.000050
559, -20.2381, 0.0036, 0.000050
560, -18.3182, 0.0009, 0.000050
561, -23.7500, 0.0025, 0.000050
562, -21.8864, 0.0015, 0.000050
563, -20.8636, 0.0031, 0.000050
564, -20.6818, 0.0009, 0.000050
565, -19.2955, 0.0155, 0.000050
566, -23.1364, 0.0019, 0.000050
567, -22.3409, 0.0009, 0.000050
568, -20.5000, 0.0067, 0.000050
569, -19.0000, 0.0118, 0.000050
570, -20.3182, 0.0037, 0.000050
571, -22.2045, 0.0010, 0.000050
572, -20.8409, 0.0022, 0.000050
573, -16.8636, 0.0007, 0.000050
574, -21.8636, 0.0022, 0.000050
575, -20.6364, 0.0040, 0.000050
576, -19.5909, 0.0011, 0.000050
577, -19.1818, 0.0013, 0.000050
578, -17.2273, 0.0006, 0.000050
579, -23.6818, 0.0021, 0.000050
580, -21.3864, 0.0016, 0.000050
581, -21.3182, 0.0029, 0.000050
582, -21.0227, 0.0025, 0.000050
583, -17.8636, 0.0008, 0.000050
584, -17.0682, 0.0008, 0.000050
585, -22.8409, 0.0018, 0.000050
586, -26.5682, 0.0013, 0.000050
587, -20.7045, 0.0019, 0.000050
588, -22.6591, 0.0013, 0.000050
589, -18.5227, 0.0009, 0.000050
590, -25.1364, 0.0016, 0.000050
591, -19.5000, 0.0008, 0.000050
592, -18.7045, 0.0144, 0.000050
593, -21.6047, 0.0015, 0.000050
594, -16.8864, 0.0007, 0.000050
595, -24.2955, 0.0013, 0.000050
596, -16.9318, 0.0010, 0.000050
597, -20.7727, 0.0008, 0.000050
598, -18.0909, 0.0008, 0.000050
599, -17.1591, 0.0009, 0.000050
600, -24.0682, 0.0016, 0.000050
601, -19.9318, 0.0021, 0.000050
602, -19.5000, 0.0011, 0.000050
603, -17.7500, 0.0019, 0.000050
604, -19.2727, 0.0028, 0.000050
605, -20.7045, 0.0017, 0.000050
606, -17.0682, 0.0008, 0.000050
607, -19.3256, 0.0012, 0.000050
608, -22.9773, 0.0014, 0.000050
609, -17.3409, 0.0008, 0.000050
610, -23.8864, 0.0014, 0.000050
611, -17.0227, 0.0010, 0.000050
612, -24.5952, 0.0032, 0.000050
613, -22.8636, 0.0036, 0.000050
614, -18.6136, 0.0012, 0.000050
615, -21.2500, 0.0026, 0.000050
616, -23.5000, 0.0013, 0.000050
617, -20.1591, 0.0030, 0.000050
618, -22.6818, 0.0012, 0.000050
619, -23.6818, 0.0014, 0.000050
620, -19.4091, 0.0009, 0.000050
621, -16.8409, 0.0011, 0.000050
622, -22.7955, 0.0010, 0.000050
623, -22.9773, 0.0014, 0.000050
624, -19.1905, 0.0008, 0.000050
625, -23.5455, 0.0013, 0.000050
626, -19.7273, 0.0085, 0.000050
627, -22.8182, 0.0026, 0.000050
628, -23.6591, 0.0011, 0.000050
629, -22.1364, 0.0011, 0.000050
630, -18.5682, 0.0009, 0.000050
631, -21.1905, 0.0055, 0.000050
632, -21.2273, 0.0025, 0.000050
633, -22.1591, 0.0053, 0.000050
634, -17.4419, 0.0010, 0.000050
635, -20.3864, 0.0020, 0.000050
636, -20.1364, 0.0142, 0.000050
637, -22.8409, 0.0012, 0.000050
638, -24.9545, 0.0014, 0.000050
639, -22.0455, 0.0025, 0.000050
640, -20.6818, 0.0121, 0.000050
641, -21.1364, 0.0098, 0.000050
642, -22.4318, 0.0013, 0.000050
643, -18.7045, 0.0007, 0.000050
644, -19.2273, 0.0087, 0.000050
645, -21.0909, 0.0016, 0.000050
646, -22.2727, 0.0009, 0.000050
647, -19.7143, 0.0018, 0.000050
648, -22.4545, 0.0026, 0.000050
649, -22.5455, 0.0015, 0.000050
650, -26.2500, 0.0011, 0.000050
651, -20.2045, 0.0013, 0.000050
652, -23.1591, 0.0010, 0.000050
653, -22.6591, 0.0007, 0.000050
654, -22.6512, 0.0010, 0.000050
655, -18.0682, 0.0009, 0.000050
656, -20.1667, 0.0008, 0.000050
657, -17.4318, 0.0119, 0.000050
658, -22.8864, 0.0017, 0.000050
659, -22.1591, 0.0021, 0.000050
660, -22.8636, 0.0014, 0.000050
661, -13.6364, 0.0008, 0.000050
662, -16.4545, 0.0007, 0.000050
663, -20.7727, 0.0017, 0.000050
664, -20.1818, 0.0019, 0.000050
665, -14.7727, 0.0007, 0.000050
666, -20.1591, 0.0015, 0.000050
667, -20.1591, 0.0063, 0.000050
668, -22.5349, 0.0008, 0.000050
669, -17.7045, 0.0042, 0.000050
670, -16.8864, 0.0010, 0.000050
671, -21.7727, 0.0011, 0.000050
672, -21.5227, 0.0009, 0.000050
673, -16.1860, 0.0042, 0.000050
674, -23.1591, 0.0012, 0.000050
675, -14.7273, 0.0009, 0.000050
676, -24.9773, 0.0012, 0.000050
677, -22.8182, 0.0023, 0.000050
678, -21.9773, 0.0013, 0.000050
679, -24.8182, 0.0012, 0.000050
680, -25.0698, 0.0011, 0.000050
681, -20.8864, 0.0041, 0.000050
682, -24.5909, 0.0021, 0.000050
683, -20.0000, 0.0010, 0.000050
684, -21.6136, 0.0031, 0.000050
685, -21.4091, 0.0042, 0.000050
686, -23.7273, 0.0016, 0.000050
687, -18.6818, 0.0010, 0.000050
688, -23.0000, 0.0019, 0.000050
689, -17.5227, 0.0009, 0.000050
690, -16.8636, 0.0013, 0.000050
691, -22.1136, 0.0012, 0.000050
692, -21.1591, 0.0017, 0.000050
693, -21.1860, 0.0011, 0.000050
694, -24.5682, 0.0010, 0.000050
695, -19.1818, 0.0009, 0.000050
696, -17.6364, 0.0012, 0.000050
697, -19.7045, 0.0012, 0.000050
698, -19.0682, 0.0056, 0.000050
699, -24.1905, 0.0023, 0.000050
700, -16.4091, 0.0008, 0.000050
701, -20.2791, 0.0145, 0.000050
702, -23.4318, 0.0014, 0.000050
703, -18.6136, 0.0009, 0.000050
704, -20.5682, 0.0008, 0.000050
705, -15.6591, 0.0010, 0.000050
706, -23.3409, 0.0013, 0.000050
707, -24.6364, 0.0013, 0.000050
708, -16.7273, 0.0010, 0.000050
709, -20.3409, 0.0010, 0.000050
710, -21.5227, 0.0022, 0.000050
711, -22.8182, 0.0013, 0.000050
712, -21.2500, 0.0024, 0.000050
713, -15.4091, 0.0011, 0.000050
714, -24.7273, 0.0016, 0.000050
715, -19.9286, 0.0027, 0.000050
716, -21.6818, 0.0018, 0.000050
717, -18.5682, 0.0010, 0.000050
718, -16.5682, 0.0054, 0.000050
719, -21.6364, 0.0141, 0.000050
720, -21.1364, 0.0012, 0.000050
721, -18.2955, 0.0008, 0.000050
722, -19.0227, 0.0116, 0.000050
723, -17.1591, 0.0008, 0.000050
724, -21.9545, 0.0009, 0.000050
725, -18.8409, 0.0101, 0.000050
726, -16.5682, 0.0007, 0.000050
727, -22.3864, 0.0013, 0.000050
728, -20.6136, 0.0010, 0.000050
729, -22.5455, 0.0022, 0.000050
730, -23.0909, 0.0011, 0.000050
731, -18.4773, 0.0008, 0.000050
732, -23.1591, 0.0011, 0.000050
733, -20.8636, 0.0014, 0.000050
734, -22.5682, 0.0048, 0.000050
735, -25.2619, 0.0008, 0.000050
736, -25.5000, 0.0011, 0.000050
737, -20.0227, 0.0022, 0.000050
738, -24.7273, 0.0013, 0.000050
739, -18.7955, 0.0048, 0.000050
740, -14.5682, 0.0010, 0.000050
741, -23.6591, 0.0012, 0.000050
742, -20.8409, 0.0017, 0.000050
743, -20.3864, 0.0018, 0.000050
744, -21.7500, 0.0038, 0.000050
745, -15.7500, 0.0007, 0.000050
746, -17.7045, 0.0008, 0.000050
747, -20.2727, 0.0018, 0.000050
748, -20.6818, 0.0022, 0.000050
749, -18.7727, 0.0015, 0.000050
750, -22.0000, 0.0016, 0.000050
751, -24.0682, 0.0013, 0.000050
752, -20.1818, 0.0009, 0.000050
753, -21.4091, 0.0014, 0.000050
754, -23.7955, 0.0011, 0.000050
755, -18.6667, 0.0012, 0.000050
756, -20.0455, 0.0054, 0.000050
757, -19.3182, 0.0037, 0.000050
758, -23.1818, 0.0012, 0.000050
759, -19.9091, 0.0049, 0.000050
760, -21.5227, 0.0126, 0.000050
761, -15.6591, 0.0010, 0.000050
762, -18.5000, 0.0007, 0.000050
763, -26.9545, 0.0008, 0.000050
764, -21.6818, 0.0012, 0.000050
765, -21.5227, 0.0012, 0.000050
766, -20.0227, 0.0023, 0.000050
767, -23.0930, 0.0014, 0.000050
768, -17.8636, 0.0010, 0.000050
769, -23.3636, 0.0010, 0.000050
770, -25.5909, 0.0013, 0.000050
771, -19.9091, 0.0047, 0.000050
772, -16.2273, 0.0011, 0.000050
773, -22.2558, 0.0014, 0.000050
774, -21.0455, 0.0017, 0.000050
775, -21.5227, 0.0008, 0.000050
776, -28.1591, 0.0011, 0.000050
777, -23.0227, 0.0018, 0.000050
778, -23.9318, 0.0023, 0.000050
779, -16.0909, 0.0011, 0.000050
780, -21.0000, 0.0034, 0.000050
781, -18.0000, 0.0013, 0.000050
782, -17.1591, 0.0008, 0.000050
783, -19.8333, 0.0011, 0.000050
784, -20.5714, 0.0041, 0.000050
785, -23.3864, 0.0010, 0.000050
786, -24.4091, 0.0010, 0.000050
787, -22.8636, 0.0035, 0.000050
788, -20.8864, 0.0016, 0.000050
789, -20.4884, 0.0034, 0.000050
790, -21.8372, 0.0013, 0.000050
791, -19.8409, 0.0050, 0.000050
792, -18.7273, 0.0026, 0.000050
793, -25.5455, 0.0014, 0.000050
794, -17.4091, 0.0008, 0.000050
795, -28.8864, 0.0010, 0.000050
796, -22.5682, 0.0012, 0.000050
797, -21.3409, 0.0078, 0.000050
798, -22.2045, 0.0025, 0.000050
799, -22.9091, 0.0013, 0.000050
800, -22.4773, 0.0017, 0.000050
801, -20.7500, 0.0009, 0.000050
802, -16.1591, 0.0012, 0.000050
803, -23.6512, 0.0029, 0.000050
804, -24.6136, 0.0011, 0.000050
805, -21.7045, 0.0042, 0.000050
806, -20.5227, 0.0010, 0.000050
807, -26.5909, 0.0012, 0.000050
808, -22.9545, 0.0017, 0.000050
809, -24.0000, 0.0017, 0.000050
810, -16.2045, 0.0011, 0.000050
811, -24.3182, 0.0015, 0.000050
812, -24.8636, 0.0013, 0.000050
813, -17.6591, 0.0009, 0.000050
814, -16.0682, 0.0008, 0.000050
815, -16.7273, 0.0011, 0.000050
816, -23.5000, 0.0014, 0.000050
817, -16.0682, 0.0008, 0.000050
818, -24.2045, 0.0012, 0.000050
819, -19.5909, 0.0056, 0.000050
820, -18.2273, 0.0023, 0.000050
821, -18.2727, 0.0009, 0.000050
822, -18.4318, 0.0009, 0.000050
823, -21.4186, 0.0054, 0.000050
824, -19.7955, 0.0012, 0.000050
825, -17.8864, 0.0032, 0.000050
826, -24.7727, 0.0014, 0.000050
827, -21.9091, 0.0010, 0.000050
828, -23.7907, 0.0017, 0.000050
829, -19.0455, 0.0011, 0.000050
830, -21.9773, 0.0022, 0.000050
831, -20.2273, 0.0029, 0.000050
832, -18.3409, 0.0009, 0.000050
833, -20.9091, 0.0014, 0.000050
834, -18.6591, 0.0008, 0.000050
835, -20.0682, 0.0026, 0.000050
836, -17.0000, 0.0010, 0.000050
837, -18.4091, 0.0008, 0.000050
838, -19.6818, 0.0023, 0.000050
839, -24.0455, 0.0012, 0.000050
840, -25.0000, 0.0012, 0.000050
841, -19.8864, 0.0039, 0.000050
842, -20.3409, 0.0028, 0.000050
843, -20.9767, 0.0010, 0.000050
844, -19.7273, 0.0011, 0.000050
845, -24.3409, 0.0015, 0.000050
846, -19.5909, 0.0010, 0.000050
847, -13.3488, 0.0011, 0.000050
848, -19.8864, 0.0042, 0.000050
849, -22.0000, 0.0013, 0.000050
850, -20.2955, 0.0010, 0.000050
851, -20.4318, 0.0020, 0.000050
852, -14.7045, 0.0008, 0.000050
853, -20.1136, 0.0008, 0.000050
854, -18.1818, 0.0041, 0.000050
855, -24.1136, 0.0010, 0.000050
856, -20.6818, 0.0009, 0.000050
857, -20.3409, 0.0009, 0.000050
858, -23.3182, 0.0009, 0.000050
859, -15.8409, 0.0008, 0.000050
860, -17.5682, 0.0054, 0.000050
861, -22.5682, 0.0009, 0.000050
862, -16.5455, 0.0010, 0.000050
863, -21.8636, 0.0015, 0.000050
864, -20.6136, 0.0026, 0.000050
865, -21.6591, 0.0011, 0.000050
866, -20.0000, 0.0013, 0.000050
867, -21.1591, 0.0016, 0.000050
868, -22.5227, 0.0020, 0.000050
869, -26.2273, 0.0015, 0.000050
870, -17.1364, 0.0042, 0.000050
871, -26.2955, 0.0015, 0.000050
872, -21.6818, 0.0015, 0.000050
873, -20.1591, 0.0027, 0.000050
874, -23.3182, 0.0011, 0.000050
875, -19.2955, 0.0145, 0.000050
876, -17.1591, 0.0111, 0.000050
877, -23.2381, 0.0011, 0.000050
878, -17.1591, 0.0008, 0.000050
879, -21.6818, 0.0009, 0.000050
880, -16.9318, 0.0009, 0.000050
881, -20.2927, 0.0054, 0.000050
882, -19.9318, 0.0009, 0.000050
883, -20.0000, 0.0009, 0.000050
884, -17.4545, 0.0045, 0.000050
885, -23.3636, 0.0018, 0.000050
886, -21.6591, 0.0044, 0.000050
887, -24.4318, 0.0016, 0.000050
888, -25.4318, 0.0019, 0.000050
889, -22.5476, 0.0124, 0.000050
890, -25.6136, 0.0012, 0.000050
891, -21.7500, 0.0010, 0.000050
892, -23.1136, 0.0032, 0.000050
893, -20.1136, 0.0008, 0.000050
894, -19.2273, 0.0013, 0.000050
895, -22.5455, 0.0016, 0.000050
896, -21.8636, 0.0035, 0.000050
897, -20.8182, 0.0009, 0.000050
898, -22.7045, 0.0008, 0.000050
899, -22.1364, 0.0015, 0.000050
900, -21.7500, 0.0027, 0.000050
901, -21.1364, 0.0014, 0.000050
902, -24.2500, 0.0020, 0.000050
903, -19.2500, 0.0017, 0.000050
904, -19.7273, 0.0140, 0.000050
905, -20.8372, 0.0009, 0.000050
906, -23.4091, 0.0010, 0.000050
907, -18.6818, 0.0010, 0.000050
908, -18.6364, 0.0009, 0.000050
909, -19.5455, 0.0009, 0.000050
910, -17.9318, 0.0028, 0.000050
911, -17.6136, 0.0009, 0.000050
912, -21.2857, 0.0009, 0.000050
913, -18.3636, 0.0012, 0.000050
914, -17.8409, 0.0015, 0.000050
915, -17.9535, 0.0008, 0.000050
916, -18.5455, 0.0011, 0.000050
917, -16.0000, 0.0009, 0.000050
918, -16.9318, 0.0009, 0.000050
919, -28.4773, 0.0011, 0.000050
920, -18.1364, 0.0008, 0.000050
921, -20.7500, 0.0010, 0.000050
922, -20.8571, 0.0009, 0.000050
923, -20.0455, 0.0009, 0.000050
924, -24.3409, 0.0012, 0.000050
925, -23.5000, 0.0009, 0.000050
926, -17.3182, 0.0009, 0.000050
927, -20.4545, 0.0014, 0.000050
928, -13.4884, 0.0011, 0.000050
929, -21.1818, 0.0041, 0.000050
930, -22.9070, 0.0010, 0.000050
931, -20.2273, 0.0150, 0.000050
932, -19.9535, 0.0014, 0.000050
933, -23.0455, 0.0009, 0.000050
934, -24.1591, 0.0010, 0.000050
935, -19.0000, 0.0007, 0.000050
936, -25.2500, 0.0031, 0.000050
937, -16.7727, 0.0010, 0.000050
938, -18.7727, 0.0022, 0.000050
939, -17.6512, 0.0009, 0.000050
940, -17.6364, 0.0047, 0.000050
941, -17.8636, 0.0036, 0.000050
942, -18.8636, 0.0117, 0.000050
943, -20.9535, 0.0052, 0.000050
944, -28.3409, 0.0010, 0.000050
945, -18.9091, 0.0008, 0.000050
946, -17.8182, 0.0008, 0.000050
947, -16.7045, 0.0009, 0.000050
948, -22.0455, 0.0014, 0.000050
949, -18.8182, 0.0012, 0.000050
950, -30.0227, 0.0008, 0.000050
951, -22.6136, 0.0036, 0.000050
952, -21.1818, 0.0045, 0.000050
953, -19.7045, 0.0008, 0.000050
954, -14.6818, 0.0007, 0.000050
955, -19.5227, 0.0008, 0.000050
956, -17.5349, 0.0008, 0.000050
957, -18.6818, 0.0009, 0.000050
958, -17.0227, 0.0012, 0.000050
959, -22.3636, 0.0024, 0.000050
960, -22.5682, 0.0015, 0.000050
961, -15.4545, 0.0008, 0.000050
962, -24.2791, 0.0010, 0.000050
963, -17.3636, 0.0010, 0.000050
964, -22.0909, 0.0019, 0.000050
965, -21.2045, 0.0010, 0.000050
966, -23.0909, 0.0015, 0.000050
967, -21.9545, 0.0013, 0.000050
968, -18.6364, 0.0051, 0.000050
969, -17.5227, 0.0009, 0.000050
970, -17.9091, 0.0009, 0.000050
971, -18.6136, 0.0134, 0.000050
972, -18.5682, 0.0019, 0.000050
973, -19.8636, 0.0010, 0.000050
974, -16.1591, 0.0008, 0.000050
975, -15.6591, 0.0007, 0.000050
976, -23.8409, 0.0013, 0.000050
977, -18.9545, 0.0020, 0.000050
978, -19.5909, 0.0020, 0.000050
979, -21.6364, 0.0012, 0.000050
980, -17.1591, 0.0007, 0.000050
981, -14.0909, 0.0008, 0.000050
982, -19.3636, 0.0035, 0.000050
983, -18.3488, 0.0009, 0.000050
984, -19.4091, 0.0017, 0.000050
985, -22.9318, 0.0009, 0.000050
986, -14.1364, 0.0008, 0.000050
987, -23.3864, 0.0009, 0.000050
988, -17.7955, 0.0029, 0.000050
989, -17.2955, 0.0007, 0.000050
990, -21.2727, 0.0065, 0.000050
991, -23.0682, 0.0015, 0.000050
992, -22.2093, 0.0017, 0.000050
993, -18.1591, 0.0007, 0.000050
994, -17.9545, 0.0009, 0.000050
995, -26.4773, 0.0016, 0.000050
996, -26.3182, 0.0018, 0.000050
997, -18.2500, 0.0070, 0.000050
998, -23.3409, 0.0010, 0.000050
999, -19.3488, 0.0007, 0.000050
1000, -18.3182, 0.0009, 0.000050
1001, -20.6364, 0.0016, 0.000050
1002, -14.6364, 0.0009, 0.000050
1003, -18.5000, 0.0008, 0.000050
1004, -20.1591, 0.0022, 0.000050
1005, -19.1364, 0.0037, 0.000050
1006, -18.6279, 0.0010, 0.000050
1007, -18.5455, 0.0013, 0.000050
1008, -23.9048, 0.0008, 0.000050
1009, -17.4773, 0.0008, 0.000050
1010, -20.2727, 0.0072, 0.000050
1011, -19.4773, 0.0125, 0.000050
1012, -18.4091, 0.0008, 0.000050
1013, -19.4773, 0.0008, 0.000050
1014, -25.6136, 0.0013, 0.000050
1015, -16.3864, 0.0008, 0.000050
1016, -23.1591, 0.0014, 0.000050
1017, -17.0000, 0.0009, 0.000050
1018, -19.4318, 0.0035, 0.000050
1019, -18.7727, 0.0025, 0.000050
1020, -22.9773, 0.0015, 0.000050
1021, -17.9545, 0.0063, 0.000050
1022, -19.2500, 0.0007, 0.000050
1023, -21.4884, 0.0009, 0.000050
1024, -20.9545, 0.0013, 0.000050
1025, -21.2727, 0.0034, 0.000050
1026, -21.0227, 0.0026, 0.000050
1027, -20.5909, 0.0009, 0.000050
1028, -17.5227, 0.0009, 0.000050
1029, -17.8636, 0.0014, 0.000050
1030, -18.4318, 0.0049, 0.000050
1031, -16.7727, 0.0009, 0.000050
1032, -21.7727, 0.0017, 0.000050
1033, -18.9048, 0.0009, 0.000050
1034, -15.7727, 0.0010, 0.000050
1035, -23.7381, 0.0039, 0.000050
1036, -16.1628, 0.0009, 0.000050
1037, -22.7727, 0.0016, 0.000050
1038, -24.7727, 0.0014, 0.000050
1039, -18.0000, 0.0010, 0.000050
1040, -22.2955, 0.0014, 0.000050
1041, -24.7955, 0.0012, 0.000050
1042, -20.1364, 0.0008, 0.000050
1043, -21.1818, 0.0020, 0.000050
1044, -25.2727, 0.0010, 0.000050
1045, -18.8409, 0.0008, 0.000050
1046, -19.5227, 0.0008, 0.000050
1047, -20.8182, 0.0150, 0.000050
1048, -18.1136, 0.0009, 0.000050
1049, -23.8636, 0.0010, 0.000050
1050, -21.0000, 0.0013, 0.000050
1051, -19.1818, 0.0024, 0.000050
1052, -16.3409, 0.0008, 0.000050
1053, -15.7500, 0.0009, 0.000050
1054, -17.8864, 0.0010, 0.000050
1055, -14.7955, 0.0010, 0.000050
1056, -23.5682, 0.0025, 0.000050
1057, -16.4545, 0.0008, 0.000050
1058, -14.5682, 0.0007, 0.000050
1059, -16.6364, 0.0036, 0.000050
1060, -20.4318, 0.0013, 0.000050
1061, -19.0000, 0.0020, 0.000050
1062, -19.2045, 0.0014, 0.000050
1063, -15.7045, 0.0011, 0.000050
1064, -26.2727, 0.0014, 0.000050
1065, -17.6818, 0.0011, 0.000050
1066, -20.5227, 0.0140, 0.000050
1067, -24.0952, 0.0018, 0.000050
1068, -23.1163, 0.0019, 0.000050
1069, -16.1136, 0.0007, 0.000050
1070, -19.1591, 0.0008, 0.000050
1071, -21.7045, 0.0014, 0.000050
1072, -16.7727, 0.0009, 0.000050
1073, -21.9773, 0.0018, 0.000050
1074, -17.2045, 0.0008, 0.000050
1075, -22.3864, 0.0011, 0.000050
1076, -20.0909, 0.0031, 0.000050
1077, -22.1190, 0.0049, 0.000050
1078, -18.8182, 0.0131, 0.000050
1079, -22.8182, 0.0018, 0.000050
1080, -26.7045, 0.0012, 0.000050
1081, -23.3182, 0.0011, 0.000050
1082, -21.3636, 0.0016, 0.000050
1083, -23.0909, 0.0010, 0.000050
1084, -17.3409, 0.0009, 0.000050
1085, -17.8182, 0.0021, 0.000050
1086, -26.2727, 0.0102, 0.000050
1087, -18.3409, 0.0012, 0.000050
1088, -22.2955, 0.0011, 0.000050
1089, -21.0455, 0.0020, 0.000050
1090, -22.2727, 0.0007, 0.000050
1091, -17.7273, 0.0007, 0.000050
1092, -15.7500, 0.0008, 0.000050
1093, -19.5455, 0.0008, 0.000050
1094, -14.2500, 0.0008, 0.000050
1095, -17.2500, 0.0009, 0.000050
1096, -22.2273, 0.0011, 0.000050
1097, -19.0227, 0.0010, 0.000050
1098, -19.3953, 0.0010, 0.000050
1099, -22.1591, 0.0011, 0.000050
1100, -18.7727, 0.0009, 0.000050
1101, -19.2955, 0.0036, 0.000050
1102, -18.3864, 0.0009, 0.000050
1103, -19.8182, 0.0008, 0.000050
1104, -17.6279, 0.0038, 0.000050
1105, -17.0909, 0.0010, 0.000050
1106, -22.0227, 0.0014, 0.000050
1107, -18.5227, 0.0031, 0.000050
1108, -15.1136, 0.0008, 0.000050
1109, -13.3864, 0.0008, 0.000050
1110, -17.4773, 0.0007, 0.000050
1111, -20.9773, 0.0017, 0.000050
1112, -14.9773, 0.0008, 0.000050
1113, -22.0000, 0.0017, 0.000050
1114, -18.7045, 0.0009, 0.000050
1115, -19.8409, 0.0007, 0.000050
1116, -18.5682, 0.0009, 0.000050
1117, -19.0227, 0.0010, 0.000050
1118, -14.6818, 0.0008, 0.000050
1119, -17.5682, 0.0009, 0.000050
1120, -18.3636, 0.0010, 0.000050
1121, -21.1163, 0.0010, 0.000050
1122, -22.8409, 0.0015, 0.000050
1123, -17.7500, 0.0008, 0.000050
1124, -20.3864, 0.0008, 0.000050
1125, -19.8864, 0.0015, 0.000050
1126, -16.5682, 0.0011, 0.000050
1127, -17.0455, 0.0008, 0.000050
1128, -17.8636, 0.0007, 0.000050
1129, -21.3256, 0.0008, 0.000050
1130, -17.6136, 0.0009, 0.000050
1131, -19.7045, 0.0010, 0.000050
1132, -18.8409, 0.0026, 0.000050
1133, -19.3864, 0.0009, 0.000050
1134, -24.1818, 0.0011, 0.000050
1135, -15.2045, 0.0010, 0.000050
1136, -22.1591, 0.0038, 0.000050
1137, -18.6136, 0.0029, 0.000050
1138, -17.5000, 0.0011, 0.000050
1139, -13.8636, 0.0008, 0.000050
1140, -18.0227, 0.0011, 0.000050
1141, -17.5909, 0.0009, 0.000050
1142, -21.7955, 0.0151, 0.000050
1143, -19.7500, 0.0020, 0.000050
1144, -19.4545, 0.0023, 0.000050
1145, -17.1591, 0.0011, 0.000050
1146, -24.9545, 0.0009, 0.000050
1147, -24.1591, 0.0015, 0.000050
1148, -26.9773, 0.0009, 0.000050
1149, -16.3182, 0.0009, 0.000050
1150, -17.2273, 0.0011, 0.000050
1151, -15.3182, 0.0012, 0.000050
1152, -17.1136, 0.0011, 0.000050
1153, -18.5455, 0.0008, 0.000050
1154, -17.1591, 0.0009, 0.000050
1155, -15.7045, 0.0012, 0.000050
1156, -17.8409, 0.0011, 0.000050
1157, -18.5814, 0.0051, 0.000050
1158, -14.3409, 0.0009, 0.000050
1159, -15.8837, 0.0009, 0.000050
1160, -20.3409, 0.0033, 0.000050
1161, -16.3409, 0.0009, 0.000050
1162, -18.2381, 0.0009, 0.000050
1163, -15.7273, 0.0008, 0.000050
1164, -16.4773, 0.0007, 0.000050
1165, -18.6136, 0.0010, 0.000050
1166, -13.6818, 0.0008, 0.000050
1167, -15.4091, 0.0011, 0.000050
1168, -18.4884, 0.0010, 0.000050
1169, -22.4773, 0.0010, 0.000050
1170, -18.2273, 0.0049, 0.000050
1171, -18.2326, 0.0009, 0.000050
1172, -19.6591, 0.0011, 0.000050
1173, -17.2727, 0.0007, 0.000050
1174, -19.0682, 0.0050, 0.000050
1175, -19.6364, 0.0023, 0.000050
1176, -19.8636, 0.0010, 0.000050
1177, -19.0682, 0.0010, 0.000050
1178, -17.4318, 0.0010, 0.000050
1179, -22.7500, 0.0016, 0.000050
1180, -18.7500, 0.0010, 0.000050
1181, -23.1818, 0.0013, 0.000050
1182, -17.7045, 0.0009, 0.000050
1183, -20.5682, 0.0076, 0.000050
1184, -17.6591, 0.0022, 0.000050
1185, -19.5455, 0.0023, 0.000050
1186, -19.5682, 0.0025, 0.000050
1187, -24.7273, 0.0015, 0.000050
1188, -24.0476, 0.0015, 0.000050
1189, -23.2727, 0.0033, 0.000050
1190, -16.8409, 0.0009, 0.000050
1191, -18.2955, 0.0020, 0.000050
1192, -18.6136, 0.0010, 0.000050
1193, -16.8864, 0.0014, 0.000050
1194, -18.0682, 0.0038, 0.000050
1195, -20.2273, 0.0009, 0.000050
1196, -13.6136, 0.0011, 0.000050
1197, -17.2955, 0.0009, 0.000050
1198, -16.2500, 0.0008, 0.000050
1199, -23.8372, 0.0020, 0.000050
1200, -17.2558, 0.0008, 0.000050
1201, -19.5000, 0.0018, 0.000050
1202, -17.3636, 0.0010, 0.000050
1203, -18.3864, 0.0009, 0.000050
1204, -25.6364, 0.0013, 0.000050
1205, -15.5000, 0.0008, 0.000050
1206, -16.8636, 0.0009, 0.000050
1207, -17.0909, 0.0052, 0.000050
1208, -14.4318, 0.0067, 0.000050
1209, -18.1818, 0.0009, 0.000050
1210, -20.3256, 0.0010, 0.000050
1211, -14.4419, 0.0026, 0.000050
1212, -17.2727, 0.0009, 0.000050
1213, -20.3636, 0.0016, 0.000050
1214, -15.8864, 0.0009, 0.000050
1215, -13.8409, 0.0010, 0.000050
1216, -17.2955, 0.0120, 0.000050
1217, -13.9545, 0.0009, 0.000050
1218, -19.7209, 0.0018, 0.000050
1219, -18.2273, 0.0009, 0.000050
1220, -19.3636, 0.0009, 0.000050
1221, -16.6591, 0.0010, 0.000050
1222, -18.6364, 0.0039, 0.000050
1223, -17.9318, 0.0008, 0.000050
1224, -17.6136, 0.0008, 0.000050
1225, -17.5581, 0.0009, 0.000050
1226, -19.2500, 0.0008, 0.000050
1227, -21.0455, 0.0013, 0.000050
1228, -17.3953, 0.0114, 0.000050
1229, -23.7727, 0.0010, 0.000050
1230, -17.2326, 0.0009, 0.000050
1231, -15.5909, 0.0007, 0.000050
1232, -20.0455, 0.0102, 0.000050
1233, -19.8864, 0.0007, 0.000050
1234, -21.4545, 0.0007, 0.000050
1235, -17.3182, 0.0006, 0.000050
1236, -17.7500, 0.0008, 0.000050
1237, -17.4318, 0.0098, 0.000050
1238, -17.8864, 0.0013, 0.000050
1239, -21.2500, 0.0009, 0.000050
1240, -24.9773, 0.0012, 0.000050
1241, -19.0227, 0.0021, 0.000050
1242, -24.7727, 0.0030, 0.000050
1243, -18.5000, 0.0014, 0.000050
1244, -16.2955, 0.0006, 0.000050
1245, -15.7045, 0.0019, 0.000050
1246, -19.7273, 0.0028, 0.000050
1247, -19.8636, 0.0051, 0.000050
1248, -19.7955, 0.0009, 0.000050
1249, -21.9091, 0.0011, 0.000050
1250, -15.4545, 0.0007, 0.000050
1251, -17.5000, 0.0018, 0.000050
1252, -16.3636, 0.0008, 0.000050
1253, -21.6591, 0.0011, 0.000050
1254, -13.3409, 0.0010, 0.000050
1255, -15.2500, 0.0006, 0.000050
1256, -20.4318, 0.0013, 0.000050
1257, -16.2955, 0.0008, 0.000050
1258, -17.6591, 0.0057, 0.000050
1259, -20.9091, 0.0013, 0.000050
1260, -16.3636, 0.0008, 0.000050
1261, -17.0000, 0.0008, 0.000050
1262, -18.5455, 0.0019, 0.000050
1263, -15.3864, 0.0013, 0.000050
1264, -15.0227, 0.0007, 0.000050
1265, -18.4318, 0.0024, 0.000050
1266, -17.3409, 0.0111, 0.000050
1267, -17.6136, 0.0007, 0.000050
1268, -21.8182, 0.0009, 0.000050
1269, -18.9091, 0.0013, 0.000050
1270, -17.2273, 0.0009, 0.000050
1271, -20.7500, 0.0007, 0.000050
1272, -18.8636, 0.0007, 0.000050
1273, -18.6364, 0.0018, 0.000050
1274, -13.7273, 0.0008, 0.000050
1275, -23.2727, 0.0012, 0.000050
1276, -16.7500, 0.0033, 0.000050
1277, -21.0000, 0.0041, 0.000050
1278, -15.3864, 0.0007, 0.000050
1279, -19.2273, 0.0012, 0.000050
1280, -18.7045, 0.0026, 0.000050
1281, -23.1591, 0.0023, 0.000050
1282, -17.7273, 0.0009, 0.000050
1283, -19.7273, 0.0028, 0.000050
1284, -21.0909, 0.0010, 0.000050
1285, -19.4091, 0.0011, 0.000050
1286, -17.8182, 0.0009, 0.000050
1287, -17.4318, 0.0008, 0.000050
1288, -23.0227, 0.0009, 0.000050
1289, -17.1818, 0.0008, 0.000050
1290, -14.2273, 0.0008, 0.000050
1291, -17.3636, 0.0023, 0.000050
1292, -17.1364, 0.0009, 0.000050
1293, -15.5116, 0.0010, 0.000050
1294, -17.8636, 0.0040, 0.000050
1295, -16.9318, 0.0011, 0.000050
1296, -16.2727, 0.0008, 0.000050
1297, -22.9318, 0.0014, 0.000050
1298, -16.8636, 0.0009, 0.000050
1299, -16.9524, 0.0010, 0.000050
1300, -19.7273, 0.0049, 0.000050
1301, -17.1818, 0.0009, 0.000050
1302, -17.0682, 0.0019, 0.000050
1303, -15.6591, 0.0009, 0.000050
1304, -18.6364, 0.0028, 0.000050
1305, -20.8409, 0.0012, 0.000050
1306, -16.8636, 0.0007, 0.000050
1307, -15.3409, 0.0008, 0.000050
1308, -22.4318, 0.0014, 0.000050
1309, -17.9318, 0.0007, 0.000050
1310, -18.5000, 0.0008, 0.000050
1311, -18.6364, 0.0009, 0.000050
1312, -19.9318, 0.0020, 0.000050
1313, -18.1818, 0.0012, 0.000050
1314, -14.7955, 0.0009, 0.000050
1315, -18.9545, 0.0023, 0.000050
1316, -18.2273, 0.0007, 0.000050
1317, -23.4545, 0.0023, 0.000050
1318, -19.0909, 0.0018, 0.000050
1319, -17.1163, 0.0020, 0.000050
1320, -21.0698, 0.0021, 0.000050
1321, -19.1591, 0.0038, 0.000050
1322, -16.5227, 0.0010, 0.000050
1323, -20.7907, 0.0010, 0.000050
1324, -17.6591, 0.0007, 0.000050
1325, -16.9773, 0.0008, 0.000050
1326, -19.1136, 0.0007, 0.000050
1327, -17.6364, 0.0026, 0.000050
1328, -16.2500, 0.0008, 0.000050
1329, -17.9773, 0.0023, 0.000050
1330, -19.6136, 0.0027, 0.000050
1331, -19.6364, 0.0022, 0.000050
1332, -17.9318, 0.0009, 0.000050
1333, -19.6364, 0.0027, 0.000050
1334, -20.2727, 0.0018, 0.000050
1335, -16.1591, 0.0008, 0.000050
1336, -15.9091, 0.0010, 0.000050
1337, -20.2273, 0.0011, 0.000050
1338, -15.1136, 0.0007, 0.000050
1339, -18.4091, 0.0010, 0.000050
1340, -20.2273, 0.0017, 0.000050
1341, -13.1364, 0.0011, 0.000050
1342, -17.7045, 0.0066, 0.000050
1343, -16.5455, 0.0059, 0.000050
1344, -19.0909, 0.0008, 0.000050
1345, -17.6591, 0.0013, 0.000050
1346, -16.4545, 0.0053, 0.000050
1347, -15.3864, 0.0006, 0.000050
1348, -17.1818, 0.0006, 0.000050
1349, -16.1818, 0.0028, 0.000050
1350, -18.3636, 0.0020, 0.000050
1351, -16.5000, 0.0006, 0.000050
1352, -16.6591, 0.0051, 0.000050
1353, -23.3409, 0.0010, 0.000050
1354, -15.7273, 0.0007, 0.000050
1355, -18.5682, 0.0009, 0.000050
1356, -17.8182, 0.0007, 0.000050
1357, -19.9091, 0.0013, 0.000050
1358, -14.3182, 0.0008, 0.000050
1359, -17.0465, 0.0009, 0.000050
1360, -15.7045, 0.0008, 0.000050
1361, -18.2500, 0.0022, 0.000050
1362, -17.8182, 0.0038, 0.000050
1363, -16.8864, 0.0055, 0.000050
1364, -18.9048, 0.0027, 0.000050
1365, -18.3409, 0.0014, 0.000050
1366, -16.7955, 0.0010, 0.000050
1367, -19.7955, 0.0007, 0.000050
1368, -16.1364, 0.0008, 0.000050
1369, -14.2727, 0.0008, 0.000050
1370, -15.6364, 0.0009, 0.000050
1371, -19.0455, 0.0008, 0.000050
1372, -18.8409, 0.0008, 0.000050
1373, -15.8636, 0.0007, 0.000050
1374, -18.1591, 0.0007, 0.000050
1375, -15.1591, 0.0008, 0.000050
1376, -17.0227, 0.0008, 0.000050
1377, -19.1591, 0.0062, 0.000050
1378, -20.1818, 0.0032, 0.000050
1379, -16.9091, 0.0008, 0.000050
1380, -15.9091, 0.0020, 0.000050
1381, -18.9318, 0.0017, 0.000050
1382, -21.0000, 0.0010, 0.000050
1383, -17.7955, 0.0025, 0.000050
1384, -16.1591, 0.0008, 0.000050
1385, -18.3721, 0.0020, 0.000050
1386, -16.5909, 0.0011, 0.000050
1387, -16.0455, 0.0008, 0.000050
1388, -19.7273, 0.0011, 0.000050
1389, -18.5000, 0.0016, 0.000050
1390, -17.7955, 0.0007, 0.000050
1391, -20.2045, 0.0012, 0.000050
1392, -16.9091, 0.0010, 0.000050
1393, -16.1818, 0.0064, 0.000050
1394, -15.1591, 0.0009, 0.000050
1395, -21.1364, 0.0020, 0.000050
1396, -19.9545, 0.0067, 0.000050
1397, -13.2558, 0.0009, 0.000050
1398, -20.4091, 0.0014, 0.000050
1399, -21.3023, 0.0035, 0.000050
1400, -17.8140, 0.0009, 0.000050
1401, -18.3636, 0.0007, 0.000050
1402, -17.6364, 0.0016, 0.000050
1403, -14.0000, 0.0007, 0.000050
1404, -19.6364, 0.0015, 0.000050
1405, -20.1136, 0.0028, 0.000050
1406, -15.3409, 0.0008, 0.000050
1407, -16.0455, 0.0013, 0.000050
1408, -19.8182, 0.0016, 0.000050
1409, -22.2273, 0.0011, 0.000050
1410, -21.3488, 0.0048, 0.000050
1411, -21.7955, 0.0009, 0.000050
1412, -20.9545, 0.0012, 0.000050
1413, -18.5909, 0.0011, 0.000050
1414, -19.5909, 0.0030, 0.000050
1415, -16.3182, 0.0034, 0.000050
1416, -15.9773, 0.0008, 0.000050
1417, -17.7727, 0.0009, 0.000050
1418, -20.4091, 0.0012, 0.000050
1419, -19.3636, 0.0010, 0.000050
1420, -13.5682, 0.0011, 0.000050
1421, -19.6364, 0.0012, 0.000050
1422, -21.3409, 0.0022, 0.000050
1423, -15.9318, 0.0007, 0.000050
1424, -17.2727, 0.0065, 0.000050
1425, -17.6591, 0.0009, 0.000050
1426, -15.6364, 0.0009, 0.000050
1427, -20.9091, 0.0025, 0.000050
1428, -15.5227, 0.0009, 0.000050
1429, -16.8864, 0.0008, 0.000050
1430, -18.9773, 0.0011, 0.000050
1431, -17.4773, 0.0011, 0.000050
1432, -17.4545, 0.0008, 0.000050
1433, -14.9091, 0.0009, 0.000050
1434, -18.2045, 0.0010, 0.000050
1435, -14.2045, 0.0008, 0.000050
1436, -14.8182, 0.0009, 0.000050
1437, -14.3488, 0.0012, 0.000050
1438, -21.5909, 0.0020, 0.000050
1439, -15.9545, 0.0008, 0.000050
1440, -16.1818, 0.0025, 0.000050
1441, -17.8409, 0.0012, 0.000050
1442, -17.7209, 0.0030, 0.000050
1443, -18.7273, 0.0011, 0.000050
1444, -17.1364, 0.0022, 0.000050
1445, -16.2273, 0.0013, 0.000050
1446, -18.8409, 0.0046, 0.000050
1447, -17.8605, 0.0007, 0.000050
1448, -17.3636, 0.0010, 0.000050
1449, -19.1591, 0.0045, 0.000050
1450, -15.4091, 0.0012, 0.000050
1451, -17.1818, 0.0011, 0.000050
1452, -18.8605, 0.0044, 0.000050
1453, -18.0227, 0.0008, 0.000050
1454, -18.5909, 0.0008, 0.000050
1455, -21.9545, 0.0011, 0.000050
1456, -15.6512, 0.0008, 0.000050
1457, -16.9318, 0.0007, 0.000050
1458, -15.6364, 0.0007, 0.000050
1459, -14.6591, 0.0009, 0.000050
1460, -21.5909, 0.0012, 0.000050
1461, -17.3864, 0.0068, 0.000050
1462, -19.1591, 0.0022, 0.000050
1463, -18.4318, 0.0009, 0.000050
1464, -15.5682, 0.0062, 0.000050
1465, -19.6818, 0.0009, 0.000050
1466, -20.7727, 0.0024, 0.000050
1467, -16.6818, 0.0009, 0.000050
1468, -18.3636, 0.0026, 0.000050
1469, -15.0227, 0.0008, 0.000050
1470, -16.8864, 0.0112, 0.000050
1471, -16.9545, 0.0009, 0.000050
1472, -18.5682, 0.0035, 0.000050
1473, -15.7273, 0.0012, 0.000050
1474, -18.5909, 0.0009, 0.000050
1475, -19.0682, 0.0023, 0.000050
1476, -14.5909, 0.0007, 0.000050
1477, -15.0909, 0.0008, 0.000050
1478, -15.9545, 0.0008, 0.000050
1479, -20.6136, 0.0010, 0.000050
1480, -16.9773, 0.0010, 0.000050
1481, -17.6818, 0.0039, 0.000050
1482, -17.8864, 0.0018, 0.000050
1483, -17.2955, 0.0030, 0.000050
1484, -18.6512, 0.0007, 0.000050
1485, -18.6667, 0.0020, 0.000050
1486, -20.0909, 0.0023, 0.000050
1487, -19.5952, 0.0009, 0.000050
1488, -19.6364, 0.0008, 0.000050
1489, -18.9767, 0.0031, 0.000050
1490, -18.5227, 0.0009, 0.000050
1491, -22.0909, 0.0031, 0.000050
1492, -20.1591, 0.0012, 0.000050
1493, -21.7442, 0.0015, 0.000050
1494, -18.9318, 0.0014, 0.000050
1495, -14.7500, 0.0010, 0.000050
1496, -17.6136, 0.0007, 0.000050
1497, -21.1395, 0.0015, 0.000050
1498, -16.0000, 0.0008, 0.000050
1499, -18.5455, 0.0036, 0.000050
1500, -15.9091, 0.0024, 0.000050
1501, -18.4773, 0.0013, 0.000050
1502, -18.3409, 0.0017, 0.000050
1503, -18.9773, 0.0007, 0.000050
1504, -13.6364, 0.0009, 0.000050
1505, -18.0682, 0.0007, 0.000050
1506, -15.1591, 0.0007, 0.000050
1507, -17.3864, 0.0064, 0.000050
1508, -20.4651, 0.0008, 0.000050
1509, -20.1818, 0.0010, 0.000050
1510, -16.0227, 0.0008, 0.000050
1511, -21.8409, 0.0021, 0.000050
1512, -19.2955, 0.0011, 0.000050
1513, -21.2045, 0.0029, 0.000050
1514, -19.8636, 0.0037, 0.000050
1515, -18.5682, 0.0010, 0.000050
1516, -14.7500, 0.0008, 0.000050
1517, -19.8864, 0.0028, 0.000050
1518, -15.9302, 0.0009, 0.000050
1519, -16.4091, 0.0010, 0.000050
1520, -17.7500, 0.0009, 0.000050
1521, -17.9773, 0.0012, 0.000050
1522, -17.1591, 0.0008, 0.000050
1523, -19.3182, 0.0009, 0.000050
1524, -17.2727, 0.0036, 0.000050
1525, -18.2045, 0.0018, 0.000050
1526, -17.4318, 0.0009, 0.000050
1527, -19.0930, 0.0010, 0.000050
1528, -15.5000, 0.0010, 0.000050
1529, -15.2045, 0.0010, 0.000050
1530, -20.7727, 0.0011, 0.000050
1531, -14.5227, 0.0007, 0.000050
1532, -18.2727, 0.0018, 0.000050
1533, -16.7273, 0.0009, 0.000050
1534, -15.9545, 0.0008, 0.000050
1535, -17.5909, 0.0008, 0.000050
1536, -18.1163, 0.0037, 0.000050
1537, -20.6905, 0.0021, 0.000050
1538, -20.3864, 0.0009, 0.000050
1539, -17.1364, 0.0028, 0.000050
1540, -20.7045, 0.0016, 0.000050
1541, -18.1818, 0.0008, 0.000050
1542, -15.5455, 0.0009, 0.000050
1543, -17.3864, 0.0010, 0.000050
1544, -17.8636, 0.0137, 0.000050
1545, -15.2273, 0.0010, 0.000050
1546, -16.8864, 0.0009, 0.000050
1547, -16.7500, 0.0035, 0.000050
1548, -19.7381, 0.0043, 0.000050
1549, -16.8409, 0.0008, 0.000050
1550, -20.0455, 0.0060, 0.000050
1551, -17.0455, 0.0009, 0.000050
1552, -16.5227, 0.0010, 0.000050
1553, -18.7727, 0.0008, 0.000050
1554, -21.2500, 0.0015, 0.000050
1555, -16.7955, 0.0008, 0.000050
1556, -16.3409, 0.0009, 0.000050
1557, -18.6136, 0.0015, 0.000050
1558, -15.7273, 0.0006, 0.000050
1559, -17.9318, 0.0007, 0.000050
1560, -18.1591, 0.0027, 0.000050
1561, -15.5000, 0.0007, 0.000050
1562, -16.3182, 0.0008, 0.000050
1563, -19.4545, 0.0030, 0.000050
1564, -18.4318, 0.0030, 0.000050
1565, -21.8095, 0.0027, 0.000050
1566, -15.7727, 0.0008, 0.000050
1567, -15.4545, 0.0008, 0.000050
1568, -16.5227, 0.0010, 0.000050
1569, -19.8409, 0.0012, 0.000050
1570, -17.8409, 0.0010, 0.000050
1571, -15.0000, 0.0010, 0.000050
1572, -15.6818, 0.0007, 0.000050
1573, -15.7955, 0.0011, 0.000050
1574, -16.9091, 0.0007, 0.000050
1575, -17.0909, 0.0132, 0.000050
1576, -13.0682, 0.0007, 0.000050
1577, -14.7955, 0.0008, 0.000050
1578, -14.0682, 0.0007, 0.000050
1579, -16.9773, 0.0008, 0.000050
1580, -18.7727, 0.0009, 0.000050
1581, -17.0455, 0.0007, 0.000050
1582, -23.3182, 0.0009, 0.000050
1583, -19.1818, 0.0043, 0.000050
1584, -19.2273, 0.0008, 0.000050
1585, -14.7727, 0.0007, 0.000050
1586, -17.6136, 0.0027, 0.000050
1587, -21.0238, 0.0118, 0.000050
1588, -17.4186, 0.0018, 0.000050
1589, -15.7727, 0.0007, 0.000050
1590, -15.5682, 0.0007, 0.000050
1591, -19.4773, 0.0012, 0.000050
1592, -15.9545, 0.0008, 0.000050
1593, -17.8636, 0.0008, 0.000050
1594, -17.2500, 0.0018, 0.000050
1595, -20.7955, 0.0015, 0.000050
1596, -17.8182, 0.0015, 0.000050
1597, -18.7045, 0.0008, 0.000050
1598, -18.2273, 0.0060, 0.000050
1599, -20.8140, 0.0016, 0.000050
1600, -13.4318, 0.0006, 0.000050
1601, -22.2500, 0.0011, 0.000050
1602, -16.0909, 0.0010, 0.000050
1603, -16.5000, 0.0008, 0.000050
1604, -16.0227, 0.0008, 0.000050
1605, -18.6136, 0.0028, 0.000050
1606, -15.9773, 0.0016, 0.000050
1607, -17.7045, 0.0007, 0.000050
1608, -19.5227, 0.0019, 0.000050
1609, -15.4091, 0.0119, 0.000050
1610, -17.2791, 0.0011, 0.000050
1611, -23.3182, 0.0013, 0.000050
1612, -18.0227, 0.0020, 0.000050
1613, -16.1364, 0.0006, 0.000050
1614, -18.4773, 0.0015, 0.000050
1615, -19.3636, 0.0015, 0.000050
1616, -19.4091, 0.0025, 0.000050
1617, -19.8409, 0.0020, 0.000050
1618, -19.9773, 0.0026, 0.000050
1619, -19.3488, 0.0028, 0.000050
1620, -16.5682, 0.0008, 0.000050
1621, -16.2727, 0.0007, 0.000050
1622, -17.8571, 0.0015, 0.000050
1623, -17.1364, 0.0009, 0.000050
1624, -19.2045, 0.0047, 0.000050
1625, -15.1818, 0.0006, 0.000050
1626, -18.2857, 0.0008, 0.000050
1627, -20.5455, 0.0065, 0.000050
1628, -18.7045, 0.0008, 0.000050
1629, -16.7727, 0.0008, 0.000050
1630, -16.0682, 0.0007, 0.000050
1631, -14.1136, 0.0009, 0.000050
1632, -17.1591, 0.0009, 0.000050
1633, -14.5000, 0.0008, 0.000050
1634, -17.3488, 0.0008, 0.000050
1635, -18.6136, 0.0045, 0.000050
1636, -17.4318, 0.0032, 0.000050
1637, -19.9318, 0.0015, 0.000050
1638, -16.8864, 0.0041, 0.000050
1639, -14.9773, 0.0107, 0.000050
1640, -16.4318, 0.0008, 0.000050
1641, -16.9286, 0.0006, 0.000050
1642, -21.8409, 0.0012, 0.000050
1643, -20.0909, 0.0007, 0.000050
1644, -15.6818, 0.0006, 0.000050
1645, -15.6136, 0.0008, 0.000050
1646, -16.5227, 0.0009, 0.000050
1647, -18.3864, 0.0008, 0.000050
1648, -17.1818, 0.0007, 0.000050
1649, -17.0000, 0.0006, 0.000050
1650, -20.7500, 0.0011, 0.000050
1651, -16.3256, 0.0009, 0.000050
1652, -18.0682, 0.0008, 0.000050
1653, -19.2273, 0.0014, 0.000050
1654, -15.4545, 0.0007, 0.000050
1655, -17.0455, 0.0010, 0.000050
1656, -15.0227, 0.0008, 0.000050
1657, -20.5000, 0.0022, 0.000050
1658, -16.2273, 0.0008, 0.000050
1659, -17.4545, 0.0007, 0.000050
1660, -19.0455, 0.0044, 0.000050
1661, -16.5455, 0.0009, 0.000050
1662, -15.5000, 0.0008, 0.000050
1663, -16.8409, 0.0007, 0.000050
1664, -16.3182, 0.0007, 0.000050
1665, -16.0227, 0.0029, 0.000050
1666, -19.3409, 0.0008, 0.000050
1667, -17.0465, 0.0012, 0.000050
1668, -17.8636, 0.0009, 0.000050
1669, -18.1591, 0.0029, 0.000050
1670, -19.2955, 0.0007, 0.000050
1671, -15.9545, 0.0064, 0.000050
1672, -16.5455, 0.0007, 0.000050
1673, -18.7273, 0.0009, 0.000050
1674, -17.2045, 0.0033, 0.000050
1675, -17.3409, 0.0020, 0.000050
1676, -17.2500, 0.0008, 0.000050
1677, -15.3409, 0.0010, 0.000050
1678, -20.6364, 0.0011, 0.000050
1679, -17.4545, 0.0033, 0.000050
1680, -17.6591, 0.0007, 0.000050
1681, -20.8837, 0.0019, 0.000050
1682, -20.4318, 0.0008, 0.000050
1683, -18.0682, 0.0008, 0.000050
1684, -16.7209, 0.0009, 0.000050
1685, -16.5909, 0.0009, 0.000050
1686, -22.0682, 0.0013, 0.000050
1687, -20.3636, 0.0036, 0.000050
1688, -15.8182, 0.0009, 0.000050
1689, -20.9318, 0.0010, 0.000050
1690, -18.9318, 0.0009, 0.000050
1691, -18.3864, 0.0009, 0.000050
1692, -19.2500, 0.0022, 0.000050
1693, -16.4318, 0.0007, 0.000050
1694, -20.4091, 0.0012, 0.000050
1695, -19.8372, 0.0009, 0.000050
1696, -17.5227, 0.0010, 0.000050
1697, -17.5227, 0.0009, 0.000050
1698, -18.8864, 0.0010, 0.000050
1699, -18.2045, 0.0014, 0.000050
1700, -18.2273, 0.0072, 0.000050
1701, -17.3636, 0.0126, 0.000050
1702, -17.7674, 0.0008, 0.000050
1703, -15.6136, 0.0007, 0.000050
1704, -18.8837, 0.0019, 0.000050
1705, -23.5227, 0.0011, 0.000050
1706, -17.2500, 0.0019, 0.000050
1707, -17.6591, 0.0010, 0.000050
1708, -19.5682, 0.0020, 0.000050
1709, -19.8409, 0.0018, 0.000050
1710, -18.7273, 0.0008, 0.000050
1711, -21.7273, 0.0031, 0.000050
1712, -15.0930, 0.0010, 0.000050
1713, -14.5116, 0.0009, 0.000050
1714, -19.4773, 0.0009, 0.000050
1715, -17.5000, 0.0008, 0.000050
1716, -15.9545, 0.0007, 0.000050
1717, -20.1136, 0.0030, 0.000050
1718, -18.7674, 0.0068, 0.000050
1719, -18.1364, 0.0014, 0.000050
1720, -20.2727, 0.0045, 0.000050
1721, -19.8409, 0.0015, 0.000050
1722, -17.3409, 0.0009, 0.000050
1723, -16.5909, 0.0009, 0.000050
1724, -14.9773, 0.0009, 0.000050
1725, -20.4091, 0.0018, 0.000050
1726, -16.2273, 0.0010, 0.000050
1727, -17.9091, 0.0124, 0.000050
1728, -15.8636, 0.0006, 0.000050
1729, -19.8409, 0.0107, 0.000050
1730, -20.0909, 0.0010, 0.000050
1731, -17.5682, 0.0007, 0.000050
1732, -18.3409, 0.0008, 0.000050
1733, -16.7143, 0.0008, 0.000050
1734, -18.3182, 0.0009, 0.000050
1735, -18.4091, 0.0021, 0.000050
1736, -19.6136, 0.0006, 0.000050
1737, -17.7727, 0.0007, 0.000050
1738, -16.2273, 0.0008, 0.000050
1739, -19.3409, 0.0015, 0.000050
1740, -20.2500, 0.0017, 0.000050
1741, -17.4318, 0.0007, 0.000050
1742, -19.3636, 0.0032, 0.000050
1743, -15.6591, 0.0008, 0.000050
1744, -15.0000, 0.0007, 0.000050
1745, -20.3864, 0.0016, 0.000050
1746, -17.0000, 0.0122, 0.000050
1747, -20.2500, 0.0032, 0.000050
1748, -17.0227, 0.0054, 0.000050
1749, -19.6136, 0.0015, 0.000050
1750, -21.8636, 0.0058, 0.000050
1751, -20.6744, 0.0019, 0.000050
1752, -18.0909, 0.0016, 0.000050
1753, -17.8636, 0.0020, 0.000050
1754, -16.7045, 0.0007, 0.000050
1755, -18.0909, 0.0021, 0.000050
1756, -19.8409, 0.0012, 0.000050
1757, -16.1364, 0.0013, 0.000050
1758, -17.0455, 0.0011, 0.000050
1759, -17.7045, 0.0009, 0.000050
1760, -17.0909, 0.0008, 0.000050
1761, -18.5909, 0.0061, 0.000050
1762, -16.1136, 0.0010, 0.000050
1763, -15.9773, 0.0013, 0.000050
1764, -18.8409, 0.0060, 0.000050
1765, -17.9091, 0.0007, 0.000050
1766, -17.7500, 0.0008, 0.000050
1767, -20.9545, 0.0013, 0.000050
1768, -15.2727, 0.0007, 0.000050
1769, -17.6591, 0.0007, 0.000050
1770, -20.2558, 0.0011, 0.000050
1771, -19.2955, 0.0033, 0.000050
1772, -18.7442, 0.0008, 0.000050
1773, -22.2273, 0.0034, 0.000050
1774, -19.2500, 0.0009, 0.000050
1775, -14.9091, 0.0058, 0.000050
1776, -17.4773, 0.0008, 0.000050
1777, -16.7500, 0.0009, 0.000050
1778, -20.2727, 0.0025, 0.000050
1779, -17.0455, 0.0008, 0.000050
1780, -17.6591, 0.0009, 0.000050
1781, -21.6818, 0.0013, 0.000050
1782, -19.5909, 0.0021, 0.000050
1783, -18.8409, 0.0010, 0.000050
1784, -20.7955, 0.0012, 0.000050
1785, -17.8409, 0.0064, 0.000050
1786, -14.5000, 0.0010, 0.000050
1787, -16.1364, 0.0007, 0.000050
1788, -16.6364, 0.0010, 0.000050
1789, -15.3864, 0.0007, 0.000050
1790, -20.5909, 0.0009, 0.000050
1791, -16.4091, 0.0009, 0.000050
1792, -18.0930, 0.0008, 0.000050
1793, -15.7273, 0.0010, 0.000050
1794, -20.7955, 0.0019, 0.000050
1795, -15.5682, 0.0007, 0.000050
1796, -20.7045, 0.0016, 0.000050
1797, -18.0455, 0.0031, 0.000050
1798, -19.3409, 0.0048, 0.000050
1799, -17.7727, 0.0009, 0.000050
1800, -18.5909, 0.0046, 0.000050
1801, -17.2273, 0.0014, 0.000050
1802, -18.2273, 0.0009, 0.000050
1803, -14.9773, 0.0008, 0.000050
1804, -18.6591, 0.0030, 0.000050
1805, -19.9318, 0.0044, 0.000050
1806, -17.0909, 0.0009, 0.000050
1807, -18.2727, 0.0007, 0.000050
1808, -16.6818, 0.0009, 0.000050
1809, -16.3409, 0.0009, 0.000050
1810, -19.1818, 0.0027, 0.000050
1811, -22.0909, 0.0014, 0.000050
1812, -20.4773, 0.0027, 0.000050
1813, -17.5000, 0.0007, 0.000050
1814, -20.9545, 0.0011, 0.000050
1815, -19.6818, 0.0009, 0.000050
1816, -23.2727, 0.0010, 0.000050
1817, -18.6364, 0.0009, 0.000050
1818, -17.0455, 0.0007, 0.000050
1819, -15.7727, 0.0011, 0.000050
1820, -19.8864, 0.0143, 0.000050
1821, -19.5909, 0.0009, 0.000050
1822, -17.1591, 0.0011, 0.000050
1823, -18.5682, 0.0009, 0.000050
1824, -18.3182, 0.0008, 0.000050
1825, -20.9545, 0.0045, 0.000050
1826, -21.0455, 0.0017, 0.000050
1827, -17.9545, 0.0007, 0.000050
1828, -17.1364, 0.0008, 0.000050
1829, -18.6364, 0.0065, 0.000050
1830, -18.8636, 0.0009, 0.000050
1831, -18.5682, 0.0026, 0.000050
1832, -21.8182, 0.0017, 0.000050
1833, -19.0227, 0.0011, 0.000050
1834, -13.9091, 0.0007, 0.000050
1835, -21.7955, 0.0011, 0.000050
1836, -17.0682, 0.0016, 0.000050
1837, -13.2045, 0.0007, 0.000050
1838, -19.3409, 0.0012, 0.000050
1839, -23.5455, 0.0014, 0.000050
1840, -19.9091, 0.0030, 0.000050
1841, -20.9318, 0.0027, 0.000050
1842, -14.7045, 0.0007, 0.000050
1843, -16.3864, 0.0008, 0.000050
1844, -19.2955, 0.0046, 0.000050
1845, -17.9318, 0.0020, 0.000050
1846, -14.0909, 0.0011, 0.000050
1847, -17.3636, 0.0011, 0.000050
1848, -19.9773, 0.0016, 0.000050
1849, -16.6190, 0.0008, 0.000050
1850, -19.4318, 0.0009, 0.000050
1851, -21.1591, 0.0023, 0.000050
1852, -15.8182, 0.0009, 0.000050
1853, -16.6136, 0.0009, 0.000050
1854, -21.0238, 0.0039, 0.000050
1855, -17.6818, 0.0016, 0.000050
1856, -13.7273, 0.0007, 0.000050
1857, -20.2143, 0.0047, 0.000050
1858, -16.4545, 0.0007, 0.000050
1859, -15.1818, 0.0011, 0.000050
1860, -16.8636, 0.0008, 0.000050
1861, -16.7500, 0.0010, 0.000050
1862, -14.0227, 0.0008, 0.000050
1863, -17.6136, 0.0025, 0.000050
1864, -16.1136, 0.0009, 0.000050
1865, -15.1591, 0.0008, 0.000050
1866, -17.1136, 0.0010, 0.000050
1867, -19.4773, 0.0015, 0.000050
1868, -21.2273, 0.0019, 0.000050
1869, -16.5227, 0.0007, 0.000050
1870, -16.7955, 0.0008, 0.000050
1871, -19.0909, 0.0008, 0.000050
1872, -20.1591, 0.0013, 0.000050
1873, -16.0227, 0.0035, 0.000050
1874, -22.9545, 0.0008, 0.000050
1875, -20.7045, 0.0011, 0.000050
1876, -20.8140, 0.0017, 0.000050
1877, -13.7727, 0.0010, 0.000050
1878, -17.9773, 0.0022, 0.000050
1879, -18.7727, 0.0045, 0.000050
1880, -15.9545, 0.0008, 0.000050
1881, -16.0682, 0.0010, 0.000050
1882, -19.5909, 0.0017, 0.000050
1883, -15.9070, 0.0009, 0.000050
1884, -18.8182, 0.0010, 0.000050
1885, -21.9318, 0.0007, 0.000050
1886, -18.8864, 0.0013, 0.000050
1887, -16.1818, 0.0008, 0.000050
1888, -17.9091, 0.0009, 0.000050
1889, -12.7500, 0.0009, 0.000050
1890, -16.7674, 0.0006, 0.000050
1891, -14.9773, 0.0006, 0.000050
1892, -20.6136, 0.0024, 0.000050
1893, -16.3182, 0.0009, 0.000050
1894, -15.7045, 0.0126, 0.000050
1895, -17.5227, 0.0008, 0.000050
1896, -20.2326, 0.0030, 0.000050
1897, -20.9318, 0.0022, 0.000050
1898, -17.9318, 0.0018, 0.000050
1899, -15.7045, 0.0008, 0.000050
1900, -15.8864, 0.0007, 0.000050
1901, -21.2093, 0.0011, 0.000050
1902, -17.7955, 0.0015, 0.000050
1903, -15.5000, 0.0006, 0.000050
1904, -19.6364, 0.0007, 0.000050
1905, -19.6279, 0.0009, 0.000050
1906, -15.2045, 0.0007, 0.000050
1907, -18.3864, 0.0019, 0.000050
1908, -18.2955, 0.0008, 0.000050
1909, -18.5455, 0.0008, 0.000050
1910, -14.4545, 0.0009, 0.000050
1911, -14.8636, 0.0011, 0.000050
1912, -18.2273, 0.0019, 0.000050
1913, -21.7381, 0.0026, 0.000050
1914, -17.7955, 0.0021, 0.000050
1915, -17.5227, 0.0033, 0.000050
1916, -20.0682, 0.0010, 0.000050
1917, -17.9091, 0.0008, 0.000050
1918, -15.8864, 0.0009, 0.000050
1919, -17.5682, 0.0008, 0.000050
1920, -15.8182, 0.0122, 0.000050
1921, -17.5455, 0.0062, 0.000050
1922, -18.5455, 0.0027, 0.000050
1923, -20.1591, 0.0038, 0.000050
1924, -19.0682, 0.0007, 0.000050
1925, -15.4773, 0.0010, 0.000050
1926, -19.4318, 0.0007, 0.000050
1927, -16.9545, 0.0008, 0.000050
1928, -15.3864, 0.0111, 0.000050
1929, -23.2727, 0.0023, 0.000050
1930, -18.7500, 0.0007, 0.000050
1931, -21.5116, 0.0016, 0.000050
1932, -18.7273, 0.0009, 0.000050
1933, -13.5909, 0.0008, 0.000050
1934, -14.8409, 0.0008, 0.000050
1935, -18.1818, 0.0108, 0.000050
1936, -20.4186, 0.0011, 0.000050
1937, -15.8182, 0.0007, 0.000050
1938, -20.8182, 0.0018, 0.000050
1939, -15.4773, 0.0009, 0.000050
1940, -17.3864, 0.0007, 0.000050
1941, -23.0455, 0.0012, 0.000050
1942, -16.7045, 0.0009, 0.000050
1943, -16.8409, 0.0009, 0.000050
1944, -15.8780, 0.0007, 0.000050
1945, -15.0909, 0.0008, 0.000050
1946, -19.7500, 0.0029, 0.000050
1947, -14.7955, 0.0007, 0.000050
1948, -16.8636, 0.0006, 0.000050
1949, -17.3953, 0.0033, 0.000050
1950, -17.6818, 0.0009, 0.000050
1951, -17.2500, 0.0009, 0.000050
1952, -19.3182, 0.0045, 0.000050
1953, -19.2045, 0.0118, 0.000050
1954, -19.5227, 0.0020, 0.000050
1955, -15.4773, 0.0006, 0.000050
1956, -18.1364, 0.0006, 0.000050
1957, -22.8636, 0.0007, 0.000050
1958, -17.0909, 0.0013, 0.000050
1959, -15.9091, 0.0008, 0.000050
1960, -17.0227, 0.0041, 0.000050
1961, -17.2727, 0.0030, 0.000050
1962, -20.5682, 0.0008, 0.000050
1963, -14.0227, 0.0008, 0.000050
1964, -20.1818, 0.0013, 0.000050
1965, -20.0227, 0.0023, 0.000050
1966, -16.5909, 0.0007, 0.000050
1967, -18.3636, 0.0060, 0.000050
1968, -15.7955, 0.0009, 0.000050
1969, -18.0682, 0.0027, 0.000050
1970, -16.8636, 0.0009, 0.000050
1971, -20.7727, 0.0013, 0.000050
1972, -16.0682, 0.0009, 0.000050
1973, -16.9535, 0.0020, 0.000050
1974, -18.0227, 0.0010, 0.000050
1975, -17.7045, 0.0008, 0.000050
1976, -18.0455, 0.0118, 0.000050
1977, -17.7045, 0.0007, 0.000050
1978, -16.7955, 0.0010, 0.000050
1979, -16.8864, 0.0006, 0.000050
1980, -19.4186, 0.0038, 0.000050
1981, -15.3864, 0.0052, 0.000050
1982, -21.0227, 0.0011, 0.000050
1983, -17.7955, 0.0052, 0.000050
1984, -14.7500, 0.0008, 0.000050
1985, -18.5682, 0.0014, 0.000050
1986, -13.6136, 0.0008, 0.000050
1987, -17.0227, 0.0008, 0.000050
1988, -17.7442, 0.0010, 0.000050
1989, -15.1364, 0.0052, 0.000050
1990, -20.9318, 0.0011, 0.000050
1991, -16.3636, 0.0009, 0.000050
1992, -16.7045, 0.0006, 0.000050
1993, -17.7209, 0.0028, 0.000050
1994, -18.4773, 0.0018, 0.000050
1995, -17.5227, 0.0011, 0.000050
1996, -16.7273, 0.0008, 0.000050
1997, -17.7209, 0.0105, 0.000050
1998, -20.4091, 0.0049, 0.000050
1999, -18.0455, 0.0033, 0.000050
2000, -22.4773, 0.0032, 0.000050
2001, -17.2727, 0.0007, 0.000050
2002, -19.6818, 0.0021, 0.000050
2003, -17.7955, 0.0007, 0.000050
2004, -20.1591, 0.0012, 0.000050
2005, -17.5909, 0.0034, 0.000050
2006, -14.3636, 0.0020, 0.000050
2007, -21.8636, 0.0011, 0.000050
2008, -18.6136, 0.0007, 0.000050
2009, -18.0227, 0.0012, 0.000050
2010, -18.8409, 0.0019, 0.000050
2011, -15.6364, 0.0006, 0.000050
2012, -16.5455, 0.0027, 0.000050
2013, -15.6818, 0.0008, 0.000050
2014, -16.0227, 0.0007, 0.000050
2015, -17.5455, 0.0014, 0.000050
2016, -19.6364, 0.0016, 0.000050
2017, -15.9545, 0.0007, 0.000050
2018, -22.1136, 0.0009, 0.000050
2019, -20.5909, 0.0019, 0.000050
2020, -18.0227, 0.0007, 0.000050
2021, -16.4773, 0.0009, 0.000050
2022, -17.9091, 0.0007, 0.000050
2023, -14.9773, 0.0009, 0.000050
2024, -20.5227, 0.0007, 0.000050
2025, -19.4091, 0.0016, 0.000050
2026, -21.0455, 0.0010, 0.000050
2027, -19.5227, 0.0009, 0.000050
2028, -19.8636, 0.0015, 0.000050
2029, -18.2500, 0.0008, 0.000050
2030, -18.2619, 0.0067, 0.000050
2031, -18.5455, 0.0120, 0.000050
2032, -17.5227, 0.0017, 0.000050
2033, -19.1395, 0.0008, 0.000050
2034, -15.0682, 0.0007, 0.000050
2035, -18.0455, 0.0009, 0.000050
2036, -16.4419, 0.0109, 0.000050
2037, -17.6591, 0.0008, 0.000050
2038, -15.6364, 0.0008, 0.000050
2039, -16.8182, 0.0016, 0.000050
2040, -16.6591, 0.0007, 0.000050
2041, -16.1429, 0.0010, 0.000050
2042, -15.6136, 0.0008, 0.000050
2043, -16.7273, 0.0008, 0.000050
2044, -14.5952, 0.0006, 0.000050
2045, -15.5116, 0.0007, 0.000050
2046, -20.1591, 0.0108, 0.000050
2047, -13.4651, 0.0010, 0.000050
2048, -14.7209, 0.0006, 0.000050
2049, -20.3182, 0.0013, 0.000050
2050, -18.5909, 0.0039, 0.000050
2051, -19.6136, 0.0053, 0.000050
2052, -15.9091, 0.0008, 0.000050
2053, -17.0455, 0.0005, 0.000050
2054, -19.5455, 0.0007, 0.000050
2055, -19.7500, 0.0009, 0.000050
2056, -16.9545, 0.0006, 0.000050
2057, -16.0455, 0.0007, 0.000050
2058, -19.6136, 0.0009, 0.000050
2059, -14.4773, 0.0010, 0.000050
2060, -18.2045, 0.0016, 0.000050
2061, -15.2955, 0.0007, 0.000050
2062, -21.2727, 0.0012, 0.000050
2063, -16.7727, 0.0007, 0.000050
2064, -19.0000, 0.0040, 0.000050
2065, -20.1818, 0.0024, 0.000050
2066, -19.3182, 0.0014, 0.000050
2067, -19.6591, 0.0016, 0.000050
2068, -15.7955, 0.0010, 0.000050
2069, -16.3864, 0.0122, 0.000050
2070, -21.1591, 0.0109, 0.000050
2071, -19.2045, 0.0018, 0.000050
2072, -15.0227, 0.0008, 0.000050
2073, -16.7955, 0.0021, 0.000050
2074, -13.8409, 0.0008, 0.000050
2075, -18.9302, 0.0095, 0.000050
2076, -18.7500, 0.0014, 0.000050
2077, -18.2273, 0.0012, 0.000050
2078, -19.8571, 0.0026, 0.000050
2079, -15.2273, 0.0006, 0.000050
2080, -22.5227, 0.0008, 0.000050
2081, -20.5227, 0.0028, 0.000050
2082, -16.7273, 0.0020, 0.000050
2083, -16.6591, 0.0008, 0.000050
2084, -17.2500, 0.0017, 0.000050
2085, -20.6364, 0.0011, 0.000050
2086, -19.1591, 0.0020, 0.000050
2087, -16.5000, 0.0008, 0.000050
2088, -17.1591, 0.0056, 0.000050
2089, -21.1364, 0.0008, 0.000050
2090, -19.1591, 0.0008, 0.000050
2091, -14.5000, 0.0008, 0.000050
2092, -19.7045, 0.0007, 0.000050
2093, -15.5227, 0.0007, 0.000050
2094, -14.7500, 0.0008, 0.000050
2095, -18.5682, 0.0059, 0.000050
2096, -15.9318, 0.0007, 0.000050
2097, -18.4884, 0.0008, 0.000050
2098, -15.1136, 0.0007, 0.000050
2099, -15.9773, 0.0111, 0.000050
2100, -20.3636, 0.0008, 0.000050
2101, -18.1591, 0.0024, 0.000050
2102, -15.1364, 0.0006, 0.000050
2103, -19.8864, 0.0031, 0.000050
2104, -16.4318, 0.0006, 0.000050
2105, -17.7500, 0.0020, 0.000050
2106, -17.2045, 0.0007, 0.000050
2107, -15.3182, 0.0009, 0.000050
2108, -16.8182, 0.0006, 0.000050
2109, -16.7727, 0.0007, 0.000050
2110, -19.2500, 0.0008, 0.000050
2111, -19.6136, 0.0008, 0.000050
2112, -15.9318, 0.0114, 0.000050
2113, -11.9091, 0.0012, 0.000050
2114, -21.1818, 0.0020, 0.000050
2115, -17.6591, 0.0054, 0.000050
2116, -21.4318, 0.0017, 0.000050
2117, -16.9091, 0.0098, 0.000050
2118, -16.8409, 0.0017, 0.000050
2119, -15.3409, 0.0008, 0.000050
2120, -18.0909, 0.0018, 0.000050
2121, -20.3182, 0.0022, 0.000050
2122, -16.8864, 0.0006, 0.000050
2123, -20.5909, 0.0094, 0.000050
2124, -17.1364, 0.0008, 0.000050
2125, -20.0455, 0.0007, 0.000050
2126, -16.5227, 0.0007, 0.000050
2127, -15.1364, 0.0007, 0.000050
2128, -18.4773, 0.0017, 0.000050
2129, -20.7500, 0.0008, 0.000050
2130, -18.4318, 0.0009, 0.000050
2131, -17.4545, 0.0008, 0.000050
2132, -21.7209, 0.0010, 0.000050
2133, -16.3636, 0.0007, 0.000050
2134, -17.9318, 0.0008, 0.000050
2135, -15.4545, 0.0007, 0.000050
2136, -21.0000, 0.0011, 0.000050
2137, -18.8864, 0.0022, 0.000050
2138, -17.7273, 0.0008, 0.000050
2139, -17.9091, 0.0042, 0.000050
2140, -17.6591, 0.0030, 0.000050
2141, -16.9545, 0.0007, 0.000050
2142, -17.5682, 0.0007, 0.000050
2143, -15.4773, 0.0006, 0.000050
2144, -12.0909, 0.0007, 0.000050
2145, -17.3636, 0.0008, 0.000050
2146, -14.5227, 0.0007, 0.000050
2147, -16.9091, 0.0006, 0.000050
2148, -20.6364, 0.0115, 0.000050
2149, -18.2955, 0.0007, 0.000050
2150, -16.0000, 0.0008, 0.000050
2151, -17.3182, 0.0011, 0.000050
2152, -20.6818, 0.0012, 0.000050
2153, -19.3864, 0.0013, 0.000050
2154, -20.9302, 0.0010, 0.000050
2155, -20.1818, 0.0009, 0.000050
2156, -24.1136, 0.0013, 0.000050
2157, -18.0682, 0.0010, 0.000050
2158, -20.6429, 0.0018, 0.000050
2159, -16.1591, 0.0006, 0.000050
2160, -16.8636, 0.0023, 0.000050
2161, -22.6591, 0.0034, 0.000050
2162, -22.1591, 0.0011, 0.000050
2163, -22.9318, 0.0008, 0.000050
2164, -13.9545, 0.0006, 0.000050
2165, -14.0455, 0.0008, 0.000050
2166, -17.5909, 0.0009, 0.000050
2167, -17.1591, 0.0062, 0.000050
2168, -18.5455, 0.0009, 0.000050
2169, -18.1364, 0.0015, 0.000050
2170, -16.4545, 0.0116, 0.000050
2171, -18.6818, 0.0026, 0.000050
2172, -20.1591, 0.0007, 0.000050
2173, -17.9773, 0.0016, 0.000050
2174, -17.7273, 0.0007, 0.000050
2175, -20.2045, 0.0027, 0.000050
2176, -22.4318, 0.0009, 0.000050
2177, -17.0455, 0.0007, 0.000050
2178, -20.0455, 0.0021, 0.000050
2179, -14.2955, 0.0007, 0.000050
2180, -15.0000, 0.0012, 0.000050
2181, -15.3864, 0.0009, 0.000050
2182, -14.2045, 0.0008, 0.000050
2183, -19.2273, 0.0028, 0.000050
2184, -19.1818, 0.0021, 0.000050
2185, -17.2273, 0.0008, 0.000050
2186, -15.8636, 0.0007, 0.000050
2187, -17.0909, 0.0020, 0.000050
2188, -22.7727, 0.0009, 0.000050
2189, -15.8182, 0.0018, 0.000050
2190, -18.1136, 0.0008, 0.000050
2191, -18.5227, 0.0036, 0.000050
2192, -16.5682, 0.0121, 0.000050
2193, -20.0455, 0.0058, 0.000050
2194, -17.0909, 0.0020, 0.000050
2195, -16.6136, 0.0008, 0.000050
2196, -17.4318, 0.0026, 0.000050
2197, -17.3636, 0.0010, 0.000050
2198, -18.5116, 0.0008, 0.000050
2199, -15.8605, 0.0007, 0.000050
2200, -17.4545, 0.0007, 0.000050
2201, -18.7727, 0.0012, 0.000050
2202, -18.0000, 0.0008, 0.000050
2203, -22.2273, 0.0016, 0.000050
2204, -17.4545, 0.0007, 0.000050
2205, -19.8409, 0.0011, 0.000050
2206, -17.5682, 0.0009, 0.000050
2207, -17.1136, 0.0011, 0.000050
2208, -17.1364, 0.0011, 0.000050
2209, -17.4545, 0.0011, 0.000050
2210, -21.1364, 0.0009, 0.000050
2211, -16.4773, 0.0009, 0.000050
2212, -16.7500, 0.0008, 0.000050
2213, -19.3182, 0.0019, 0.000050
2214, -19.6977, 0.0009, 0.000050
2215, -17.8409, 0.0007, 0.000050
2216, -16.4884, 0.0009, 0.000050
2217, -19.0227, 0.0031, 0.000050
2218, -17.4773, 0.0007, 0.000050
2219, -19.7045, 0.0008, 0.000050
2220, -19.1860, 0.0010, 0.000050
2221, -18.2955, 0.0047, 0.000050
2222, -20.8182, 0.0012, 0.000050
2223, -15.8636, 0.0009, 0.000050
2224, -14.9091, 0.0127, 0.000050
2225, -15.1818, 0.0012, 0.000050
2226, -23.8409, 0.0008, 0.000050
2227, -19.0682, 0.0008, 0.000050
2228, -15.4318, 0.0007, 0.000050
2229, -19.9318, 0.0015, 0.000050
2230, -18.5909, 0.0022, 0.000050
2231, -21.1667, 0.0018, 0.000050
2232, -17.9773, 0.0008, 0.000050
2233, -19.6136, 0.0016, 0.000050
2234, -17.4545, 0.0008, 0.000050
2235, -18.5682, 0.0032, 0.000050
2236, -23.0682, 0.0008, 0.000050
2237, -16.7045, 0.0007, 0.000050
2238, -21.7727, 0.0020, 0.000050
2239, -15.4773, 0.0007, 0.000050
2240, -19.7273, 0.0026, 0.000050
2241, -16.2955, 0.0009, 0.000050
2242, -18.5909, 0.0012, 0.000050
2243, -20.8636, 0.0009, 0.000050
2244, -18.2045, 0.0035, 0.000050
2245, -20.7500, 0.0123, 0.000050
2246, -19.5909, 0.0009, 0.000050
2247, -19.5909, 0.0011, 0.000050
2248, -22.1136, 0.0011, 0.000050
2249, -16.4545, 0.0030, 0.000050
2250, -18.2045, 0.0008, 0.000050
2251, -18.6364, 0.0009, 0.000050
2252, -20.2727, 0.0015, 0.000050
2253, -17.9545, 0.0020, 0.000050
2254, -19.5000, 0.0013, 0.000050
2255, -16.1591, 0.0008, 0.000050
2256, -19.3864, 0.0025, 0.000050
2257, -15.2727, 0.0007, 0.000050
2258, -18.4318, 0.0042, 0.000050
2259, -20.2955, 0.0011, 0.000050
2260, -19.6136, 0.0013, 0.000050
2261, -20.9286, 0.0121, 0.000050
2262, -19.7955, 0.0040, 0.000050
2263, -18.3488, 0.0007, 0.000050
2264, -15.2727, 0.0005, 0.000050
2265, -18.5682, 0.0015, 0.000050
2266, -18.6364, 0.0015, 0.000050
2267, -19.3864, 0.0010, 0.000050
2268, -17.7273, 0.0017, 0.000050
2269, -18.5909, 0.0040, 0.000050
2270, -21.2500, 0.0027, 0.000050
2271, -18.4091, 0.0007, 0.000050
2272, -19.2558, 0.0008, 0.000050
2273, -21.6136, 0.0008, 0.000050
2274, -20.7955, 0.0012, 0.000050
2275, -19.6818, 0.0014, 0.000050
2276, -16.8333, 0.0009, 0.000050
2277, -18.6591, 0.0010, 0.000050
2278, -24.7955, 0.0008, 0.000050
2279, -18.8372, 0.0065, 0.000050
2280, -14.6818, 0.0009, 0.000050
2281, -17.2045, 0.0008, 0.000050
2282, -22.0227, 0.0014, 0.000050
2283, -19.8636, 0.0012, 0.000050
2284, -22.1818, 0.0020, 0.000050
2285, -19.2619, 0.0007, 0.000050
2286, -15.4773, 0.0008, 0.000050
2287, -17.2273, 0.0019, 0.000050
2288, -16.1591, 0.0008, 0.000050
2289, -19.7045, 0.0012, 0.000050
2290, -18.3864, 0.0020, 0.000050
2291, -16.4773, 0.0007, 0.000050
2292, -15.2273, 0.0008, 0.000050
2293, -20.3636, 0.0012, 0.000050
2294, -18.6591, 0.0020, 0.000050
2295, -18.9091, 0.0011, 0.000050
2296, -19.7500, 0.0129, 0.000050
2297, -14.6591, 0.0009, 0.000050
2298, -20.6818, 0.0017, 0.000050
2299, -17.7273, 0.0059, 0.000050
2300, -16.0909, 0.0006, 0.000050
2301, -12.1591, 0.0009, 0.000050
2302, -18.5909, 0.0020, 0.000050
2303, -18.7442, 0.0030, 0.000050
2304, -14.5227, 0.0007, 0.000050
2305, -20.3636, 0.0014, 0.000050
2306, -19.5349, 0.0017, 0.000050
2307, -18.9773, 0.0020, 0.000050
2308, -20.4773, 0.0009, 0.000050
2309, -18.1364, 0.0010, 0.000050
2310, -16.4773, 0.0006, 0.000050
2311, -16.5952, 0.0007, 0.000050
2312, -18.1818, 0.0027, 0.000050
2313, -23.0227, 0.0017, 0.000050
2314, -16.5227, 0.0006, 0.000050
2315, -20.7857, 0.0012, 0.000050
2316, -16.8182, 0.0120, 0.000050
2317, -14.6136, 0.0017, 0.000050
2318, -22.7273, 0.0011, 0.000050
2319, -17.2955, 0.0010, 0.000050
2320, -22.4091, 0.0009, 0.000050
2321, -18.6905, 0.0018, 0.000050
2322, -20.6512, 0.0020, 0.000050
2323, -21.9091, 0.0012, 0.000050
2324, -17.6136, 0.0007, 0.000050
2325, -20.0000, 0.0033, 0.000050
2326, -17.7955, 0.0012, 0.000050
2327, -18.9773, 0.0007, 0.000050
2328, -16.4773, 0.0007, 0.000050
2329, -18.5682, 0.0062, 0.000050
2330, -17.7674, 0.0008, 0.000050
2331, -15.9545, 0.0006, 0.000050
2332, -20.2791, 0.0012, 0.000050
2333, -19.7143, 0.0021, 0.000050
2334, -20.0455, 0.0062, 0.000050
2335, -18.9545, 0.0008, 0.000050
2336, -16.9091, 0.0007, 0.000050
2337, -16.4286, 0.0006, 0.000050
2338, -24.2500, 0.0009, 0.000050
2339, -19.1136, 0.0008, 0.000050
2340, -18.0000, 0.0012, 0.000050
2341, -18.3409, 0.0020, 0.000050
2342, -18.5909, 0.0010, 0.000050
2343, -19.0233, 0.0024, 0.000050
2344, -16.7955, 0.0012, 0.000050
2345, -19.9545, 0.0029, 0.000050
2346, -18.7273, 0.0007, 0.000050
2347, -19.3182, 0.0045, 0.000050
2348, -22.6364, 0.0013, 0.000050
2349, -13.6136, 0.0008, 0.000050
2350, -20.9545, 0.0126, 0.000050
2351, -16.7500, 0.0009, 0.000050
2352, -19.2727, 0.0057, 0.000050
2353, -19.0000, 0.0009, 0.000050
2354, -20.7045, 0.0009, 0.000050
2355, -19.7500, 0.0009, 0.000050
2356, -18.9318, 0.0007, 0.000050
2357, -19.7273, 0.0015, 0.000050
2358, -16.6136, 0.0113, 0.000050
2359, -15.0682, 0.0017, 0.000050
2360, -14.7273, 0.0009, 0.000050
2361, -19.1818, 0.0012, 0.000050
2362, -22.8182, 0.0015, 0.000050
2363, -19.0227, 0.0007, 0.000050
2364, -16.8182, 0.0021, 0.000050
2365, -15.9318, 0.0006, 0.000050
2366, -13.6591, 0.0008, 0.000050
2367, -17.5682, 0.0107, 0.000050
2368, -16.9773, 0.0008, 0.000050
2369, -18.9091, 0.0017, 0.000050
2370, -16.6591, 0.0028, 0.000050
2371, -18.7273, 0.0052, 0.000050
2372, -19.0227, 0.0007, 0.000050
2373, -18.7045, 0.0009, 0.000050
2374, -18.2727, 0.0007, 0.000050
2375, -23.2857, 0.0023, 0.000050
2376, -16.4773, 0.0006, 0.000050
2377, -15.0455, 0.0006, 0.000050
2378, -17.9545, 0.0008, 0.000050
2379, -19.6818, 0.0012, 0.000050
2380, -19.0682, 0.0030, 0.000050
2381, -15.5909, 0.0007, 0.000050
2382, -19.1364, 0.0011, 0.000050
2383, -15.9091, 0.0007, 0.000050
2384, -21.7045, 0.0060, 0.000050
2385, -17.6136, 0.0007, 0.000050
2386, -16.8182, 0.0006, 0.000050
2387, -19.7273, 0.0012, 0.000050
2388, -21.4318, 0.0020, 0.000050
2389, -18.7045, 0.0007, 0.000050
2390, -19.0227, 0.0014, 0.000050
2391, -17.3182, 0.0010, 0.000050
2392, -16.2955, 0.0017, 0.000050
2393, -17.0227, 0.0024, 0.000050
2394, -17.8182, 0.0011, 0.000050
2395, -19.7045, 0.0062, 0.000050
2396, -15.4773, 0.0007, 0.000050
2397, -17.0909, 0.0113, 0.000050
2398, -17.8864, 0.0010, 0.000050
2399, -18.1818, 0.0020, 0.000050
2400, -20.1818, 0.0021, 0.000050
2401, -15.6591, 0.0007, 0.000050
2402, -19.1364, 0.0018, 0.000050
2403, -17.4545, 0.0030, 0.000050
2404, -25.1818, 0.0016, 0.000050
2405, -18.2045, 0.0009, 0.000050
2406, -17.8409, 0.0006, 0.000050
2407, -21.2955, 0.0011, 0.000050
2408, -15.4773, 0.0009, 0.000050
2409, -19.1364, 0.0013, 0.000050
2410, -22.0455, 0.0014, 0.000050
2411, -18.6136, 0.0056, 0.000050
2412, -17.4773, 0.0009, 0.000050
2413, -18.5909, 0.0012, 0.000050
2414, -18.9048, 0.0009, 0.000050
2415, -20.1364, 0.0012, 0.000050
2416, -16.9773, 0.0009, 0.000050
2417, -20.0682, 0.0130, 0.000050
2418, -18.4318, 0.0027, 0.000050
2419, -17.5909, 0.0007, 0.000050
2420, -21.1136, 0.0010, 0.000050
2421, -21.8605, 0.0010, 0.000050
2422, -16.1591, 0.0008, 0.000050
2423, -21.7500, 0.0010, 0.000050
2424, -14.4091, 0.0008, 0.000050
2425, -19.2045, 0.0007, 0.000050
2426, -15.7727, 0.0120, 0.000050
2427, -19.7727, 0.0012, 0.000050
2428, -15.9091, 0.0009, 0.000050
2429, -16.2955, 0.0039, 0.000050
2430, -17.7500, 0.0007, 0.000050
2431, -16.3864, 0.0007, 0.000050
2432, -17.2045, 0.0008, 0.000050
2433, -16.3182, 0.0007, 0.000050
2434, -21.1591, 0.0012, 0.000050
2435, -14.2273, 0.0007, 0.000050
2436, -16.2500, 0.0007, 0.000050
2437, -16.0000, 0.0041, 0.000050
2438, -16.8182, 0.0056, 0.000050
2439, -19.5000, 0.0011, 0.000050
2440, -21.4773, 0.0011, 0.000050
2441, -14.6818, 0.0010, 0.000050
2442, -21.3256, 0.0015, 0.000050
2443, -17.7955, 0.0026, 0.000050
2444, -20.2955, 0.0007, 0.000050
2445, -17.7955, 0.0026, 0.000050
2446, -20.0682, 0.0027, 0.000050
2447, -20.0000, 0.0012, 0.000050
2448, -21.0000, 0.0013, 0.000050
2449, -18.9091, 0.0011, 0.000050
2450, -14.9318, 0.0006, 0.000050
2451, -18.3409, 0.0011, 0.000050
2452, -19.5909, 0.0008, 0.000050
2453, -19.5000, 0.0009, 0.000050
2454, -17.6591, 0.0044, 0.000050
2455, -17.2500, 0.0023, 0.000050
2456, -17.5682, 0.0009, 0.000050
2457, -15.8636, 0.0009, 0.000050
2458, -16.3182, 0.0009, 0.000050
2459, -15.2045, 0.0006, 0.000050
2460, -19.7955, 0.0011, 0.000050
2461, -19.4545, 0.0009, 0.000050
2462, -19.4545, 0.0017, 0.000050
2463, -16.6512, 0.0012, 0.000050
2464, -19.2045, 0.0008, 0.000050
2465, -13.0455, 0.0008, 0.000050
2466, -19.8864, 0.0016, 0.000050
2467, -17.6818, 0.0008, 0.000050
2468, -18.7045, 0.0007, 0.000050
2469, -18.1591, 0.0014, 0.000050
2470, -20.7045, 0.0027, 0.000050
2471, -18.3409, 0.0030, 0.000050
2472, -17.7955, 0.0035, 0.000050
2473, -15.2500, 0.0010, 0.000050
2474, -18.5952, 0.0009, 0.000050
2475, -13.5455, 0.0008, 0.000050
2476, -14.3409, 0.0007, 0.000050
2477, -16.2045, 0.0126, 0.000050
2478, -20.7045, 0.0007, 0.000050
2479, -17.0227, 0.0019, 0.000050
2480, -25.5227, 0.0007, 0.000050
2481, -18.5000, 0.0018, 0.000050
2482, -17.2791, 0.0008, 0.000050
2483, -16.8636, 0.0007, 0.000050
2484, -18.7381, 0.0008, 0.000050
2485, -20.5000, 0.0011, 0.000050
2486, -16.0455, 0.0009, 0.000050
2487, -13.3409, 0.0009, 0.000050
2488, -15.5455, 0.0009, 0.000050
2489, -17.6136, 0.0043, 0.000050
2490, -16.4762, 0.0010, 0.000050
2491, -13.6818, 0.0007, 0.000050
2492, -16.4318, 0.0012, 0.000050
2493, -17.2727, 0.0062, 0.000050
2494, -16.4545, 0.0009, 0.000050
2495, -16.3182, 0.0007, 0.000050
2496, -22.9545, 0.0012, 0.000050
2497, -21.9773, 0.0013, 0.000050
2498, -20.7442, 0.0124, 0.000050
2499, -18.3409, 0.0007, 0.000050
2500, -18.6591, 0.0017, 0.000050
2501, -14.5909, 0.0009, 0.000050
2502, -16.3636, 0.0009, 0.000050
2503, -16.6512, 0.0009, 0.000050
2504, -19.4091, 0.0028, 0.000050
2505, -19.7045, 0.0007, 0.000050
2506, -16.8636, 0.0008, 0.000050
2507, -16.0698, 0.0008, 0.000050
2508, -17.6364, 0.0007, 0.000050
2509, -21.5714, 0.0014, 0.000050
2510, -18.7500, 0.0028, 0.000050
2511, -20.2045, 0.0009, 0.000050
2512, -17.1136, 0.0016, 0.000050
2513, -19.7045, 0.0009, 0.000050
2514, -14.9545, 0.0063, 0.000050
2515, -16.5227, 0.0009, 0.000050
2516, -18.2727, 0.0021, 0.000050
2517, -20.1591, 0.0022, 0.000050
2518, -13.6591, 0.0007, 0.000050
2519, -16.6818, 0.0009, 0.000050
2520, -15.9545, 0.0007, 0.000050
2521, -19.5909, 0.0021, 0.000050
2522, -17.2955, 0.0044, 0.000050
2523, -17.5455, 0.0041, 0.000050
2524, -20.0455, 0.0059, 0.000050
2525, -16.1591, 0.0008, 0.000050
2526, -19.7955, 0.0031, 0.000050
2527, -19.0227, 0.0008, 0.000050
2528, -17.7500, 0.0009, 0.000050
2529, -18.6429, 0.0010, 0.000050
2530, -18.2500, 0.0007, 0.000050
2531, -21.4091, 0.0012, 0.000050
2532, -15.3864, 0.0007, 0.000050
2533, -16.3864, 0.0007, 0.000050
2534, -21.6818, 0.0014, 0.000050
2535, -17.2955, 0.0007, 0.000050
2536, -17.2045, 0.0007, 0.000050
2537, -22.0909, 0.0021, 0.000050
2538, -20.5455, 0.0021, 0.000050
2539, -17.8864, 0.0045, 0.000050
2540, -19.1136, 0.0034, 0.000050
2541, -24.5909, 0.0013, 0.000050
2542, -15.2727, 0.0008, 0.000050
2543, -22.7045, 0.0010, 0.000050
2544, -17.2955, 0.0025, 0.000050
2545, -17.4545, 0.0011, 0.000050
2546, -17.8333, 0.0067, 0.000050
2547, -19.6591, 0.0010, 0.000050
2548, -20.2500, 0.0010, 0.000050
2549, -15.6818, 0.0063, 0.000050
2550, -18.8409, 0.0016, 0.000050
2551, -19.8409, 0.0008, 0.000050
2552, -15.6818, 0.0116, 0.000050
2553, -21.6818, 0.0012, 0.000050
2554, -15.0000, 0.0007, 0.000050
2555, -23.2955, 0.0008, 0.000050
2556, -20.5682, 0.0018, 0.000050
2557, -18.5682, 0.0009, 0.000050
2558, -17.5227, 0.0010, 0.000050
2559, -18.6818, 0.0008, 0.000050
2560, -14.0465, 0.0009, 0.000050
2561, -17.0909, 0.0114, 0.000050
2562, -17.5682, 0.0007, 0.000050
2563, -19.3409, 0.0013, 0.000050
2564, -17.3409, 0.0008, 0.000050
2565, -16.3636, 0.0010, 0.000050
2566, -20.3182, 0.0007, 0.000050
2567, -14.6591, 0.0008, 0.000050
2568, -16.0000, 0.0009, 0.000050
2569, -19.9773, 0.0017, 0.000050
2570, -14.8182, 0.0006, 0.000050
2571, -18.8864, 0.0007, 0.000050
2572, -21.7955, 0.0019, 0.000050
2573, -14.6591, 0.0013, 0.000050
2574, -20.1818, 0.0019, 0.000050
2575, -17.2045, 0.0014, 0.000050
2576, -17.8864, 0.0033, 0.000050
2577, -16.6818, 0.0008, 0.000050
2578, -16.0000, 0.0008, 0.000050
2579, -18.4545, 0.0008, 0.000050
2580, -19.8864, 0.0009, 0.000050
2581, -18.5227, 0.0022, 0.000050
2582, -13.3864, 0.0010, 0.000050
2583, -15.1136, 0.0008, 0.000050
2584, -17.3409, 0.0009, 0.000050
2585, -18.0000, 0.0067, 0.000050
2586, -17.6591, 0.0014, 0.000050
2587, -18.2955, 0.0034, 0.000050
2588, -16.5455, 0.0011, 0.000050
2589, -16.8837, 0.0008, 0.000050
2590, -18.5909, 0.0009, 0.000050
2591, -18.9070, 0.0024, 0.000050
2592, -18.5455, 0.0011, 0.000050
2593, -18.3864, 0.0042, 0.000050
2594, -18.2045, 0.0013, 0.000050
2595, -20.0227, 0.0009, 0.000050
2596, -18.1591, 0.0008, 0.000050
2597, -19.4773, 0.0010, 0.000050
2598, -16.9545, 0.0044, 0.000050
2599, -18.5682, 0.0009, 0.000050
2600, -18.5455, 0.0009, 0.000050
2601, -19.5909, 0.0123, 0.000050
2602, -21.7045, 0.0012, 0.000050
2603, -16.2500, 0.0007, 0.000050
2604, -17.3864, 0.0007, 0.000050
2605, -19.9773, 0.0026, 0.000050
2606, -13.0000, 0.0007, 0.000050
2607, -18.7045, 0.0008, 0.000050
2608, -18.5455, 0.0013, 0.000050
2609, -21.7955, 0.0021, 0.000050
2610, -20.3636, 0.0030, 0.000050
2611, -18.8140, 0.0008, 0.000050
2612, -20.9545, 0.0008, 0.000050
2613, -18.1818, 0.0009, 0.000050
2614, -17.9773, 0.0045, 0.000050
2615, -16.1136, 0.0009, 0.000050
2616, -19.8182, 0.0016, 0.000050
2617, -14.4091, 0.0008, 0.000050
2618, -19.2500, 0.0008, 0.000050
2619, -16.7273, 0.0009, 0.000050
2620, -18.0682, 0.0008, 0.000050
2621, -15.9318, 0.0007, 0.000050
2622, -16.7045, 0.0065, 0.000050
2623, -17.9545, 0.0009, 0.000050
2624, -15.0000, 0.0012, 0.000050
2625, -18.6364, 0.0009, 0.000050
2626, -14.8864, 0.0009, 0.000050
2627, -20.4884, 0.0010, 0.000050
2628, -22.6591, 0.0010, 0.000050
2629, -18.8182, 0.0035, 0.000050
2630, -17.0000, 0.0129, 0.000050
2631, -20.2273, 0.0008, 0.000050
2632, -16.9545, 0.0008, 0.000050
2633, -16.8636, 0.0010, 0.000050
2634, -16.4545, 0.0006, 0.000050
2635, -19.2500, 0.0007, 0.000050
2636, -17.0909, 0.0008, 0.000050
2637, -17.8636, 0.0008, 0.000050
2638, -13.4545, 0.0008, 0.000050
2639, -15.2045, 0.0008, 0.000050
2640, -19.2045, 0.0008, 0.000050
2641, -17.7500, 0.0033, 0.000050
2642, -20.6364, 0.0015, 0.000050
2643, -18.6818, 0.0013, 0.000050
2644, -19.2045, 0.0015, 0.000050
2645, -18.0455, 0.0012, 0.000050
2646, -16.5909, 0.0016, 0.000050
2647, -18.4318, 0.0035, 0.000050
2648, -18.2273, 0.0020, 0.000050
2649, -19.5000, 0.0009, 0.000050
2650, -16.7045, 0.0043, 0.000050
2651, -18.3636, 0.0009, 0.000050
2652, -15.4773, 0.0022, 0.000050
2653, -16.0455, 0.0026, 0.000050
2654, -16.0000, 0.0058, 0.000050
2655, -17.6818, 0.0008, 0.000050
2656, -17.4545, 0.0010, 0.000050
2657, -17.3182, 0.0008, 0.000050
2658, -19.0682, 0.0025, 0.000050
2659, -19.1591, 0.0024, 0.000050
2660, -16.1591, 0.0007, 0.000050
2661, -17.2045, 0.0040, 0.000050
2662, -17.0000, 0.0010, 0.000050
2663, -17.9318, 0.0010, 0.000050
2664, -17.3636, 0.0032, 0.000050
2665, -17.9091, 0.0040, 0.000050
2666, -17.6818, 0.0008, 0.000050
2667, -17.1136, 0.0009, 0.000050
2668, -20.7727, 0.0008, 0.000050
2669, -21.0455, 0.0007, 0.000050
2670, -21.0455, 0.0011, 0.000050
2671, -17.9545, 0.0011, 0.000050
2672, -14.7727, 0.0008, 0.000050
2673, -19.3864, 0.0018, 0.000050
2674, -17.0909, 0.0009, 0.000050
2675, -16.4545, 0.0009, 0.000050
2676, -18.6977, 0.0007, 0.000050
2677, -15.2500, 0.0009, 0.000050
2678, -20.0455, 0.0009, 0.000050
2679, -16.3182, 0.0008, 0.000050
2680, -17.8864, 0.0027, 0.000050
2681, -16.5116, 0.0007, 0.000050
2682, -17.2500, 0.0008, 0.000050
2683, -15.6364, 0.0008, 0.000050
2684, -14.3864, 0.0007, 0.000050
2685, -16.5682, 0.0009, 0.000050
2686, -17.6591, 0.0071, 0.000050
2687, -17.7500, 0.0010, 0.000050
2688, -16.7727, 0.0009, 0.000050
2689, -15.0909, 0.0007, 0.000050
2690, -18.2045, 0.0018, 0.000050
2691, -20.0909, 0.0065, 0.000050
2692, -17.8864, 0.0009, 0.000050
2693, -19.1136, 0.0006, 0.000050
2694, -14.6818, 0.0007, 0.000050
2695, -17.9773, 0.0018, 0.000050
2696, -17.0455, 0.0008, 0.000050
2697, -19.8636, 0.0030, 0.000050
2698, -20.4091, 0.0036, 0.000050
2699, -15.0455, 0.0009, 0.000050
2700, -18.9773, 0.0064, 0.000050
2701, -20.2273, 0.0007, 0.000050
2702, -15.2045, 0.0007, 0.000050
2703, -17.9545, 0.0017, 0.000050
2704, -18.0909, 0.0065, 0.000050
2705, -22.0455, 0.0025, 0.000050
2706, -19.3864, 0.0016, 0.000050
2707, -15.2500, 0.0008, 0.000050
2708, -17.0455, 0.0027, 0.000050
2709, -14.7273, 0.0008, 0.000050
2710, -18.5000, 0.0012, 0.000050
2711, -18.9773, 0.0009, 0.000050
2712, -20.2500, 0.0019, 0.000050
2713, -19.0227, 0.0120, 0.000050
2714, -18.5682, 0.0038, 0.000050
2715, -16.6818, 0.0007, 0.000050
2716, -19.2619, 0.0018, 0.000050
2717, -18.0455, 0.0015, 0.000050
2718, -16.4091, 0.0008, 0.000050
2719, -17.8636, 0.0016, 0.000050
2720, -16.0000, 0.0006, 0.000050
2721, -17.9773, 0.0006, 0.000050
2722, -19.0930, 0.0011, 0.000050
2723, -17.5000, 0.0007, 0.000050
2724, -16.3409, 0.0007, 0.000050
2725, -16.2727, 0.0009, 0.000050
2726, -17.3182, 0.0008, 0.000050
2727, -17.5000, 0.0007, 0.000050
2728, -16.2273, 0.0008, 0.000050
2729, -21.9318, 0.0017, 0.000050
2730, -20.6667, 0.0025, 0.000050
2731, -18.4091, 0.0025, 0.000050
2732, -16.2727, 0.0120, 0.000050
2733, -18.9773, 0.0057, 0.000050
2734, -14.7273, 0.0006, 0.000050
2735, -20.5227, 0.0022, 0.000050
2736, -17.6136, 0.0020, 0.000050
2737, -16.5909, 0.0012, 0.000050
2738, -18.3182, 0.0008, 0.000050
2739, -18.6591, 0.0106, 0.000050
2740, -18.7273, 0.0017, 0.000050
2741, -20.0909, 0.0014, 0.000050
2742, -19.1136, 0.0024, 0.000050
2743, -16.0000, 0.0007, 0.000050
2744, -17.0000, 0.0007, 0.000050
2745, -16.4318, 0.0008, 0.000050
2746, -14.6818, 0.0006, 0.000050
2747, -17.9773, 0.0007, 0.000050
2748, -18.0682, 0.0020, 0.000050
2749, -17.2955, 0.0038, 0.000050
2750, -22.0455, 0.0008, 0.000050
2751, -21.4545, 0.0017, 0.000050
2752, -18.1818, 0.0007, 0.000050
2753, -18.2273, 0.0012, 0.000050
2754, -17.2273, 0.0108, 0.000050
2755, -14.2727, 0.0008, 0.000050
2756, -17.2045, 0.0008, 0.000050
2757, -16.6591, 0.0009, 0.000050
2758, -17.0465, 0.0007, 0.000050
2759, -22.6047, 0.0009, 0.000050
2760, -16.6977, 0.0010, 0.000050
2761, -19.9318, 0.0009, 0.000050
2762, -16.3409, 0.0008, 0.000050
2763, -15.7273, 0.0010, 0.000050
2764, -20.4773, 0.0014, 0.000050
2765, -15.2500, 0.0039, 0.000050
2766, -15.0000, 0.0006, 0.000050
2767, -14.5455, 0.0008, 0.000050
2768, -17.3864, 0.0007, 0.000050
2769, -17.2500, 0.0007, 0.000050
2770, -15.4545, 0.0008, 0.000050
2771, -19.2273, 0.0014, 0.000050
2772, -17.6591, 0.0010, 0.000050
2773, -17.9773, 0.0006, 0.000050
2774, -14.8864, 0.0006, 0.000050
2775, -17.0000, 0.0011, 0.000050
2776, -20.2045, 0.0016, 0.000050
2777, -17.7500, 0.0009, 0.000050
2778, -16.2045, 0.0009, 0.000050
2779, -17.5227, 0.0007, 0.000050
2780, -17.7143, 0.0010, 0.000050
2781, -16.5227, 0.0008, 0.000050
2782, -17.8409, 0.0013, 0.000050
2783, -19.7273, 0.0013, 0.000050
2784, -16.1136, 0.0009, 0.000050
2785, -19.4318, 0.0018, 0.000050
2786, -14.4773, 0.0007, 0.000050
2787, -24.7273, 0.0012, 0.000050
2788, -16.1364, 0.0007, 0.000050
2789, -17.6818, 0.0133, 0.000050
2790, -17.9545, 0.0014, 0.000050
2791, -18.2727, 0.0016, 0.000050
2792, -21.5227, 0.0008, 0.000050
2793, -21.5000, 0.0008, 0.000050
2794, -17.0682, 0.0007, 0.000050
2795, -16.9773, 0.0010, 0.000050
2796, -18.0000, 0.0008, 0.000050
2797, -20.8636, 0.0028, 0.000050
2798, -15.1818, 0.0008, 0.000050
2799, -16.4545, 0.0008, 0.000050
2800, -18.5227, 0.0008, 0.000050
2801, -16.2273, 0.0034, 0.000050
2802, -16.6591, 0.0006, 0.000050
2803, -16.6744, 0.0008, 0.000050
2804, -19.9545, 0.0016, 0.000050
2805, -19.5909, 0.0036, 0.000050
2806, -15.8636, 0.0008, 0.000050
2807, -17.5455, 0.0010, 0.000050
2808, -20.2273, 0.0014, 0.000050
2809, -17.7727, 0.0010, 0.000050
2810, -18.8636, 0.0025, 0.000050
2811, -16.1628, 0.0125, 0.000050
2812, -15.8182, 0.0007, 0.000050
2813, -16.5455, 0.0010, 0.000050
2814, -16.0455, 0.0010, 0.000050
2815, -19.2500, 0.0023, 0.000050
2816, -15.5909, 0.0031, 0.000050
2817, -16.4545, 0.0008, 0.000050
2818, -19.0000, 0.0008, 0.000050
2819, -15.1591, 0.0010, 0.000050
2820, -19.0909, 0.0010, 0.000050
2821, -15.5000, 0.0007, 0.000050
2822, -18.7727, 0.0024, 0.000050
2823, -16.8409, 0.0033, 0.000050
2824, -20.8605, 0.0016, 0.000050
2825, -17.4773, 0.0020, 0.000050
2826, -19.3864, 0.0008, 0.000050
2827, -18.7955, 0.0011, 0.000050
2828, -16.7273, 0.0033, 0.000050
2829, -17.2727, 0.0118, 0.000050
2830, -17.8409, 0.0008, 0.000050
2831, -16.7045, 0.0011, 0.000050
2832, -22.5909, 0.0031, 0.000050
2833, -18.6364, 0.0008, 0.000050
2834, -20.7955, 0.0008, 0.000050
2835, -20.0682, 0.0109, 0.000050
2836, -20.9318, 0.0010, 0.000050
2837, -15.2045, 0.0007, 0.000050
2838, -15.3864, 0.0007, 0.000050
2839, -20.2727, 0.0102, 0.000050
2840, -17.9773, 0.0014, 0.000050
2841, -16.5909, 0.0006, 0.000050
2842, -22.4318, 0.0039, 0.000050
2843, -16.7500, 0.0006, 0.000050
2844, -18.3864, 0.0007, 0.000050
2845, -17.3864, 0.0007, 0.000050
2846, -18.7500, 0.0008, 0.000050
2847, -15.3409, 0.0006, 0.000050
2848, -20.4773, 0.0012, 0.000050
2849, -13.5682, 0.0005, 0.000050
2850, -17.7045, 0.0007, 0.000050
2851, -20.1818, 0.0011, 0.000050
2852, -16.0455, 0.0023, 0.000050
2853, -21.1591, 0.0015, 0.000050
2854, -20.3636, 0.0017, 0.000050
2855, -18.4091, 0.0111, 0.000050
2856, -17.6905, 0.0006, 0.000050
2857, -20.8636, 0.0009, 0.000050
2858, -17.5909, 0.0015, 0.000050
2859, -17.9773, 0.0024, 0.000050
2860, -20.0909, 0.0007, 0.000050
2861, -18.2273, 0.0017, 0.000050
2862, -20.5227, 0.0038, 0.000050
2863, -20.7045, 0.0008, 0.000050
2864, -17.5455, 0.0008, 0.000050
2865, -15.9545, 0.0056, 0.000050
2866, -18.1364, 0.0021, 0.000050
2867, -17.4318, 0.0007, 0.000050
2868, -16.1818, 0.0008, 0.000050
2869, -17.9545, 0.0008, 0.000050
2870, -16.6364, 0.0007, 0.000050
2871, -21.2955, 0.0011, 0.000050
2872, -17.6591, 0.0022, 0.000050
2873, -18.2273, 0.0025, 0.000050
2874, -19.3182, 0.0017, 0.000050
2875, -19.2093, 0.0008, 0.000050
2876, -17.8182, 0.0007, 0.000050
2877, -20.9048, 0.0010, 0.000050
2878, -20.1591, 0.0025, 0.000050
2879, -21.6818, 0.0009, 0.000050
2880, -22.0682, 0.0062, 0.000050
2881, -14.8182, 0.0008, 0.000050
2882, -16.8409, 0.0032, 0.000050
2883, -15.9773, 0.0008, 0.000050
2884, -16.5682, 0.0008, 0.000050
2885, -19.2045, 0.0017, 0.000050
2886, -14.2273, 0.0008, 0.000050
2887, -16.8409, 0.0006, 0.000050
2888, -17.4773, 0.0116, 0.000050
2889, -19.1591, 0.0009, 0.000050
2890, -16.5455, 0.0009, 0.000050
2891, -16.1818, 0.0106, 0.000050
2892, -15.2273, 0.0009, 0.000050
2893, -17.6364, 0.0008, 0.000050
2894, -18.5227, 0.0025, 0.000050
2895, -14.5227, 0.0006, 0.000050
2896, -20.9545, 0.0028, 0.000050
2897, -16.2273, 0.0007, 0.000050
2898, -16.4091, 0.0006, 0.000050
2899, -17.3182, 0.0031, 0.000050
2900, -18.5000, 0.0008, 0.000050
2901, -16.2273, 0.0005, 0.000050
2902, -16.3721, 0.0009, 0.000050
2903, -16.0909, 0.0007, 0.000050
2904, -18.4773, 0.0007, 0.000050
2905, -17.0455, 0.0025, 0.000050
2906, -17.0909, 0.0007, 0.000050
2907, -20.4186, 0.0032, 0.000050
2908, -15.0227, 0.0007, 0.000050
2909, -18.3864, 0.0018, 0.000050
2910, -21.4773, 0.0033, 0.000050
2911, -15.6818, 0.0010, 0.000050
2912, -17.6591, 0.0007, 0.000050
2913, -18.7500, 0.0015, 0.000050
2914, -22.5349, 0.0018, 0.000050
2915, -14.5455, 0.0008, 0.000050
2916, -18.4545, 0.0006, 0.000050
2917, -18.2500, 0.0008, 0.000050
2918, -18.3810, 0.0008, 0.000050
2919, -17.9773, 0.0120, 0.000050
2920, -18.8864, 0.0016, 0.000050
2921, -17.0909, 0.0007, 0.000050
2922, -18.1818, 0.0007, 0.000050
2923, -16.7500, 0.0007, 0.000050
2924, -18.2045, 0.0045, 0.000050
2925, -21.6818, 0.0012, 0.000050
2926, -17.8409, 0.0008, 0.000050
2927, -14.2500, 0.0009, 0.000050
2928, -17.2955, 0.0063, 0.000050
2929, -18.4091, 0.0007, 0.000050
2930, -20.3864, 0.0011, 0.000050
2931, -18.1860, 0.0008, 0.000050
2932, -19.4318, 0.0020, 0.000050
2933, -19.5227, 0.0008, 0.000050
2934, -15.3721, 0.0008, 0.000050
2935, -15.4545, 0.0009, 0.000050
2936, -17.6136, 0.0007, 0.000050
2937, -15.4545, 0.0008, 0.000050
2938, -22.8636, 0.0015, 0.000050
2939, -16.9545, 0.0007, 0.000050
2940, -18.0227, 0.0050, 0.000050
2941, -15.8409, 0.0008, 0.000050
2942, -18.0227, 0.0016, 0.000050
2943, -20.4091, 0.0017, 0.000050
2944, -17.0000, 0.0007, 0.000050
2945, -15.1364, 0.0008, 0.000050
2946, -19.8182, 0.0012, 0.000050
2947, -16.0682, 0.0009, 0.000050
2948, -20.1818, 0.0134, 0.000050
2949, -18.4091, 0.0010, 0.000050
2950, -16.2273, 0.0008, 0.000050
2951, -17.0227, 0.0008, 0.000050
2952, -16.8182, 0.0008, 0.000050
2953, -17.8636, 0.0037, 0.000050
2954, -20.2727, 0.0008, 0.000050
2955, -18.4545, 0.0023, 0.000050
2956, -17.1136, 0.0007, 0.000050
2957, -19.8409, 0.0010, 0.000050
2958, -20.2500, 0.0016, 0.000050
2959, -20.6818, 0.0010, 0.000050
2960, -17.4318, 0.0008, 0.000050
2961, -17.9318, 0.0021, 0.000050
2962, -16.7955, 0.0012, 0.000050
2963, -20.2045, 0.0050, 0.000050
2964, -16.7955, 0.0008, 0.000050
2965, -22.2045, 0.0013, 0.000050
2966, -17.4773, 0.0011, 0.000050
2967, -20.3182, 0.0020, 0.000050
2968, -20.2045, 0.0137, 0.000050
2969, -17.7273, 0.0009, 0.000050
2970, -17.1818, 0.0023, 0.000050
2971, -19.8636, 0.0046, 0.000050
2972, -20.0909, 0.0034, 0.000050
2973, -20.7273, 0.0009, 0.000050
2974, -20.9545, 0.0017, 0.000050
2975, -18.2955, 0.0010, 0.000050
2976, -18.1818, 0.0010, 0.000050
2977, -21.2727, 0.0030, 0.000050
2978, -20.2500, 0.0010, 0.000050
2979, -18.5227, 0.0007, 0.000050
2980, -15.2045, 0.0008, 0.000050
2981, -16.1818, 0.0010, 0.000050
2982, -18.9318, 0.0010, 0.000050
2983, -20.6136, 0.0131, 0.000050
2984, -19.7727, 0.0044, 0.000050
2985, -16.5000, 0.0008, 0.000050
2986, -18.6818, 0.0061, 0.000050
2987, -19.0000, 0.0008, 0.000050
2988, -18.7442, 0.0049, 0.000050
2989, -22.9773, 0.0009, 0.000050
2990, -21.8810, 0.0021, 0.000050
2991, -14.7727, 0.0009, 0.000050
2992, -20.0000, 0.0014, 0.000050
2993, -18.3864, 0.0009, 0.000050
2994, -17.7500, 0.0027, 0.000050
2995, -17.2045, 0.0026, 0.000050
2996, -16.3864, 0.0008, 0.000050
2997, -16.9318, 0.0020, 0.000050
2998, -15.2955, 0.0008, 0.000050
2999, -17.8409, 0.0009, 0.000050
3000, -18.1591, 0.0009, 0.000050
3001, -15.1136, 0.0009, 0.000050
3002, -15.6047, 0.0007, 0.000050
3003, -20.9091, 0.0013, 0.000050
3004, -18.9545, 0.0009, 0.000050
3005, -15.2955, 0.0010, 0.000050
3006, -18.0000, 0.0044, 0.000050
3007, -15.2955, 0.0008, 0.000050
3008, -15.3636, 0.0007, 0.000050
3009, -17.4545, 0.0034, 0.000050
3010, -15.0682, 0.0006, 0.000050
3011, -13.3636, 0.0014, 0.000050
3012, -18.6136, 0.0014, 0.000050
3013, -19.6279, 0.0007, 0.000050
3014, -18.7273, 0.0022, 0.000050
3015, -17.2727, 0.0016, 0.000050
3016, -19.1364, 0.0008, 0.000050
3017, -19.2955, 0.0013, 0.000050
3018, -19.1364, 0.0010, 0.000050
3019, -20.5227, 0.0023, 0.000050
3020, -19.5682, 0.0025, 0.000050
3021, -16.1818, 0.0035, 0.000050
3022, -18.2727, 0.0009, 0.000050
3023, -17.6818, 0.0033, 0.000050
3024, -16.4773, 0.0010, 0.000050
3025, -17.9773, 0.0008, 0.000050
3026, -21.5682, 0.0018, 0.000050
3027, -17.1860, 0.0027, 0.000050
3028, -17.9545, 0.0018, 0.000050
3029, -18.2955, 0.0012, 0.000050
3030, -16.1136, 0.0010, 0.000050
3031, -15.7273, 0.0009, 0.000050
3032, -17.5682, 0.0008, 0.000050
3033, -16.5000, 0.0007, 0.000050
3034, -18.0000, 0.0008, 0.000050
3035, -18.8182, 0.0022, 0.000050
3036, -17.7727, 0.0045, 0.000050
3037, -16.5909, 0.0009, 0.000050
3038, -19.0227, 0.0008, 0.000050
3039, -16.6364, 0.0009, 0.000050
3040, -17.3095, 0.0009, 0.000050
3041, -20.1364, 0.0008, 0.000050
3042, -14.7045, 0.0007, 0.000050
3043, -19.8636, 0.0037, 0.000050
3044, -17.6136, 0.0034, 0.000050
3045, -19.3409, 0.0010, 0.000050
3046, -21.2500, 0.0044, 0.000050
3047, -17.4318, 0.0008, 0.000050
3048, -17.4773, 0.0017, 0.000050
3049, -16.0000, 0.0008, 0.000050
3050, -20.3636, 0.0023, 0.000050
3051, -21.1136, 0.0011, 0.000050
3052, -17.9091, 0.0007, 0.000050
3053, -18.9318, 0.0014, 0.000050
3054, -15.0909, 0.0008, 0.000050
3055, -16.7500, 0.0011, 0.000050
3056, -20.7273, 0.0008, 0.000050
3057, -20.0682, 0.0010, 0.000050
3058, -20.6364, 0.0031, 0.000050
3059, -21.6136, 0.0137, 0.000050
3060, -16.5227, 0.0008, 0.000050
3061, -16.3636, 0.0010, 0.000050
3062, -16.9773, 0.0009, 0.000050
3063, -17.6364, 0.0010, 0.000050
3064, -17.7727, 0.0010, 0.000050
3065, -14.5000, 0.0008, 0.000050
3066, -12.5227, 0.0008, 0.000050
3067, -16.8409, 0.0008, 0.000050
3068, -15.0227, 0.0008, 0.000050
3069, -17.0000, 0.0123, 0.000050
3070, -19.4773, 0.0025, 0.000050
3071, -15.3409, 0.0018, 0.000050
3072, -13.7500, 0.0010, 0.000050
3073, -15.9091, 0.0058, 0.000050
3074, -16.0909, 0.0008, 0.000050
3075, -18.9773, 0.0105, 0.000050
3076, -15.7045, 0.0006, 0.000050
3077, -18.6136, 0.0052, 0.000050
3078, -15.0455, 0.0006, 0.000050
3079, -16.0227, 0.0007, 0.000050
3080, -19.1395, 0.0015, 0.000050
3081, -16.6818, 0.0008, 0.000050
3082, -17.5909, 0.0102, 0.000050
3083, -17.2045, 0.0009, 0.000050
3084, -19.0227, 0.0016, 0.000050
3085, -18.0000, 0.0008, 0.000050
3086, -15.7045, 0.0005, 0.000050
3087, -18.3182, 0.0007, 0.000050
3088, -15.4318, 0.0007, 0.000050
3089, -16.5227, 0.0006, 0.000050
3090, -18.4773, 0.0007, 0.000050
3091, -22.8409, 0.0030, 0.000050
3092, -18.4091, 0.0008, 0.000050
3093, -19.9535, 0.0104, 0.000050
3094, -16.7955, 0.0007, 0.000050
3095, -15.5000, 0.0008, 0.000050
3096, -15.6364, 0.0034, 0.000050
3097, -19.1136, 0.0006, 0.000050
3098, -19.4091, 0.0007, 0.000050
3099, -16.8636, 0.0006, 0.000050
3100, -19.1364, 0.0027, 0.000050
3101, -19.1591, 0.0007, 0.000050
3102, -19.4318, 0.0008, 0.000050
3103, -22.3409, 0.0010, 0.000050
3104, -19.3409, 0.0017, 0.000050
3105, -21.9091, 0.0007, 0.000050
3106, -20.5682, 0.0013, 0.000050
3107, -21.9545, 0.0010, 0.000050
3108, -22.8864, 0.0012, 0.000050
3109, -20.1591, 0.0013, 0.000050
3110, -18.2500, 0.0034, 0.000050
3111, -17.2727, 0.0031, 0.000050
3112, -18.7955, 0.0010, 0.000050
3113, -17.4545, 0.0008, 0.000050
3114, -19.1136, 0.0015, 0.000050
3115, -17.6136, 0.0008, 0.000050
3116, -21.0909, 0.0008, 0.000050
3117, -23.5682, 0.0010, 0.000050
3118, -18.1818, 0.0012, 0.000050
3119, -21.8636, 0.0015, 0.000050
3120, -18.3864, 0.0021, 0.000050
3121, -16.1136, 0.0009, 0.000050
3122, -17.3182, 0.0046, 0.000050
3123, -16.0465, 0.0012, 0.000050
3124, -21.2727, 0.0012, 0.000050
3125, -22.0233, 0.0009, 0.000050
3126, -18.6591, 0.0009, 0.000050
3127, -18.3409, 0.0008, 0.000050
3128, -23.2273, 0.0106, 0.000050
3129, -16.9524, 0.0009, 0.000050
3130, -15.5909, 0.0009, 0.000050
3131, -17.7955, 0.0008, 0.000050
3132, -18.7273, 0.0009, 0.000050
3133, -18.7955, 0.0011, 0.000050
3134, -17.5000, 0.0018, 0.000050
3135, -17.7727, 0.0029, 0.000050
3136, -21.0698, 0.0036, 0.000050
3137, -18.5682, 0.0016, 0.000050
3138, -21.8409, 0.0013, 0.000050
3139, -19.5000, 0.0016, 0.000050
3140, -18.8636, 0.0046, 0.000050
3141, -17.3864, 0.0008, 0.000050
3142, -13.6364, 0.0008, 0.000050
3143, -17.2045, 0.0120, 0.000050
3144, -20.6364, 0.0010, 0.000050
3145, -18.4545, 0.0008, 0.000050
3146, -18.8409, 0.0016, 0.000050
3147, -14.3864, 0.0007, 0.000050
3148, -19.3409, 0.0009, 0.000050
3149, -20.2727, 0.0014, 0.000050
3150, -17.0682, 0.0007, 0.000050
3151, -17.7955, 0.0006, 0.000050
3152, -17.0682, 0.0026, 0.000050
3153, -16.1818, 0.0008, 0.000050
3154, -21.8864, 0.0063, 0.000050
3155, -16.8864, 0.0007, 0.000050
3156, -18.5476, 0.0059, 0.000050
3157, -25.4545, 0.0030, 0.000050
3158, -14.6364, 0.0006, 0.000050
3159, -17.0455, 0.0007, 0.000050
3160, -16.1395, 0.0007, 0.000050
3161, -16.0455, 0.0008, 0.000050
3162, -17.5682, 0.0007, 0.000050
3163, -19.2500, 0.0008, 0.000050
3164, -16.7907, 0.0008, 0.000050
3165, -17.3182, 0.0007, 0.000050
3166, -22.3636, 0.0010, 0.000050
3167, -14.8409, 0.0008, 0.000050
3168, -16.9091, 0.0007, 0.000050
3169, -15.4318, 0.0008, 0.000050
3170, -20.2273, 0.0046, 0.000050
3171, -18.4318, 0.0018, 0.000050
3172, -17.7727, 0.0010, 0.000050
3173, -17.4318, 0.0024, 0.000050
3174, -18.6591, 0.0007, 0.000050
3175, -19.0714, 0.0024, 0.000050
3176, -20.5682, 0.0009, 0.000050
3177, -17.1136, 0.0008, 0.000050
3178, -17.8636, 0.0008, 0.000050
3179, -15.6136, 0.0009, 0.000050
3180, -14.6364, 0.0008, 0.000050
3181, -15.5909, 0.0123, 0.000050
3182, -15.9318, 0.0017, 0.000050
3183, -19.6364, 0.0111, 0.000050
3184, -17.7955, 0.0014, 0.000050
3185, -15.8409, 0.0022, 0.000050
3186, -18.6136, 0.0008, 0.000050
3187, -15.1591, 0.0008, 0.000050
3188, -17.7727, 0.0007, 0.000050
3189, -16.8864, 0.0007, 0.000050
3190, -17.5000, 0.0007, 0.000050
3191, -17.7273, 0.0007, 0.000050
3192, -16.2500, 0.0007, 0.000050
3193, -15.1591, 0.0006, 0.000050
3194, -23.2500, 0.0008, 0.000050
3195, -19.1136, 0.0010, 0.000050
3196, -17.6136, 0.0015, 0.000050
3197, -24.5000, 0.0014, 0.000050
3198, -20.7500, 0.0016, 0.000050
3199, -17.0682, 0.0008, 0.000050
3200, -18.8864, 0.0034, 0.000050
3201, -21.4318, 0.0013, 0.000050
3202, -16.2500, 0.0009, 0.000050
3203, -16.7500, 0.0007, 0.000050
3204, -19.8409, 0.0011, 0.000050
3205, -18.6818, 0.0034, 0.000050
3206, -17.5455, 0.0017, 0.000050
3207, -20.9773, 0.0008, 0.000050
3208, -20.3409, 0.0010, 0.000050
3209, -20.2955, 0.0022, 0.000050
3210, -19.3864, 0.0018, 0.000050
3211, -17.0455, 0.0026, 0.000050
3212, -16.5455, 0.0019, 0.000050
3213, -13.7273, 0.0007, 0.000050
3214, -15.9773, 0.0009, 0.000050
3215, -18.6364, 0.0034, 0.000050
3216, -17.1591, 0.0009, 0.000050
3217, -16.6364, 0.0009, 0.000050
3218, -18.7727, 0.0010, 0.000050
3219, -18.0465, 0.0121, 0.000050
3220, -19.4091, 0.0008, 0.000050
3221, -18.4186, 0.0007, 0.000050
3222, -16.9767, 0.0031, 0.000050
3223, -22.3182, 0.0009, 0.000050
3224, -18.6591, 0.0041, 0.000050
3225, -16.9318, 0.0058, 0.000050
3226, -14.1818, 0.0007, 0.000050
3227, -18.5227, 0.0007, 0.000050
3228, -19.9773, 0.0008, 0.000050
3229, -16.2727, 0.0009, 0.000050
3230, -18.5909, 0.0007, 0.000050
3231, -17.5909, 0.0008, 0.000050
3232, -18.8182, 0.0032, 0.000050
3233, -18.3636, 0.0016, 0.000050
3234, -15.1364, 0.0008, 0.000050
3235, -19.3636, 0.0006, 0.000050
3236, -14.6364, 0.0008, 0.000050
3237, -22.0930, 0.0008, 0.000050
3238, -17.7727, 0.0009, 0.000050
3239, -18.7955, 0.0008, 0.000050
3240, -15.1591, 0.0010, 0.000050
3241, -18.4091, 0.0062, 0.000050
3242, -18.6136, 0.0010, 0.000050
3243, -21.3864, 0.0027, 0.000050
3244, -16.8182, 0.0008, 0.000050
3245, -17.1591, 0.0061, 0.000050
3246, -20.0455, 0.0024, 0.000050
3247, -15.9545, 0.0009, 0.000050
3248, -16.6818, 0.0030, 0.000050
3249, -16.4773, 0.0013, 0.000050
3250, -18.2273, 0.0016, 0.000050
3251, -19.5000, 0.0029, 0.000050
3252, -20.5455, 0.0034, 0.000050
3253, -18.9773, 0.0014, 0.000050
3254, -21.3636, 0.0011, 0.000050
3255, -16.2955, 0.0008, 0.000050
3256, -16.4545, 0.0058, 0.000050
3257, -20.1429, 0.0015, 0.000050
3258, -23.4318, 0.0011, 0.000050
3259, -16.7727, 0.0007, 0.000050
3260, -14.5227, 0.0007, 0.000050
3261, -18.4773, 0.0026, 0.000050
3262, -16.6591, 0.0008, 0.000050
3263, -14.6591, 0.0009, 0.000050
3264, -15.0000, 0.0007, 0.000050
3265, -18.0000, 0.0006, 0.000050
3266, -18.9091, 0.0041, 0.000050
3267, -15.3636, 0.0008, 0.000050
3268, -20.1591, 0.0013, 0.000050
3269, -19.5909, 0.0008, 0.000050
3270, -17.4773, 0.0009, 0.000050
3271, -19.6136, 0.0008, 0.000050
3272, -15.9318, 0.0008, 0.000050
3273, -19.0455, 0.0017, 0.000050
3274, -15.7045, 0.0008, 0.000050
3275, -20.3256, 0.0122, 0.000050
3276, -16.2727, 0.0008, 0.000050
3277, -17.0909, 0.0008, 0.000050
3278, -15.9545, 0.0007, 0.000050
3279, -15.7500, 0.0008, 0.000050
3280, -18.1364, 0.0010, 0.000050
3281, -19.0909, 0.0007, 0.000050
3282, -17.1136, 0.0007, 0.000050
3283, -18.6591, 0.0010, 0.000050
3284, -16.3182, 0.0008, 0.000050
3285, -18.2045, 0.0027, 0.000050
3286, -17.4545, 0.0007, 0.000050
3287, -19.0455, 0.0012, 0.000050
3288, -17.5682, 0.0008, 0.000050
3289, -17.7500, 0.0009, 0.000050
3290, -19.5000, 0.0008, 0.000050
3291, -18.5909, 0.0007, 0.000050
3292, -17.4048, 0.0008, 0.000050
3293, -16.2955, 0.0007, 0.000050
3294, -16.5682, 0.0065, 0.000050
3295, -15.1364, 0.0007, 0.000050
3296, -16.1818, 0.0007, 0.000050
3297, -14.8409, 0.0009, 0.000050
3298, -17.6818, 0.0008, 0.000050
3299, -18.1136, 0.0007, 0.000050
3300, -16.3636, 0.0007, 0.000050
3301, -17.9091, 0.0020, 0.000050
3302, -19.5909, 0.0007, 0.000050
3303, -17.5227, 0.0007, 0.000050
3304, -16.4318, 0.0008, 0.000050
3305, -18.7955, 0.0008, 0.000050
3306, -16.8409, 0.0015, 0.000050
3307, -15.6744, 0.0009, 0.000050
3308, -21.5455, 0.0022, 0.000050
3309, -17.2045, 0.0014, 0.000050
3310, -16.3636, 0.0008, 0.000050
3311, -17.7727, 0.0012, 0.000050
3312, -17.8372, 0.0066, 0.000050
3313, -14.4545, 0.0007, 0.000050
3314, -19.0909, 0.0009, 0.000050
3315, -16.3864, 0.0007, 0.000050
3316, -20.7500, 0.0009, 0.000050
3317, -18.2273, 0.0126, 0.000050
3318, -16.2500, 0.0025, 0.000050
3319, -17.3636, 0.0008, 0.000050
3320, -11.5909, 0.0008, 0.000050
3321, -18.5909, 0.0009, 0.000050
3322, -18.3864, 0.0022, 0.000050
3323, -14.1364, 0.0008, 0.000050
3324, -19.7500, 0.0020, 0.000050
3325, -19.1591, 0.0007, 0.000050
3326, -19.7727, 0.0008, 0.000050
3327, -22.5909, 0.0013, 0.000050
3328, -20.4545, 0.0008, 0.000050
3329, -18.6136, 0.0018, 0.000050
3330, -17.8182, 0.0064, 0.000050
3331, -15.3182, 0.0009, 0.000050
3332, -17.2727, 0.0031, 0.000050
3333, -16.1136, 0.0009, 0.000050
3334, -15.4773, 0.0008, 0.000050
3335, -15.8409, 0.0009, 0.000050
3336, -17.4318, 0.0031, 0.000050
3337, -15.7500, 0.0058, 0.000050
3338, -14.1364, 0.0008, 0.000050
3339, -20.2500, 0.0009, 0.000050
3340, -18.7727, 0.0010, 0.000050
3341, -17.1591, 0.0009, 0.000050
3342, -18.3182, 0.0019, 0.000050
3343, -20.1364, 0.0114, 0.000050
3344, -20.3636, 0.0008, 0.000050
3345, -15.0909, 0.0007, 0.000050
3346, -16.0227, 0.0053, 0.000050
3347, -21.5116, 0.0007, 0.000050
3348, -13.7500, 0.0009, 0.000050
3349, -18.2045, 0.0008, 0.000050
3350, -17.7045, 0.0018, 0.000050
3351, -19.3636, 0.0007, 0.000050
3352, -19.3182, 0.0018, 0.000050
3353, -16.8182, 0.0008, 0.000050
3354, -17.5227, 0.0106, 0.000050
3355, -22.1364, 0.0018, 0.000050
3356, -17.8636, 0.0008, 0.000050
3357, -17.2273, 0.0035, 0.000050
3358, -18.1667, 0.0024, 0.000050
3359, -19.9302, 0.0099, 0.000050
3360, -18.6047, 0.0007, 0.000050
3361, -18.2727, 0.0014, 0.000050
3362, -16.8182, 0.0006, 0.000050
3363, -19.4545, 0.0029, 0.000050
3364, -18.5000, 0.0094, 0.000050
3365, -17.1667, 0.0009, 0.000050
3366, -19.9545, 0.0048, 0.000050
3367, -18.2500, 0.0010, 0.000050
3368, -14.7727, 0.0007, 0.000050
3369, -21.5227, 0.0013, 0.000050
3370, -20.6136, 0.0012, 0.000050
3371, -18.6818, 0.0007, 0.000050
3372, -20.5682, 0.0017, 0.000050
3373, -17.3409, 0.0010, 0.000050
3374, -17.3864, 0.0019, 0.000050
3375, -16.6364, 0.0007, 0.000050
3376, -17.7955, 0.0009, 0.000050
3377, -17.2045, 0.0007, 0.000050
3378, -20.3864, 0.0009, 0.000050
3379, -19.7209, 0.0024, 0.000050
3380, -21.3864, 0.0012, 0.000050
3381, -17.9545, 0.0011, 0.000050
3382, -16.9545, 0.0027, 0.000050
3383, -21.0000, 0.0021, 0.000050
3384, -19.5227, 0.0036, 0.000050
3385, -17.4545, 0.0036, 0.000050
3386, -20.7500, 0.0016, 0.000050
3387, -17.7500, 0.0020, 0.000050
3388, -21.1190, 0.0031, 0.000050
3389, -20.6591, 0.0012, 0.000050
3390, -19.3182, 0.0031, 0.000050
3391, -20.2857, 0.0010, 0.000050
3392, -18.0682, 0.0018, 0.000050
3393, -21.6136, 0.0018, 0.000050
3394, -15.8864, 0.0008, 0.000050
3395, -20.1136, 0.0011, 0.000050
3396, -20.9091, 0.0014, 0.000050
3397, -19.4091, 0.0019, 0.000050
3398, -18.5227, 0.0008, 0.000050
3399, -18.8409, 0.0008, 0.000050
3400, -20.3409, 0.0023, 0.000050
3401, -24.0909, 0.0012, 0.000050
3402, -16.6818, 0.0008, 0.000050
3403, -17.9318, 0.0010, 0.000050
3404, -23.5227, 0.0010, 0.000050
3405, -18.6591, 0.0008, 0.000050
3406, -20.2500, 0.0023, 0.000050
3407, -17.2955, 0.0020, 0.000050
3408, -14.8409, 0.0008, 0.000050
3409, -19.0698, 0.0020, 0.000050
3410, -19.8636, 0.0028, 0.000050
3411, -16.5682, 0.0010, 0.000050
3412, -14.7500, 0.0008, 0.000050
3413, -20.6591, 0.0013, 0.000050
3414, -18.8636, 0.0010, 0.000050
3415, -19.8864, 0.0013, 0.000050
3416, -16.5000, 0.0011, 0.000050
3417, -18.6591, 0.0019, 0.000050
3418, -18.5682, 0.0143, 0.000050
3419, -16.4318, 0.0016, 0.000050
3420, -16.9091, 0.0008, 0.000050
3421, -15.6136, 0.0010, 0.000050
3422, -20.4545, 0.0015, 0.000050
3423, -21.1628, 0.0025, 0.000050
3424, -18.5714, 0.0009, 0.000050
3425, -17.6364, 0.0012, 0.000050
3426, -19.8409, 0.0029, 0.000050
3427, -16.4318, 0.0028, 0.000050
3428, -16.6364, 0.0008, 0.000050
3429, -20.1591, 0.0011, 0.000050
3430, -18.7500, 0.0024, 0.000050
3431, -16.9773, 0.0006, 0.000050
3432, -17.5814, 0.0008, 0.000050
3433, -18.6977, 0.0046, 0.000050
3434, -14.8182, 0.0011, 0.000050
3435, -16.8864, 0.0007, 0.000050
3436, -16.9318, 0.0007, 0.000050
3437, -17.4773, 0.0061, 0.000050
3438, -23.9524, 0.0009, 0.000050
3439, -18.8864, 0.0013, 0.000050
3440, -22.6591, 0.0010, 0.000050
3441, -17.0909, 0.0008, 0.000050
3442, -18.4318, 0.0011, 0.000050
3443, -14.8409, 0.0008, 0.000050
3444, -17.9545, 0.0008, 0.000050
3445, -17.7500, 0.0023, 0.000050
3446, -19.4318, 0.0034, 0.000050
3447, -17.6136, 0.0009, 0.000050
3448, -15.7273, 0.0010, 0.000050
3449, -14.3409, 0.0016, 0.000050
3450, -15.9091, 0.0008, 0.000050
3451, -17.6136, 0.0061, 0.000050
3452, -18.6136, 0.0059, 0.000050
3453, -15.2955, 0.0006, 0.000050
3454, -20.5682, 0.0011, 0.000050
3455, -19.5000, 0.0010, 0.000050
3456, -16.0909, 0.0008, 0.000050
3457, -19.0227, 0.0031, 0.000050
3458, -20.1364, 0.0013, 0.000050
3459, -22.3182, 0.0013, 0.000050
3460, -22.1364, 0.0011, 0.000050
3461, -17.1818, 0.0117, 0.000050
3462, -16.6818, 0.0008, 0.000050
3463, -16.5909, 0.0007, 0.000050
3464, -20.8864, 0.0018, 0.000050
3465, -18.7955, 0.0010, 0.000050
3466, -21.1818, 0.0010, 0.000050
3467, -16.2955, 0.0007, 0.000050
3468, -20.2500, 0.0016, 0.000050
3469, -15.7727, 0.0013, 0.000050
3470, -15.9318, 0.0007, 0.000050
3471, -19.4773, 0.0026, 0.000050
3472, -16.2045, 0.0007, 0.000050
3473, -17.4651, 0.0009, 0.000050
3474, -17.0714, 0.0009, 0.000050
3475, -20.6818, 0.0122, 0.000050
3476, -18.2500, 0.0009, 0.000050
3477, -14.1364, 0.0007, 0.000050
3478, -17.2045, 0.0030, 0.000050
3479, -17.7955, 0.0006, 0.000050
3480, -19.9318, 0.0007, 0.000050
3481, -19.7955, 0.0014, 0.000050
3482, -17.7273, 0.0010, 0.000050
3483, -19.1136, 0.0023, 0.000050
3484, -19.0000, 0.0008, 0.000050
3485, -20.9545, 0.0014, 0.000050
3486, -18.1364, 0.0117, 0.000050
3487, -17.7727, 0.0008, 0.000050
3488, -22.0909, 0.0021, 0.000050
3489, -20.0238, 0.0023, 0.000050
3490, -20.9091, 0.0019, 0.000050
3491, -19.2727, 0.0041, 0.000050
3492, -19.7045, 0.0034, 0.000050
3493, -17.7500, 0.0008, 0.000050
3494, -22.0000, 0.0018, 0.000050
3495, -13.6667, 0.0007, 0.000050
3496, -17.3182, 0.0007, 0.000050
3497, -19.8864, 0.0020, 0.000050
3498, -16.2273, 0.0009, 0.000050
3499, -16.5227, 0.0007, 0.000050
3500, -18.6591, 0.0008, 0.000050
3501, -20.0455, 0.0043, 0.000050
3502, -14.9545, 0.0007, 0.000050
3503, -18.0227, 0.0006, 0.000050
3504, -16.3636, 0.0018, 0.000050
3505, -19.1818, 0.0061, 0.000050
3506, -18.2857, 0.0006, 0.000050
3507, -18.3636, 0.0008, 0.000050
3508, -16.2955, 0.0008, 0.000050
3509, -20.5909, 0.0015, 0.000050
3510, -18.5909, 0.0008, 0.000050
3511, -17.6591, 0.0008, 0.000050
3512, -19.2727, 0.0010, 0.000050
3513, -17.2045, 0.0008, 0.000050
3514, -15.8636, 0.0043, 0.000050
3515, -16.3182, 0.0009, 0.000050
3516, -18.0233, 0.0008, 0.000050
3517, -16.6512, 0.0008, 0.000050
3518, -19.4318, 0.0122, 0.000050
3519, -12.5455, 0.0009, 0.000050
3520, -21.2045, 0.0010, 0.000050
3521, -20.5682, 0.0010, 0.000050
3522, -20.2727, 0.0114, 0.000050
3523, -17.5000, 0.0008, 0.000050
3524, -16.1136, 0.0006, 0.000050
3525, -18.4091, 0.0021, 0.000050
3526, -17.8864, 0.0008, 0.000050
3527, -15.4318, 0.0007, 0.000050
3528, -19.0000, 0.0008, 0.000050
3529, -19.2955, 0.0013, 0.000050
3530, -18.6591, 0.0007, 0.000050
3531, -18.1136, 0.0023, 0.000050
3532, -17.0682, 0.0019, 0.000050
3533, -18.9318, 0.0007, 0.000050
3534, -15.1818, 0.0012, 0.000050
3535, -17.0227, 0.0057, 0.000050
3536, -18.2273, 0.0008, 0.000050
3537, -19.5455, 0.0109, 0.000050
3538, -19.1136, 0.0008, 0.000050
3539, -17.9318, 0.0029, 0.000050
3540, -17.8140, 0.0007, 0.000050
3541, -17.7955, 0.0008, 0.000050
3542, -17.5227, 0.0007, 0.000050
3543, -16.1136, 0.0007, 0.000050
3544, -20.8140, 0.0010, 0.000050
3545, -21.8864, 0.0006, 0.000050
3546, -14.5909, 0.0006, 0.000050
3547, -15.2955, 0.0010, 0.000050
3548, -21.0682, 0.0009, 0.000050
3549, -18.7500, 0.0015, 0.000050
3550, -20.0227, 0.0008, 0.000050
3551, -15.8837, 0.0008, 0.000050
3552, -19.3256, 0.0008, 0.000050
3553, -21.8864, 0.0014, 0.000050
3554, -18.6429, 0.0009, 0.000050
3555, -21.6364, 0.0007, 0.000050
3556, -17.4773, 0.0007, 0.000050
3557, -15.4545, 0.0008, 0.000050
3558, -18.4186, 0.0009, 0.000050
3559, -16.9091, 0.0007, 0.000050
3560, -19.8636, 0.0045, 0.000050
3561, -16.2500, 0.0008, 0.000050
3562, -14.9762, 0.0009, 0.000050
3563, -17.1818, 0.0012, 0.000050
3564, -19.1364, 0.0121, 0.000050
3565, -18.4545, 0.0008, 0.000050
3566, -20.9091, 0.0009, 0.000050
3567, -18.0909, 0.0017, 0.000050
3568, -18.3636, 0.0010, 0.000050
3569, -19.5455, 0.0012, 0.000050
3570, -14.7727, 0.0009, 0.000050
3571, -15.0227, 0.0007, 0.000050
3572, -16.4091, 0.0010, 0.000050
3573, -15.8636, 0.0020, 0.000050
3574, -18.2955, 0.0008, 0.000050
3575, -17.0227, 0.0007, 0.000050
3576, -17.3409, 0.0042, 0.000050
3577, -16.5682, 0.0056, 0.000050
3578, -18.5952, 0.0009, 0.000050
3579, -17.9773, 0.0011, 0.000050
3580, -17.3182, 0.0007, 0.000050
3581, -19.0233, 0.0011, 0.000050
3582, -17.9773, 0.0020, 0.000050
3583, -19.5455, 0.0020, 0.000050
3584, -18.4318, 0.0041, 0.000050
3585, -20.0909, 0.0016, 0.000050
3586, -17.8864, 0.0007, 0.000050
3587, -19.7674, 0.0061, 0.000050
3588, -18.9545, 0.0009, 0.000050
3589, -18.1136, 0.0114, 0.000050
3590, -18.8182, 0.0007, 0.000050
3591, -19.8636, 0.0008, 0.000050
3592, -20.4318, 0.0008, 0.000050
3593, -17.9091, 0.0009, 0.000050
3594, -16.1591, 0.0007, 0.000050
3595, -19.8182, 0.0007, 0.000050
3596, -18.6136, 0.0008, 0.000050
3597, -16.9318, 0.0017, 0.000050
3598, -19.0455, 0.0020, 0.000050
3599, -21.1364, 0.0009, 0.000050
3600, -14.6364, 0.0007, 0.000050
3601, -15.5909, 0.0007, 0.000050
3602, -18.6818, 0.0026, 0.000050
3603, -16.8182, 0.0023, 0.000050
3604, -18.6136, 0.0016, 0.000050
3605, -20.5682, 0.0044, 0.000050
3606, -19.7857, 0.0025, 0.000050
3607, -19.4773, 0.0116, 0.000050
3608, -17.9286, 0.0011, 0.000050
3609, -15.3636, 0.0008, 0.000050
3610, -18.2727, 0.0007, 0.000050
3611, -18.7273, 0.0010, 0.000050
3612, -18.9091, 0.0010, 0.000050
3613, -18.0682, 0.0022, 0.000050
3614, -18.8864, 0.0008, 0.000050
3615, -17.1136, 0.0008, 0.000050
3616, -18.0682, 0.0041, 0.000050
3617, -19.7619, 0.0008, 0.000050
3618, -17.8182, 0.0006, 0.000050
3619, -18.2727, 0.0014, 0.000050
3620, -19.8864, 0.0024, 0.000050
3621, -17.4318, 0.0022, 0.000050
3622, -15.0909, 0.0008, 0.000050
3623, -18.0909, 0.0007, 0.000050
3624, -17.2955, 0.0007, 0.000050
3625, -15.4545, 0.0007, 0.000050
3626, -16.1591, 0.0008, 0.000050
3627, -17.4884, 0.0009, 0.000050
3628, -20.0909, 0.0010, 0.000050
3629, -16.8409, 0.0121, 0.000050
3630, -17.9545, 0.0012, 0.000050
3631, -18.6818, 0.0025, 0.000050
3632, -21.6136, 0.0007, 0.000050
3633, -19.7955, 0.0009, 0.000050
3634, -18.3864, 0.0013, 0.000050
3635, -18.4773, 0.0060, 0.000050
3636, -16.7674, 0.0008, 0.000050
3637, -18.5682, 0.0032, 0.000050
3638, -17.3864, 0.0008, 0.000050
3639, -18.2727, 0.0007, 0.000050
3640, -15.0233, 0.0008, 0.000050
3641, -21.2500, 0.0010, 0.000050
3642, -17.4091, 0.0009, 0.000050
3643, -15.8864, 0.0009, 0.000050
3644, -17.9545, 0.0022, 0.000050
3645, -21.2381, 0.0010, 0.000050
3646, -20.8182, 0.0065, 0.000050
3647, -15.8182, 0.0012, 0.000050
3648, -18.7209, 0.0007, 0.000050
3649, -15.1364, 0.0008, 0.000050
3650, -19.2045, 0.0061, 0.000050
3651, -17.2273, 0.0010, 0.000050
3652, -15.8636, 0.0006, 0.000050
3653, -17.0227, 0.0008, 0.000050
3654, -19.5000, 0.0020, 0.000050
3655, -18.1136, 0.0022, 0.000050
3656, -13.5455, 0.0009, 0.000050
3657, -17.5455, 0.0014, 0.000050
3658, -15.3864, 0.0007, 0.000050
3659, -13.7955, 0.0007, 0.000050
3660, -16.7727, 0.0009, 0.000050
3661, -14.7045, 0.0010, 0.000050
3662, -15.9773, 0.0008, 0.000050
3663, -19.1395, 0.0042, 0.000050
3664, -17.6818, 0.0010, 0.000050
3665, -15.4318, 0.0008, 0.000050
3666, -18.5000, 0.0042, 0.000050
3667, -23.7727, 0.0007, 0.000050
3668, -19.0455, 0.0010, 0.000050
3669, -19.1136, 0.0019, 0.000050
3670, -15.2273, 0.0017, 0.000050
3671, -20.5000, 0.0007, 0.000050
3672, -13.5909, 0.0008, 0.000050
3673, -19.1591, 0.0009, 0.000050
3674, -16.0227, 0.0007, 0.000050
3675, -13.8140, 0.0008, 0.000050
3676, -16.5581, 0.0034, 0.000050
3677, -18.2045, 0.0012, 0.000050
3678, -16.4773, 0.0007, 0.000050
3679, -14.5000, 0.0007, 0.000050
3680, -18.4545, 0.0009, 0.000050
3681, -19.6364, 0.0033, 0.000050
3682, -18.0455, 0.0010, 0.000050
3683, -24.0000, 0.0010, 0.000050
3684, -19.7273, 0.0016, 0.000050
3685, -15.9524, 0.0011, 0.000050
3686, -16.5455, 0.0008, 0.000050
3687, -19.2727, 0.0012, 0.000050
3688, -17.5000, 0.0008, 0.000050
3689, -21.6591, 0.0014, 0.000050
3690, -18.3864, 0.0014, 0.000050
3691, -17.4773, 0.0011, 0.000050
3692, -17.6818, 0.0014, 0.000050
3693, -17.7045, 0.0016, 0.000050
3694, -18.7209, 0.0008, 0.000050
3695, -20.6364, 0.0037, 0.000050
3696, -17.3636, 0.0046, 0.000050
3697, -15.5909, 0.0010, 0.000050
3698, -16.8140, 0.0008, 0.000050
3699, -18.3636, 0.0008, 0.000050
3700, -17.4318, 0.0009, 0.000050
3701, -15.0455, 0.0011, 0.000050
3702, -20.1818, 0.0008, 0.000050
3703, -19.9545, 0.0020, 0.000050
3704, -18.2045, 0.0010, 0.000050
3705, -15.6591, 0.0008, 0.000050
3706, -17.8636, 0.0019, 0.000050
3707, -20.9091, 0.0013, 0.000050
3708, -14.4318, 0.0013, 0.000050
3709, -17.4318, 0.0029, 0.000050
3710, -18.9545, 0.0013, 0.000050
3711, -17.1136, 0.0045, 0.000050
3712, -19.2273, 0.0021, 0.000050
3713, -17.0682, 0.0008, 0.000050
3714, -17.7045, 0.0008, 0.000050
3715, -16.0000, 0.0014, 0.000050
3716, -17.7955, 0.0010, 0.000050
3717, -18.6136, 0.0030, 0.000050
3718, -17.9091, 0.0064, 0.000050
3719, -15.1591, 0.0009, 0.000050
3720, -18.1364, 0.0007, 0.000050
3721, -17.8636, 0.0040, 0.000050
3722, -15.4773, 0.0008, 0.000050
3723, -16.2273, 0.0039, 0.000050
3724, -18.8140, 0.0008, 0.000050
3725, -20.0682, 0.0008, 0.000050
3726, -16.9767, 0.0026, 0.000050
3727, -15.4545, 0.0009, 0.000050
3728, -14.1818, 0.0010, 0.000050
3729, -13.8864, 0.0007, 0.000050
3730, -21.0682, 0.0010, 0.000050
3731, -18.2273, 0.0041, 0.000050
3732, -17.2273, 0.0008, 0.000050
3733, -21.0227, 0.0011, 0.000050
3734, -17.0000, 0.0018, 0.000050
3735, -16.3864, 0.0059, 0.000050
3736, -16.5455, 0.0007, 0.000050
3737, -15.7500, 0.0007, 0.000050
3738, -15.1818, 0.0008, 0.000050
3739, -15.2500, 0.0010, 0.000050
3740, -20.0455, 0.0009, 0.000050
3741, -16.5227, 0.0008, 0.000050
3742, -19.9091, 0.0008, 0.000050
3743, -21.6364, 0.0012, 0.000050
3744, -20.3571, 0.0021, 0.000050
3745, -15.5682, 0.0007, 0.000050
3746, -15.0682, 0.0009, 0.000050
3747, -18.9318, 0.0012, 0.000050
3748, -18.0000, 0.0034, 0.000050
3749, -15.5909, 0.0008, 0.000050
3750, -17.6364, 0.0007, 0.000050
3751, -20.3488, 0.0010, 0.000050
3752, -15.7273, 0.0006, 0.000050
3753, -18.9545, 0.0013, 0.000050
3754, -12.9773, 0.0009, 0.000050
3755, -17.1136, 0.0016, 0.000050
3756, -17.2500, 0.0013, 0.000050
3757, -14.5227, 0.0008, 0.000050
3758, -20.8636, 0.0019, 0.000050
3759, -18.2045, 0.0008, 0.000050
3760, -17.5455, 0.0009, 0.000050
3761, -20.8636, 0.0017, 0.000050
3762, -15.3636, 0.0008, 0.000050
3763, -18.2955, 0.0015, 0.000050
3764, -22.9091, 0.0040, 0.000050
3765, -19.7273, 0.0021, 0.000050
3766, -17.7273, 0.0010, 0.000050
3767, -17.5227, 0.0137, 0.000050
3768, -16.6136, 0.0063, 0.000050
3769, -17.5000, 0.0011, 0.000050
3770, -15.5682, 0.0007, 0.000050
3771, -15.9318, 0.0007, 0.000050
3772, -18.5227, 0.0042, 0.000050
3773, -20.2045, 0.0010, 0.000050
3774, -16.7500, 0.0007, 0.000050
3775, -18.6591, 0.0014, 0.000050
3776, -17.5909, 0.0015, 0.000050
3777, -20.2955, 0.0014, 0.000050
3778, -20.3636, 0.0007, 0.000050
3779, -17.1860, 0.0007, 0.000050
3780, -16.4318, 0.0007, 0.000050
3781, -16.3864, 0.0009, 0.000050
3782, -19.7273, 0.0013, 0.000050
3783, -17.5455, 0.0007, 0.000050
3784, -18.0227, 0.0124, 0.000050
3785, -16.5682, 0.0008, 0.000050
3786, -16.0227, 0.0006, 0.000050
3787, -16.6136, 0.0008, 0.000050
3788, -16.9318, 0.0007, 0.000050
3789, -16.0000, 0.0007, 0.000050
3790, -17.9091, 0.0007, 0.000050
3791, -20.9091, 0.0008, 0.000050
3792, -18.4318, 0.0042, 0.000050
3793, -17.9545, 0.0022, 0.000050
3794, -15.5227, 0.0008, 0.000050
3795, -18.3488, 0.0008, 0.000050
3796, -14.4545, 0.0007, 0.000050
3797, -17.9318, 0.0008, 0.000050
3798, -13.9318, 0.0008, 0.000050
3799, -17.1136, 0.0007, 0.000050
3800, -15.8864, 0.0007, 0.000050
3801, -15.8182, 0.0014, 0.000050
3802, -14.9773, 0.0007, 0.000050
3803, -17.3409, 0.0009, 0.000050
3804, -17.4545, 0.0007, 0.000050
3805, -19.6905, 0.0019, 0.000050
3806, -18.5682, 0.0063, 0.000050
3807, -18.2273, 0.0011, 0.000050
3808, -15.5682, 0.0007, 0.000050
3809, -18.5909, 0.0007, 0.000050
3810, -15.1364, 0.0008, 0.000050
3811, -14.0455, 0.0008, 0.000050
3812, -19.3182, 0.0023, 0.000050
3813, -17.9773, 0.0009, 0.000050
3814, -16.1136, 0.0007, 0.000050
3815, -16.0909, 0.0031, 0.000050
3816, -15.6136, 0.0026, 0.000050
3817, -15.7727, 0.0008, 0.000050
3818, -17.8182, 0.0009, 0.000050
3819, -18.3864, 0.0116, 0.000050
3820, -17.4318, 0.0008, 0.000050
3821, -18.9773, 0.0008, 0.000050
3822, -20.2955, 0.0015, 0.000050
3823, -17.3721, 0.0058, 0.000050
3824, -17.7727, 0.0040, 0.000050
3825, -17.6136, 0.0007, 0.000050
3826, -15.1364, 0.0010, 0.000050
3827, -18.8409, 0.0008, 0.000050
3828, -17.7273, 0.0007, 0.000050
3829, -14.3409, 0.0007, 0.000050
3830, -17.2727, 0.0007, 0.000050
3831, -19.7045, 0.0009, 0.000050
3832, -21.5682, 0.0014, 0.000050
3833, -20.6364, 0.0016, 0.000050
3834, -19.7209, 0.0018, 0.000050
3835, -21.4762, 0.0012, 0.000050
3836, -18.7045, 0.0007, 0.000050
3837, -15.8409, 0.0009, 0.000050
3838, -21.8837, 0.0012, 0.000050
3839, -18.3636, 0.0009, 0.000050
3840, -21.6591, 0.0005, 0.000050
3841, -18.0909, 0.0007, 0.000050
3842, -18.3182, 0.0029, 0.000050
3843, -17.7727, 0.0025, 0.000050
3844, -17.3864, 0.0023, 0.000050
3845, -19.2273, 0.0064, 0.000050
3846, -17.1364, 0.0065, 0.000050
3847, -15.1136, 0.0008, 0.000050
3848, -12.2273, 0.0007, 0.000050
3849, -19.6818, 0.0023, 0.000050
3850, -17.6279, 0.0027, 0.000050
3851, -17.4773, 0.0010, 0.000050
3852, -19.9318, 0.0019, 0.000050
3853, -20.4091, 0.0021, 0.000050
3854, -15.1190, 0.0010, 0.000050
3855, -19.6591, 0.0118, 0.000050
3856, -20.1818, 0.0010, 0.000050
3857, -17.0682, 0.0008, 0.000050
3858, -14.4091, 0.0009, 0.000050
3859, -18.3409, 0.0009, 0.000050
3860, -20.6364, 0.0113, 0.000050
3861, -15.0682, 0.0008, 0.000050
3862, -17.4773, 0.0006, 0.000050
3863, -17.0682, 0.0006, 0.000050
3864, -17.8409, 0.0029, 0.000050
3865, -18.9773, 0.0011, 0.000050
3866, -17.9545, 0.0009, 0.000050
3867, -18.2558, 0.0009, 0.000050
3868, -19.1163, 0.0007, 0.000050
3869, -20.4545, 0.0013, 0.000050
3870, -19.3182, 0.0007, 0.000050
3871, -16.5909, 0.0010, 0.000050
3872, -13.5000, 0.0007, 0.000050
3873, -18.9535, 0.0014, 0.000050
3874, -17.9773, 0.0040, 0.000050
3875, -17.2326, 0.0007, 0.000050
3876, -19.6591, 0.0013, 0.000050
3877, -19.0909, 0.0007, 0.000050
3878, -17.4545, 0.0008, 0.000050
3879, -18.7955, 0.0117, 0.000050
3880, -24.0000, 0.0011, 0.000050
3881, -18.0909, 0.0008, 0.000050
3882, -22.4545, 0.0028, 0.000050
3883, -19.3864, 0.0058, 0.000050
3884, -18.9318, 0.0009, 0.000050
3885, -18.7955, 0.0016, 0.000050
3886, -19.4318, 0.0058, 0.000050
3887, -19.3636, 0.0021, 0.000050
3888, -17.9773, 0.0107, 0.000050
3889, -17.8864, 0.0009, 0.000050
3890, -18.0000, 0.0008, 0.000050
3891, -18.2727, 0.0011, 0.000050
3892, -17.3409, 0.0007, 0.000050
3893, -16.9545, 0.0008, 0.000050
3894, -21.0682, 0.0013, 0.000050
3895, -18.0682, 0.0056, 0.000050
3896, -16.5682, 0.0105, 0.000050
3897, -17.1905, 0.0009, 0.000050
3898, -20.0698, 0.0009, 0.000050
3899, -16.0909, 0.0009, 0.000050
3900, -20.4545, 0.0007, 0.000050
3901, -19.4773, 0.0011, 0.000050
3902, -20.9318, 0.0038, 0.000050
3903, -19.5909, 0.0008, 0.000050
3904, -18.9773, 0.0006, 0.000050
3905, -20.5909, 0.0021, 0.000050
3906, -15.1136, 0.0008, 0.000050
3907, -17.1136, 0.0009, 0.000050
3908, -17.7955, 0.0009, 0.000050
3909, -21.6591, 0.0016, 0.000050
3910, -17.5909, 0.0021, 0.000050
3911, -21.9545, 0.0009, 0.000050
3912, -18.7273, 0.0010, 0.000050
3913, -15.9545, 0.0108, 0.000050
3914, -18.9302, 0.0008, 0.000050
3915, -21.2955, 0.0009, 0.000050
3916, -20.3182, 0.0011, 0.000050
3917, -18.8864, 0.0007, 0.000050
3918, -20.1591, 0.0017, 0.000050
3919, -20.4651, 0.0012, 0.000050
3920, -22.1364, 0.0010, 0.000050
3921, -15.5227, 0.0008, 0.000050
3922, -16.9318, 0.0009, 0.000050
3923, -15.1395, 0.0007, 0.000050
3924, -21.9773, 0.0043, 0.000050
3925, -21.3182, 0.0033, 0.000050
3926, -15.2273, 0.0008, 0.000050
3927, -16.9318, 0.0008, 0.000050
3928, -16.6364, 0.0006, 0.000050
3929, -17.9302, 0.0008, 0.000050
3930, -16.2727, 0.0007, 0.000050
3931, -18.3409, 0.0017, 0.000050
3932, -16.2045, 0.0007, 0.000050
3933, -17.3864, 0.0007, 0.000050
3934, -18.6591, 0.0010, 0.000050
3935, -18.2955, 0.0008, 0.000050
3936, -18.2045, 0.0029, 0.000050
3937, -18.7273, 0.0063, 0.000050
3938, -16.3182, 0.0007, 0.000050
3939, -25.4419, 0.0011, 0.000050
3940, -20.2955, 0.0018, 0.000050
3941, -20.5909, 0.0019, 0.000050
3942, -18.7442, 0.0015, 0.000050
3943, -20.4091, 0.0011, 0.000050
3944, -21.5000, 0.0023, 0.000050
3945, -16.6591, 0.0010, 0.000050
3946, -18.2273, 0.0029, 0.000050
3947, -16.9318, 0.0009, 0.000050
3948, -19.8409, 0.0125, 0.000050
3949, -18.0000, 0.0008, 0.000050
3950, -13.7727, 0.0008, 0.000050
3951, -19.0682, 0.0007, 0.000050
3952, -19.6364, 0.0034, 0.000050
3953, -16.8409, 0.0007, 0.000050
3954, -21.8864, 0.0018, 0.000050
3955, -19.0000, 0.0010, 0.000050
3956, -16.1364, 0.0061, 0.000050
3957, -16.6047, 0.0007, 0.000050
3958, -16.2045, 0.0007, 0.000050
3959, -18.0682, 0.0008, 0.000050
3960, -18.5238, 0.0042, 0.000050
3961, -19.0909, 0.0008, 0.000050
3962, -17.0227, 0.0008, 0.000050
3963, -21.0238, 0.0014, 0.000050
3964, -18.9545, 0.0062, 0.000050
3965, -18.5682, 0.0025, 0.000050
3966, -20.2273, 0.0008, 0.000050
3967, -20.0000, 0.0026, 0.000050
3968, -15.7727, 0.0008, 0.000050
3969, -16.9773, 0.0008, 0.000050
3970, -21.7857, 0.0011, 0.000050
3971, -16.0000, 0.0006, 0.000050
3972, -21.7955, 0.0028, 0.000050
3973, -19.2273, 0.0008, 0.000050
3974, -19.7273, 0.0033, 0.000050
3975, -16.9318, 0.0010, 0.000050
3976, -19.7442, 0.0043, 0.000050
3977, -17.0682, 0.0120, 0.000050
3978, -19.5909, 0.0014, 0.000050
3979, -16.2791, 0.0006, 0.000050
3980, -17.4091, 0.0008, 0.000050
3981, -17.4318, 0.0008, 0.000050
3982, -15.2955, 0.0111, 0.000050
3983, -21.4773, 0.0009, 0.000050
3984, -17.7273, 0.0007, 0.000050
3985, -18.3409, 0.0008, 0.000050
3986, -20.0227, 0.0040, 0.000050
3987, -14.2727, 0.0013, 0.000050
3988, -17.3864, 0.0007, 0.000050
3989, -19.9091, 0.0013, 0.000050
3990, -16.7045, 0.0021, 0.000050
3991, -18.3636, 0.0010, 0.000050
3992, -19.0952, 0.0008, 0.000050
3993, -22.2273, 0.0059, 0.000050
3994, -16.1364, 0.0009, 0.000050
3995, -15.2955, 0.0008, 0.000050
3996, -15.3864, 0.0009, 0.000050
3997, -19.1364, 0.0022, 0.000050
3998, -21.3636, 0.0011, 0.000050
3999, -17.0227, 0.0011, 0.000050
4000, -13.5227, 0.0008, 0.000050
