episode, reward, loss, lr
1, -22.5909, 0.0011, 0.000050
2, -26.5682, 0.0008, 0.000050
3, -24.6591, 0.0009, 0.000050
4, -19.6818, 0.0008, 0.000050
5, -26.0455, 0.0009, 0.000050
6, -25.0909, 0.0011, 0.000050
7, -27.2500, 0.0010, 0.000050
8, -20.6364, 0.0020, 0.000050
9, -30.3864, 0.0014, 0.000050
10, -19.8636, 0.0028, 0.000050
11, -21.2273, 0.0011, 0.000050
12, -22.9773, 0.0042, 0.000050
13, -21.5682, 0.0024, 0.000050
14, -19.1136, 0.0023, 0.000050
15, -25.8864, 0.0021, 0.000050
16, -23.2045, 0.0062, 0.000050
17, -23.9318, 0.0010, 0.000050
18, -23.5455, 0.0025, 0.000050
19, -21.0227, 0.0028, 0.000050
20, -21.6364, 0.0009, 0.000050
21, -18.2093, 0.0115, 0.000050
22, -23.3721, 0.0019, 0.000050
23, -19.9091, 0.0008, 0.000050
24, -26.0455, 0.0019, 0.000050
25, -24.3409, 0.0011, 0.000050
26, -23.1628, 0.0035, 0.000050
27, -25.2273, 0.0014, 0.000050
28, -22.8182, 0.0014, 0.000050
29, -25.4318, 0.0041, 0.000050
30, -23.4773, 0.0021, 0.000050
31, -27.7727, 0.0012, 0.000050
32, -26.5814, 0.0014, 0.000050
33, -25.6512, 0.0016, 0.000050
34, -18.6136, 0.0011, 0.000050
35, -23.7955, 0.0021, 0.000050
36, -25.5682, 0.0024, 0.000050
37, -23.3864, 0.0030, 0.000050
38, -23.0233, 0.0011, 0.000050
39, -21.1136, 0.0051, 0.000050
40, -24.7955, 0.0015, 0.000050
41, -24.8409, 0.0023, 0.000050
42, -25.0455, 0.0020, 0.000050
43, -22.1591, 0.0015, 0.000050
44, -29.3953, 0.0011, 0.000050
45, -20.5682, 0.0010, 0.000050
46, -24.5814, 0.0018, 0.000050
47, -35.6512, 0.0017, 0.000050
48, -24.0455, 0.0018, 0.000050
49, -25.2500, 0.0017, 0.000050
50, -27.2500, 0.0014, 0.000050
51, -22.3636, 0.0010, 0.000050
52, -26.0000, 0.0021, 0.000050
53, -22.3409, 0.0014, 0.000050
54, -23.0455, 0.0042, 0.000050
55, -21.2273, 0.0091, 0.000050
56, -25.6364, 0.0014, 0.000050
57, -22.9318, 0.0083, 0.000050
58, -18.5227, 0.0010, 0.000050
59, -24.6591, 0.0015, 0.000050
60, -28.7955, 0.0009, 0.000050
61, -24.5909, 0.0015, 0.000050
62, -19.0227, 0.0012, 0.000050
63, -24.0227, 0.0028, 0.000050
64, -19.6818, 0.0023, 0.000050
65, -20.8140, 0.0012, 0.000050
66, -20.3864, 0.0020, 0.000050
67, -22.5000, 0.0018, 0.000050
68, -20.0000, 0.0009, 0.000050
69, -19.7273, 0.0023, 0.000050
70, -28.0682, 0.0013, 0.000050
71, -16.1818, 0.0011, 0.000050
72, -20.3182, 0.0009, 0.000050
73, -26.1364, 0.0020, 0.000050
74, -27.4318, 0.0017, 0.000050
75, -28.3953, 0.0014, 0.000050
76, -20.6818, 0.0062, 0.000050
77, -22.6136, 0.0023, 0.000050
78, -24.7500, 0.0015, 0.000050
79, -28.5682, 0.0013, 0.000050
80, -22.5909, 0.0012, 0.000050
81, -27.6818, 0.0011, 0.000050
82, -21.5455, 0.0014, 0.000050
83, -28.3182, 0.0010, 0.000050
84, -22.7955, 0.0031, 0.000050
85, -25.4545, 0.0018, 0.000050
86, -20.8837, 0.0049, 0.000050
87, -24.2955, 0.0106, 0.000050
88, -24.4773, 0.0017, 0.000050
89, -23.5227, 0.0009, 0.000050
90, -22.6818, 0.0013, 0.000050
91, -16.7955, 0.0010, 0.000050
92, -21.8636, 0.0028, 0.000050
93, -29.9545, 0.0017, 0.000050
94, -23.3636, 0.0028, 0.000050
95, -22.2326, 0.0014, 0.000050
96, -21.5000, 0.0009, 0.000050
97, -17.9091, 0.0047, 0.000050
98, -20.2273, 0.0020, 0.000050
99, -22.2500, 0.0021, 0.000050
100, -24.1818, 0.0030, 0.000050
101, -22.1818, 0.0019, 0.000050
102, -19.2045, 0.0009, 0.000050
103, -19.9091, 0.0024, 0.000050
104, -25.7045, 0.0014, 0.000050
105, -25.5455, 0.0015, 0.000050
106, -23.7500, 0.0024, 0.000050
107, -18.9773, 0.0010, 0.000050
108, -26.7045, 0.0014, 0.000050
109, -24.7955, 0.0028, 0.000050
110, -23.2791, 0.0018, 0.000050
111, -19.8182, 0.0011, 0.000050
112, -23.6591, 0.0017, 0.000050
113, -21.9773, 0.0018, 0.000050
114, -25.3409, 0.0040, 0.000050
115, -23.7273, 0.0097, 0.000050
116, -27.7273, 0.0021, 0.000050
117, -19.2273, 0.0009, 0.000050
118, -22.0227, 0.0011, 0.000050
119, -25.4545, 0.0022, 0.000050
120, -21.5238, 0.0090, 0.000050
121, -24.6977, 0.0016, 0.000050
122, -22.2500, 0.0015, 0.000050
123, -22.2727, 0.0013, 0.000050
124, -30.8605, 0.0013, 0.000050
125, -21.5000, 0.0164, 0.000050
126, -30.1860, 0.0013, 0.000050
127, -21.9318, 0.0046, 0.000050
128, -24.1860, 0.0022, 0.000050
129, -22.7727, 0.0026, 0.000050
130, -25.0909, 0.0040, 0.000050
131, -19.7955, 0.0009, 0.000050
132, -21.0682, 0.0021, 0.000050
133, -25.3182, 0.0020, 0.000050
134, -22.9286, 0.0017, 0.000050
135, -23.1818, 0.0019, 0.000050
136, -27.3182, 0.0015, 0.000050
137, -25.4773, 0.0016, 0.000050
138, -22.0909, 0.0019, 0.000050
139, -27.2791, 0.0014, 0.000050
140, -23.5682, 0.0033, 0.000050
141, -21.4545, 0.0033, 0.000050
142, -20.6591, 0.0016, 0.000050
143, -19.9048, 0.0082, 0.000050
144, -24.6364, 0.0012, 0.000050
145, -19.6591, 0.0013, 0.000050
146, -23.0682, 0.0010, 0.000050
147, -15.0000, 0.0008, 0.000050
148, -22.3488, 0.0033, 0.000050
149, -19.8409, 0.0010, 0.000050
150, -17.6591, 0.0012, 0.000050
151, -18.5000, 0.0012, 0.000050
152, -17.1818, 0.0009, 0.000050
153, -18.8182, 0.0011, 0.000050
154, -20.2045, 0.0011, 0.000050
155, -22.4318, 0.0020, 0.000050
156, -24.7273, 0.0015, 0.000050
157, -21.9545, 0.0023, 0.000050
158, -23.2955, 0.0019, 0.000050
159, -17.5227, 0.0011, 0.000050
160, -20.2045, 0.0023, 0.000050
161, -21.4545, 0.0015, 0.000050
162, -20.6136, 0.0083, 0.000050
163, -23.5682, 0.0027, 0.000050
164, -22.3864, 0.0011, 0.000050
165, -24.4545, 0.0027, 0.000050
166, -19.1136, 0.0010, 0.000050
167, -20.0227, 0.0011, 0.000050
168, -23.7045, 0.0016, 0.000050
169, -23.9318, 0.0061, 0.000050
170, -19.8864, 0.0016, 0.000050
171, -24.1364, 0.0013, 0.000050
172, -22.7955, 0.0015, 0.000050
173, -21.4318, 0.0158, 0.000050
174, -21.5000, 0.0018, 0.000050
175, -23.1364, 0.0022, 0.000050
176, -19.9318, 0.0009, 0.000050
177, -23.9318, 0.0018, 0.000050
178, -20.1364, 0.0039, 0.000050
179, -19.7045, 0.0031, 0.000050
180, -22.3636, 0.0015, 0.000050
181, -23.6364, 0.0015, 0.000050
182, -24.4545, 0.0023, 0.000050
183, -26.0909, 0.0014, 0.000050
184, -21.1818, 0.0078, 0.000050
185, -25.2727, 0.0053, 0.000050
186, -21.0909, 0.0048, 0.000050
187, -23.3636, 0.0038, 0.000050
188, -25.3409, 0.0013, 0.000050
189, -22.3182, 0.0016, 0.000050
190, -20.3810, 0.0010, 0.000050
191, -24.1591, 0.0053, 0.000050
192, -23.1395, 0.0019, 0.000050
193, -23.2727, 0.0015, 0.000050
194, -21.2955, 0.0010, 0.000050
195, -27.1591, 0.0009, 0.000050
196, -26.0714, 0.0026, 0.000050
197, -20.5455, 0.0022, 0.000050
198, -21.3256, 0.0159, 0.000050
199, -22.0909, 0.0013, 0.000050
200, -24.6818, 0.0010, 0.000050
201, -29.7442, 0.0013, 0.000050
202, -22.3256, 0.0022, 0.000050
203, -23.2273, 0.0017, 0.000050
204, -19.7045, 0.0024, 0.000050
205, -25.7955, 0.0013, 0.000050
206, -23.5682, 0.0010, 0.000050
207, -21.5000, 0.0019, 0.000050
208, -25.0682, 0.0021, 0.000050
209, -20.8409, 0.0017, 0.000050
210, -21.6136, 0.0017, 0.000050
211, -21.5000, 0.0044, 0.000050
212, -25.9773, 0.0012, 0.000050
213, -19.6136, 0.0018, 0.000050
214, -23.3182, 0.0012, 0.000050
215, -21.0000, 0.0021, 0.000050
216, -22.3864, 0.0010, 0.000050
217, -19.8182, 0.0010, 0.000050
218, -25.6744, 0.0016, 0.000050
219, -24.4318, 0.0014, 0.000050
220, -25.6364, 0.0020, 0.000050
221, -21.0682, 0.0047, 0.000050
222, -25.0714, 0.0013, 0.000050
223, -26.0000, 0.0024, 0.000050
224, -21.1136, 0.0060, 0.000050
225, -23.7955, 0.0013, 0.000050
226, -20.9048, 0.0010, 0.000050
227, -20.1818, 0.0085, 0.000050
228, -23.0227, 0.0016, 0.000050
229, -21.2273, 0.0009, 0.000050
230, -25.9773, 0.0014, 0.000050
231, -26.8182, 0.0012, 0.000050
232, -24.5909, 0.0012, 0.000050
233, -23.7500, 0.0165, 0.000050
234, -19.3409, 0.0012, 0.000050
235, -21.8636, 0.0016, 0.000050
236, -23.1163, 0.0022, 0.000050
237, -18.9302, 0.0010, 0.000050
238, -22.0455, 0.0018, 0.000050
239, -21.4091, 0.0020, 0.000050
240, -20.5000, 0.0071, 0.000050
241, -26.1136, 0.0013, 0.000050
242, -19.7045, 0.0008, 0.000050
243, -28.8636, 0.0014, 0.000050
244, -22.8409, 0.0041, 0.000050
245, -22.2791, 0.0054, 0.000050
246, -17.3864, 0.0009, 0.000050
247, -27.6818, 0.0015, 0.000050
248, -28.2273, 0.0008, 0.000050
249, -21.8182, 0.0010, 0.000050
250, -21.5476, 0.0010, 0.000050
251, -21.7727, 0.0011, 0.000050
252, -22.5000, 0.0011, 0.000050
253, -17.4545, 0.0010, 0.000050
254, -22.5909, 0.0011, 0.000050
255, -24.7955, 0.0014, 0.000050
256, -21.5682, 0.0015, 0.000050
257, -20.7045, 0.0023, 0.000050
258, -27.4318, 0.0012, 0.000050
259, -14.5227, 0.0012, 0.000050
260, -21.2727, 0.0011, 0.000050
261, -20.2727, 0.0010, 0.000050
262, -25.0909, 0.0016, 0.000050
263, -19.4318, 0.0012, 0.000050
264, -22.8409, 0.0061, 0.000050
265, -23.1818, 0.0029, 0.000050
266, -27.1591, 0.0016, 0.000050
267, -22.4545, 0.0088, 0.000050
268, -22.1136, 0.0043, 0.000050
269, -22.1136, 0.0022, 0.000050
270, -22.0909, 0.0021, 0.000050
271, -22.2093, 0.0015, 0.000050
272, -23.4091, 0.0012, 0.000050
273, -21.6364, 0.0010, 0.000050
274, -25.5682, 0.0015, 0.000050
275, -25.0455, 0.0017, 0.000050
276, -27.3182, 0.0025, 0.000050
277, -20.2500, 0.0049, 0.000050
278, -22.2955, 0.0038, 0.000050
279, -25.8409, 0.0047, 0.000050
280, -18.9091, 0.0157, 0.000050
281, -30.9545, 0.0024, 0.000050
282, -23.0455, 0.0013, 0.000050
283, -23.4773, 0.0012, 0.000050
284, -22.2955, 0.0015, 0.000050
285, -21.7500, 0.0010, 0.000050
286, -17.3636, 0.0010, 0.000050
287, -24.8864, 0.0016, 0.000050
288, -18.8182, 0.0012, 0.000050
289, -21.0000, 0.0008, 0.000050
290, -21.4545, 0.0010, 0.000050
291, -18.6818, 0.0009, 0.000050
292, -21.9091, 0.0028, 0.000050
293, -19.6364, 0.0010, 0.000050
294, -20.9091, 0.0014, 0.000050
295, -24.4318, 0.0015, 0.000050
296, -19.8636, 0.0011, 0.000050
297, -24.3636, 0.0017, 0.000050
298, -23.4545, 0.0015, 0.000050
299, -20.2045, 0.0032, 0.000050
300, -20.0682, 0.0014, 0.000050
301, -21.7955, 0.0009, 0.000050
302, -25.1429, 0.0019, 0.000050
303, -22.6591, 0.0010, 0.000050
304, -21.3182, 0.0012, 0.000050
305, -21.1136, 0.0047, 0.000050
306, -20.1364, 0.0083, 0.000050
307, -21.0682, 0.0011, 0.000050
308, -18.2045, 0.0024, 0.000050
309, -25.6364, 0.0011, 0.000050
310, -21.0476, 0.0011, 0.000050
311, -18.9318, 0.0079, 0.000050
312, -20.8409, 0.0069, 0.000050
313, -21.5909, 0.0035, 0.000050
314, -21.9302, 0.0116, 0.000050
315, -22.7500, 0.0036, 0.000050
316, -21.3864, 0.0017, 0.000050
317, -26.9535, 0.0010, 0.000050
318, -22.1818, 0.0016, 0.000050
319, -22.8409, 0.0010, 0.000050
320, -20.4318, 0.0026, 0.000050
321, -24.5227, 0.0020, 0.000050
322, -18.1591, 0.0061, 0.000050
323, -25.0000, 0.0013, 0.000050
324, -18.7442, 0.0058, 0.000050
325, -18.1364, 0.0016, 0.000050
326, -22.7045, 0.0008, 0.000050
327, -20.1364, 0.0008, 0.000050
328, -21.4091, 0.0018, 0.000050
329, -22.4773, 0.0011, 0.000050
330, -18.4091, 0.0062, 0.000050
331, -24.0909, 0.0018, 0.000050
332, -18.8636, 0.0026, 0.000050
333, -25.0227, 0.0012, 0.000050
334, -22.0909, 0.0012, 0.000050
335, -28.2955, 0.0011, 0.000050
336, -21.5227, 0.0013, 0.000050
337, -26.3636, 0.0010, 0.000050
338, -22.5000, 0.0012, 0.000050
339, -16.9318, 0.0009, 0.000050
340, -24.4318, 0.0017, 0.000050
341, -22.0233, 0.0036, 0.000050
342, -26.0000, 0.0017, 0.000050
343, -20.2045, 0.0036, 0.000050
344, -17.3488, 0.0009, 0.000050
345, -21.0682, 0.0151, 0.000050
346, -17.6364, 0.0010, 0.000050
347, -20.4091, 0.0009, 0.000050
348, -23.7045, 0.0018, 0.000050
349, -26.2955, 0.0020, 0.000050
350, -20.5000, 0.0016, 0.000050
351, -20.6818, 0.0015, 0.000050
352, -23.7273, 0.0016, 0.000050
353, -18.6136, 0.0013, 0.000050
354, -20.6136, 0.0023, 0.000050
355, -19.5455, 0.0007, 0.000050
356, -20.8182, 0.0018, 0.000050
357, -21.0000, 0.0076, 0.000050
358, -21.8636, 0.0068, 0.000050
359, -19.5227, 0.0010, 0.000050
360, -19.9773, 0.0018, 0.000050
361, -21.0909, 0.0035, 0.000050
362, -17.5682, 0.0011, 0.000050
363, -22.6136, 0.0012, 0.000050
364, -22.6047, 0.0008, 0.000050
365, -22.5814, 0.0008, 0.000050
366, -22.2045, 0.0021, 0.000050
367, -22.4773, 0.0015, 0.000050
368, -20.1591, 0.0011, 0.000050
369, -19.6364, 0.0011, 0.000050
370, -22.6364, 0.0010, 0.000050
371, -23.2791, 0.0011, 0.000050
372, -23.9545, 0.0018, 0.000050
373, -16.7500, 0.0008, 0.000050
374, -22.0909, 0.0018, 0.000050
375, -18.5682, 0.0008, 0.000050
376, -23.5116, 0.0016, 0.000050
377, -21.3864, 0.0011, 0.000050
378, -20.2558, 0.0031, 0.000050
379, -21.0227, 0.0023, 0.000050
380, -22.2273, 0.0014, 0.000050
381, -20.4773, 0.0009, 0.000050
382, -26.3636, 0.0014, 0.000050
383, -20.7273, 0.0039, 0.000050
384, -25.0930, 0.0023, 0.000050
385, -18.4545, 0.0009, 0.000050
386, -19.5814, 0.0161, 0.000050
387, -21.2500, 0.0048, 0.000050
388, -22.9091, 0.0012, 0.000050
389, -20.0000, 0.0023, 0.000050
390, -21.2273, 0.0010, 0.000050
391, -25.0227, 0.0016, 0.000050
392, -31.6591, 0.0011, 0.000050
393, -27.2143, 0.0015, 0.000050
394, -19.8636, 0.0034, 0.000050
395, -22.9318, 0.0015, 0.000050
396, -21.3636, 0.0010, 0.000050
397, -25.7955, 0.0009, 0.000050
398, -18.1364, 0.0010, 0.000050
399, -27.1136, 0.0013, 0.000050
400, -18.9545, 0.0010, 0.000050
401, -21.2791, 0.0012, 0.000050
402, -23.2500, 0.0027, 0.000050
403, -25.2326, 0.0014, 0.000050
404, -19.0227, 0.0009, 0.000050
405, -21.9773, 0.0170, 0.000050
406, -23.6591, 0.0016, 0.000050
407, -22.8182, 0.0029, 0.000050
408, -20.3409, 0.0027, 0.000050
409, -18.2273, 0.0037, 0.000050
410, -20.4524, 0.0010, 0.000050
411, -22.0227, 0.0015, 0.000050
412, -22.0000, 0.0035, 0.000050
413, -26.4773, 0.0009, 0.000050
414, -19.6591, 0.0017, 0.000050
415, -22.7500, 0.0023, 0.000050
416, -22.6744, 0.0013, 0.000050
417, -26.3182, 0.0033, 0.000050
418, -23.3864, 0.0031, 0.000050
419, -17.6591, 0.0035, 0.000050
420, -22.1364, 0.0020, 0.000050
421, -20.0238, 0.0030, 0.000050
422, -21.7955, 0.0040, 0.000050
423, -22.9318, 0.0021, 0.000050
424, -23.5455, 0.0014, 0.000050
425, -24.0909, 0.0023, 0.000050
426, -18.6364, 0.0010, 0.000050
427, -19.7045, 0.0010, 0.000050
428, -23.7442, 0.0018, 0.000050
429, -22.9773, 0.0013, 0.000050
430, -17.9318, 0.0009, 0.000050
431, -23.2619, 0.0017, 0.000050
432, -24.9318, 0.0010, 0.000050
433, -18.9318, 0.0011, 0.000050
434, -21.5455, 0.0028, 0.000050
435, -20.4091, 0.0022, 0.000050
436, -21.4773, 0.0020, 0.000050
437, -22.0909, 0.0016, 0.000050
438, -21.1591, 0.0010, 0.000050
439, -16.4318, 0.0009, 0.000050
440, -22.1429, 0.0026, 0.000050
441, -22.7727, 0.0027, 0.000050
442, -22.7143, 0.0020, 0.000050
443, -28.7500, 0.0014, 0.000050
444, -25.7442, 0.0031, 0.000050
445, -23.8636, 0.0031, 0.000050
446, -26.5227, 0.0011, 0.000050
447, -19.3409, 0.0011, 0.000050
448, -24.2045, 0.0014, 0.000050
449, -25.7955, 0.0018, 0.000050
450, -20.2500, 0.0041, 0.000050
451, -24.7500, 0.0015, 0.000050
452, -21.3864, 0.0012, 0.000050
453, -22.1364, 0.0020, 0.000050
454, -30.8182, 0.0014, 0.000050
455, -20.8182, 0.0062, 0.000050
456, -18.7045, 0.0010, 0.000050
457, -20.6591, 0.0014, 0.000050
458, -21.9545, 0.0017, 0.000050
459, -20.8182, 0.0038, 0.000050
460, -20.9302, 0.0012, 0.000050
461, -23.0455, 0.0065, 0.000050
462, -23.6818, 0.0017, 0.000050
463, -19.1591, 0.0011, 0.000050
464, -21.2381, 0.0011, 0.000050
465, -26.6364, 0.0014, 0.000050
466, -22.7273, 0.0015, 0.000050
467, -20.8409, 0.0016, 0.000050
468, -18.7273, 0.0010, 0.000050
469, -25.4091, 0.0023, 0.000050
470, -24.6591, 0.0018, 0.000050
471, -20.0455, 0.0089, 0.000050
472, -22.2727, 0.0026, 0.000050
473, -18.8864, 0.0029, 0.000050
474, -23.5909, 0.0024, 0.000050
475, -21.8864, 0.0151, 0.000050
476, -29.2273, 0.0014, 0.000050
477, -26.0227, 0.0011, 0.000050
478, -21.4318, 0.0020, 0.000050
479, -22.7273, 0.0013, 0.000050
480, -23.2273, 0.0016, 0.000050
481, -22.1591, 0.0022, 0.000050
482, -21.7727, 0.0138, 0.000050
483, -21.5000, 0.0016, 0.000050
484, -25.2045, 0.0013, 0.000050
485, -21.0698, 0.0009, 0.000050
486, -15.5682, 0.0009, 0.000050
487, -20.3864, 0.0047, 0.000050
488, -24.7955, 0.0018, 0.000050
489, -25.7727, 0.0013, 0.000050
490, -22.0682, 0.0016, 0.000050
491, -18.4545, 0.0039, 0.000050
492, -19.4773, 0.0010, 0.000050
493, -20.5455, 0.0019, 0.000050
494, -22.5909, 0.0010, 0.000050
495, -20.0698, 0.0031, 0.000050
496, -19.3409, 0.0007, 0.000050
497, -24.0455, 0.0027, 0.000050
498, -22.9091, 0.0018, 0.000050
499, -18.7955, 0.0012, 0.000050
500, -25.7727, 0.0079, 0.000050
501, -19.3409, 0.0010, 0.000050
502, -22.4091, 0.0010, 0.000050
503, -23.2045, 0.0014, 0.000050
504, -25.0909, 0.0015, 0.000050
505, -19.5000, 0.0018, 0.000050
506, -18.8636, 0.0028, 0.000050
507, -22.0000, 0.0019, 0.000050
508, -25.2727, 0.0015, 0.000050
509, -18.8409, 0.0012, 0.000050
510, -17.7045, 0.0009, 0.000050
511, -25.1818, 0.0030, 0.000050
512, -21.6591, 0.0016, 0.000050
513, -26.9091, 0.0010, 0.000050
514, -18.9773, 0.0059, 0.000050
515, -20.6591, 0.0013, 0.000050
516, -24.1860, 0.0014, 0.000050
517, -24.5000, 0.0016, 0.000050
518, -20.1591, 0.0010, 0.000050
519, -22.3636, 0.0163, 0.000050
520, -24.7955, 0.0013, 0.000050
521, -23.2955, 0.0017, 0.000050
522, -25.1364, 0.0030, 0.000050
523, -21.8636, 0.0018, 0.000050
524, -17.8409, 0.0009, 0.000050
525, -24.0227, 0.0013, 0.000050
526, -26.3182, 0.0012, 0.000050
527, -23.0000, 0.0017, 0.000050
528, -25.1136, 0.0017, 0.000050
529, -25.2727, 0.0086, 0.000050
530, -20.0000, 0.0078, 0.000050
531, -22.2500, 0.0012, 0.000050
532, -18.1364, 0.0010, 0.000050
533, -20.7273, 0.0025, 0.000050
534, -25.7500, 0.0013, 0.000050
535, -17.5455, 0.0009, 0.000050
536, -24.7955, 0.0019, 0.000050
537, -22.0227, 0.0015, 0.000050
538, -25.1364, 0.0012, 0.000050
539, -18.5909, 0.0011, 0.000050
540, -22.8864, 0.0010, 0.000050
541, -25.0000, 0.0013, 0.000050
542, -21.1136, 0.0087, 0.000050
543, -21.8636, 0.0023, 0.000050
544, -25.1136, 0.0013, 0.000050
545, -23.4773, 0.0012, 0.000050
546, -23.2955, 0.0013, 0.000050
547, -21.1395, 0.0087, 0.000050
548, -23.9545, 0.0013, 0.000050
549, -20.9318, 0.0044, 0.000050
550, -19.3409, 0.0009, 0.000050
551, -21.0682, 0.0012, 0.000050
552, -21.3409, 0.0010, 0.000050
553, -17.1136, 0.0013, 0.000050
554, -21.2273, 0.0027, 0.000050
555, -21.0227, 0.0018, 0.000050
556, -22.8837, 0.0024, 0.000050
557, -18.3636, 0.0010, 0.000050
558, -20.2045, 0.0020, 0.000050
559, -24.3095, 0.0021, 0.000050
560, -23.5455, 0.0020, 0.000050
561, -18.7273, 0.0011, 0.000050
562, -16.5000, 0.0011, 0.000050
563, -24.5455, 0.0015, 0.000050
564, -18.9545, 0.0021, 0.000050
565, -20.4318, 0.0044, 0.000050
566, -21.7045, 0.0010, 0.000050
567, -19.5000, 0.0019, 0.000050
568, -20.5909, 0.0010, 0.000050
569, -19.3636, 0.0011, 0.000050
570, -18.5227, 0.0009, 0.000050
571, -22.1364, 0.0155, 0.000050
572, -22.8409, 0.0046, 0.000050
573, -18.3182, 0.0010, 0.000050
574, -22.6818, 0.0045, 0.000050
575, -21.8409, 0.0009, 0.000050
576, -28.6591, 0.0011, 0.000050
577, -23.7273, 0.0067, 0.000050
578, -23.5227, 0.0026, 0.000050
579, -22.4545, 0.0023, 0.000050
580, -26.2955, 0.0013, 0.000050
581, -24.3864, 0.0028, 0.000050
582, -22.2045, 0.0018, 0.000050
583, -23.9773, 0.0031, 0.000050
584, -20.9091, 0.0034, 0.000050
585, -23.2727, 0.0015, 0.000050
586, -26.2500, 0.0018, 0.000050
587, -18.4773, 0.0033, 0.000050
588, -21.8636, 0.0010, 0.000050
589, -22.2273, 0.0011, 0.000050
590, -22.1818, 0.0011, 0.000050
591, -20.1818, 0.0010, 0.000050
592, -23.0227, 0.0159, 0.000050
593, -27.5349, 0.0009, 0.000050
594, -20.8864, 0.0071, 0.000050
595, -22.0682, 0.0022, 0.000050
596, -24.5909, 0.0027, 0.000050
597, -19.0000, 0.0043, 0.000050
598, -22.6136, 0.0062, 0.000050
599, -21.9091, 0.0026, 0.000050
600, -23.9773, 0.0007, 0.000050
601, -18.2273, 0.0007, 0.000050
602, -19.0227, 0.0009, 0.000050
603, -22.6136, 0.0010, 0.000050
604, -21.9773, 0.0127, 0.000050
605, -20.1818, 0.0019, 0.000050
606, -20.8636, 0.0025, 0.000050
607, -17.5581, 0.0011, 0.000050
608, -25.4545, 0.0016, 0.000050
609, -22.8409, 0.0020, 0.000050
610, -27.4318, 0.0009, 0.000050
611, -22.4773, 0.0046, 0.000050
612, -23.3810, 0.0022, 0.000050
613, -19.3409, 0.0008, 0.000050
614, -22.0682, 0.0008, 0.000050
615, -21.2045, 0.0077, 0.000050
616, -21.9773, 0.0051, 0.000050
617, -25.0000, 0.0020, 0.000050
618, -25.0682, 0.0147, 0.000050
619, -23.5000, 0.0014, 0.000050
620, -21.7955, 0.0011, 0.000050
621, -20.4545, 0.0009, 0.000050
622, -21.9773, 0.0069, 0.000050
623, -20.5682, 0.0025, 0.000050
624, -24.2619, 0.0014, 0.000050
625, -26.0227, 0.0010, 0.000050
626, -20.3409, 0.0037, 0.000050
627, -22.0000, 0.0013, 0.000050
628, -21.1591, 0.0017, 0.000050
629, -22.1591, 0.0048, 0.000050
630, -20.8409, 0.0016, 0.000050
631, -24.3810, 0.0038, 0.000050
632, -21.3636, 0.0022, 0.000050
633, -18.0909, 0.0007, 0.000050
634, -21.5581, 0.0009, 0.000050
635, -23.5682, 0.0022, 0.000050
636, -23.4545, 0.0023, 0.000050
637, -21.8409, 0.0016, 0.000050
638, -21.7727, 0.0026, 0.000050
639, -27.1591, 0.0016, 0.000050
640, -24.3864, 0.0023, 0.000050
641, -18.8864, 0.0010, 0.000050
642, -24.2955, 0.0013, 0.000050
643, -19.6818, 0.0009, 0.000050
644, -26.3409, 0.0017, 0.000050
645, -18.7955, 0.0010, 0.000050
646, -19.0455, 0.0160, 0.000050
647, -22.8810, 0.0032, 0.000050
648, -22.5455, 0.0013, 0.000050
649, -24.0909, 0.0018, 0.000050
650, -22.7955, 0.0017, 0.000050
651, -22.8864, 0.0022, 0.000050
652, -25.2273, 0.0011, 0.000050
653, -23.9773, 0.0020, 0.000050
654, -23.0000, 0.0026, 0.000050
655, -23.7727, 0.0023, 0.000050
656, -22.6429, 0.0012, 0.000050
657, -23.7273, 0.0018, 0.000050
658, -24.2045, 0.0022, 0.000050
659, -26.7273, 0.0012, 0.000050
660, -23.5227, 0.0014, 0.000050
661, -20.7500, 0.0010, 0.000050
662, -21.6136, 0.0085, 0.000050
663, -19.8864, 0.0026, 0.000050
664, -22.6136, 0.0014, 0.000050
665, -21.6136, 0.0027, 0.000050
666, -19.8636, 0.0015, 0.000050
667, -21.3409, 0.0027, 0.000050
668, -26.6279, 0.0014, 0.000050
669, -20.4091, 0.0022, 0.000050
670, -21.1818, 0.0012, 0.000050
671, -22.5227, 0.0015, 0.000050
672, -24.4773, 0.0048, 0.000050
673, -18.8372, 0.0008, 0.000050
674, -19.0000, 0.0009, 0.000050
675, -21.5000, 0.0024, 0.000050
676, -25.3864, 0.0012, 0.000050
677, -23.5682, 0.0019, 0.000050
678, -21.4318, 0.0011, 0.000050
679, -20.3636, 0.0018, 0.000050
680, -19.8837, 0.0009, 0.000050
681, -21.6818, 0.0021, 0.000050
682, -22.7727, 0.0017, 0.000050
683, -24.1860, 0.0011, 0.000050
684, -22.6136, 0.0015, 0.000050
685, -25.5227, 0.0019, 0.000050
686, -22.7500, 0.0015, 0.000050
687, -23.5227, 0.0039, 0.000050
688, -21.4318, 0.0048, 0.000050
689, -26.9318, 0.0018, 0.000050
690, -20.9318, 0.0009, 0.000050
691, -28.4318, 0.0014, 0.000050
692, -21.8409, 0.0092, 0.000050
693, -24.0000, 0.0012, 0.000050
694, -27.8864, 0.0010, 0.000050
695, -22.8636, 0.0025, 0.000050
696, -24.2045, 0.0035, 0.000050
697, -27.3409, 0.0016, 0.000050
698, -22.0000, 0.0010, 0.000050
699, -24.1905, 0.0023, 0.000050
700, -23.2727, 0.0049, 0.000050
701, -23.1163, 0.0023, 0.000050
702, -23.0909, 0.0015, 0.000050
703, -25.5227, 0.0051, 0.000050
704, -20.5682, 0.0046, 0.000050
705, -18.2045, 0.0009, 0.000050
706, -24.9773, 0.0029, 0.000050
707, -26.6136, 0.0019, 0.000050
708, -20.1591, 0.0009, 0.000050
709, -23.1818, 0.0165, 0.000050
710, -22.3409, 0.0071, 0.000050
711, -24.2045, 0.0024, 0.000050
712, -29.1818, 0.0011, 0.000050
713, -19.8182, 0.0010, 0.000050
714, -24.7727, 0.0012, 0.000050
715, -25.0000, 0.0018, 0.000050
716, -23.1364, 0.0012, 0.000050
717, -22.9318, 0.0022, 0.000050
718, -25.0000, 0.0013, 0.000050
719, -19.8409, 0.0010, 0.000050
720, -21.0455, 0.0035, 0.000050
721, -21.7500, 0.0009, 0.000050
722, -26.6136, 0.0029, 0.000050
723, -22.7273, 0.0019, 0.000050
724, -27.9318, 0.0011, 0.000050
725, -29.2955, 0.0010, 0.000050
726, -21.6818, 0.0024, 0.000050
727, -19.7955, 0.0010, 0.000050
728, -23.4318, 0.0016, 0.000050
729, -22.2273, 0.0020, 0.000050
730, -20.3182, 0.0011, 0.000050
731, -24.3182, 0.0022, 0.000050
732, -21.2273, 0.0039, 0.000050
733, -19.6364, 0.0010, 0.000050
734, -25.5455, 0.0024, 0.000050
735, -22.2619, 0.0020, 0.000050
736, -27.2045, 0.0010, 0.000050
737, -24.2500, 0.0030, 0.000050
738, -27.4545, 0.0012, 0.000050
739, -17.5682, 0.0169, 0.000050
740, -20.3182, 0.0011, 0.000050
741, -25.3864, 0.0016, 0.000050
742, -20.1136, 0.0142, 0.000050
743, -22.1818, 0.0010, 0.000050
744, -25.0909, 0.0019, 0.000050
745, -21.3864, 0.0020, 0.000050
746, -21.7955, 0.0129, 0.000050
747, -20.4318, 0.0019, 0.000050
748, -24.7955, 0.0019, 0.000050
749, -18.7273, 0.0007, 0.000050
750, -24.0227, 0.0064, 0.000050
751, -24.9773, 0.0012, 0.000050
752, -22.8864, 0.0013, 0.000050
753, -23.6364, 0.0016, 0.000050
754, -22.2500, 0.0022, 0.000050
755, -22.9762, 0.0024, 0.000050
756, -26.7045, 0.0016, 0.000050
757, -23.8409, 0.0019, 0.000050
758, -22.8409, 0.0024, 0.000050
759, -19.2045, 0.0009, 0.000050
760, -26.9318, 0.0011, 0.000050
761, -20.7500, 0.0009, 0.000050
762, -24.0227, 0.0012, 0.000050
763, -26.3636, 0.0014, 0.000050
764, -22.9545, 0.0045, 0.000050
765, -23.5455, 0.0011, 0.000050
766, -25.9773, 0.0014, 0.000050
767, -20.6512, 0.0012, 0.000050
768, -20.8409, 0.0011, 0.000050
769, -21.8636, 0.0009, 0.000050
770, -24.5682, 0.0015, 0.000050
771, -25.6818, 0.0039, 0.000050
772, -19.3409, 0.0012, 0.000050
773, -21.1628, 0.0010, 0.000050
774, -18.4773, 0.0009, 0.000050
775, -20.8409, 0.0009, 0.000050
776, -25.0227, 0.0022, 0.000050
777, -22.6818, 0.0171, 0.000050
778, -22.6136, 0.0016, 0.000050
779, -24.4318, 0.0028, 0.000050
780, -19.4773, 0.0010, 0.000050
781, -26.6818, 0.0019, 0.000050
782, -22.4091, 0.0035, 0.000050
783, -23.4524, 0.0009, 0.000050
784, -27.4048, 0.0015, 0.000050
785, -28.5455, 0.0012, 0.000050
786, -24.1136, 0.0011, 0.000050
787, -29.2955, 0.0014, 0.000050
788, -25.1818, 0.0017, 0.000050
789, -19.7209, 0.0010, 0.000050
790, -19.8605, 0.0040, 0.000050
791, -25.7045, 0.0040, 0.000050
792, -22.3864, 0.0022, 0.000050
793, -22.5682, 0.0048, 0.000050
794, -21.0909, 0.0034, 0.000050
795, -28.2273, 0.0010, 0.000050
796, -20.2045, 0.0047, 0.000050
797, -17.8864, 0.0011, 0.000050
798, -22.6591, 0.0011, 0.000050
799, -18.0000, 0.0010, 0.000050
800, -24.5000, 0.0011, 0.000050
801, -23.7045, 0.0062, 0.000050
802, -22.3182, 0.0009, 0.000050
803, -25.1163, 0.0087, 0.000050
804, -20.1591, 0.0044, 0.000050
805, -17.9773, 0.0032, 0.000050
806, -18.2500, 0.0009, 0.000050
807, -17.7273, 0.0008, 0.000050
808, -21.2955, 0.0032, 0.000050
809, -24.0227, 0.0013, 0.000050
810, -21.4091, 0.0010, 0.000050
811, -19.9318, 0.0010, 0.000050
812, -25.3636, 0.0017, 0.000050
813, -21.0909, 0.0010, 0.000050
814, -21.9091, 0.0009, 0.000050
815, -24.3636, 0.0037, 0.000050
816, -23.6818, 0.0023, 0.000050
817, -22.5455, 0.0032, 0.000050
818, -20.8409, 0.0158, 0.000050
819, -17.0227, 0.0010, 0.000050
820, -19.8636, 0.0129, 0.000050
821, -20.9091, 0.0059, 0.000050
822, -23.8409, 0.0016, 0.000050
823, -22.9535, 0.0020, 0.000050
824, -17.3409, 0.0011, 0.000050
825, -21.0000, 0.0021, 0.000050
826, -27.6818, 0.0011, 0.000050
827, -21.3182, 0.0008, 0.000050
828, -24.6279, 0.0013, 0.000050
829, -20.6591, 0.0032, 0.000050
830, -19.9091, 0.0014, 0.000050
831, -19.5682, 0.0009, 0.000050
832, -28.3409, 0.0016, 0.000050
833, -26.5682, 0.0010, 0.000050
834, -22.8409, 0.0079, 0.000050
835, -25.5455, 0.0010, 0.000050
836, -23.5000, 0.0057, 0.000050
837, -20.5455, 0.0011, 0.000050
838, -18.0227, 0.0050, 0.000050
839, -26.0909, 0.0012, 0.000050
840, -22.7500, 0.0018, 0.000050
841, -22.4545, 0.0015, 0.000050
842, -20.2500, 0.0009, 0.000050
843, -29.1163, 0.0021, 0.000050
844, -23.5455, 0.0015, 0.000050
845, -22.1818, 0.0016, 0.000050
846, -28.1136, 0.0014, 0.000050
847, -16.3953, 0.0012, 0.000050
848, -20.1591, 0.0046, 0.000050
849, -24.6591, 0.0014, 0.000050
850, -21.4773, 0.0015, 0.000050
851, -22.5000, 0.0010, 0.000050
852, -20.0455, 0.0163, 0.000050
853, -19.1591, 0.0012, 0.000050
854, -19.0909, 0.0045, 0.000050
855, -19.0000, 0.0013, 0.000050
856, -21.8182, 0.0010, 0.000050
857, -20.2955, 0.0051, 0.000050
858, -22.9773, 0.0011, 0.000050
859, -26.5227, 0.0016, 0.000050
860, -25.2273, 0.0014, 0.000050
861, -21.8182, 0.0012, 0.000050
862, -23.1364, 0.0010, 0.000050
863, -22.0455, 0.0009, 0.000050
864, -20.8182, 0.0010, 0.000050
865, -19.0682, 0.0009, 0.000050
866, -15.5227, 0.0009, 0.000050
867, -20.0682, 0.0029, 0.000050
868, -24.5455, 0.0018, 0.000050
869, -23.5455, 0.0018, 0.000050
870, -19.2273, 0.0009, 0.000050
871, -24.8409, 0.0023, 0.000050
872, -23.2500, 0.0018, 0.000050
873, -19.5455, 0.0010, 0.000050
874, -25.1136, 0.0014, 0.000050
875, -22.3636, 0.0012, 0.000050
876, -23.4091, 0.0019, 0.000050
877, -21.5238, 0.0173, 0.000050
878, -27.0227, 0.0012, 0.000050
879, -22.1136, 0.0019, 0.000050
880, -15.7955, 0.0011, 0.000050
881, -25.2195, 0.0027, 0.000050
882, -20.3636, 0.0011, 0.000050
883, -19.4773, 0.0148, 0.000050
884, -21.7273, 0.0021, 0.000050
885, -27.9318, 0.0012, 0.000050
886, -23.5227, 0.0010, 0.000050
887, -20.0909, 0.0011, 0.000050
888, -20.7045, 0.0015, 0.000050
889, -22.5714, 0.0026, 0.000050
890, -24.1591, 0.0019, 0.000050
891, -23.5000, 0.0014, 0.000050
892, -26.1818, 0.0015, 0.000050
893, -24.7955, 0.0012, 0.000050
894, -27.8182, 0.0126, 0.000050
895, -23.1136, 0.0017, 0.000050
896, -20.3636, 0.0009, 0.000050
897, -23.4091, 0.0017, 0.000050
898, -21.0682, 0.0024, 0.000050
899, -17.9091, 0.0032, 0.000050
900, -21.1364, 0.0040, 0.000050
901, -19.3864, 0.0009, 0.000050
902, -24.4318, 0.0018, 0.000050
903, -23.5909, 0.0017, 0.000050
904, -20.7273, 0.0077, 0.000050
905, -22.0465, 0.0015, 0.000050
906, -19.2955, 0.0025, 0.000050
907, -20.7727, 0.0009, 0.000050
908, -22.7045, 0.0014, 0.000050
909, -25.7500, 0.0009, 0.000050
910, -24.4545, 0.0014, 0.000050
911, -21.7955, 0.0083, 0.000050
912, -21.8333, 0.0018, 0.000050
913, -20.2727, 0.0051, 0.000050
914, -22.4318, 0.0053, 0.000050
915, -28.9535, 0.0010, 0.000050
916, -21.2045, 0.0143, 0.000050
917, -16.5000, 0.0010, 0.000050
918, -19.2727, 0.0009, 0.000050
919, -23.2500, 0.0020, 0.000050
920, -19.0455, 0.0010, 0.000050
921, -23.7500, 0.0011, 0.000050
922, -25.7619, 0.0009, 0.000050
923, -23.2727, 0.0022, 0.000050
924, -25.2500, 0.0013, 0.000050
925, -20.8409, 0.0009, 0.000050
926, -17.2045, 0.0010, 0.000050
927, -22.4318, 0.0036, 0.000050
928, -21.3023, 0.0011, 0.000050
929, -23.7500, 0.0044, 0.000050
930, -22.3721, 0.0020, 0.000050
931, -20.6364, 0.0027, 0.000050
932, -23.4651, 0.0047, 0.000050
933, -25.3636, 0.0015, 0.000050
934, -20.9545, 0.0008, 0.000050
935, -24.6591, 0.0053, 0.000050
936, -25.0682, 0.0011, 0.000050
937, -20.5682, 0.0010, 0.000050
938, -23.4091, 0.0015, 0.000050
939, -22.1395, 0.0166, 0.000050
940, -25.4091, 0.0016, 0.000050
941, -20.7045, 0.0013, 0.000050
942, -22.5455, 0.0052, 0.000050
943, -24.3256, 0.0012, 0.000050
944, -26.5909, 0.0012, 0.000050
945, -19.4773, 0.0009, 0.000050
946, -23.3409, 0.0042, 0.000050
947, -17.6364, 0.0011, 0.000050
948, -19.3409, 0.0009, 0.000050
949, -20.4318, 0.0011, 0.000050
950, -24.4091, 0.0010, 0.000050
951, -20.8864, 0.0009, 0.000050
952, -23.0227, 0.0012, 0.000050
953, -17.9091, 0.0014, 0.000050
954, -23.0455, 0.0010, 0.000050
955, -21.7500, 0.0024, 0.000050
956, -22.9302, 0.0036, 0.000050
957, -24.6818, 0.0024, 0.000050
958, -20.7955, 0.0010, 0.000050
959, -19.4318, 0.0010, 0.000050
960, -19.6364, 0.0010, 0.000050
961, -22.1364, 0.0165, 0.000050
962, -19.6977, 0.0014, 0.000050
963, -18.6818, 0.0010, 0.000050
964, -22.9773, 0.0014, 0.000050
965, -23.3636, 0.0022, 0.000050
966, -27.2500, 0.0016, 0.000050
967, -20.8864, 0.0034, 0.000050
968, -17.7500, 0.0008, 0.000050
969, -21.2727, 0.0025, 0.000050
970, -27.1136, 0.0013, 0.000050
971, -18.8636, 0.0011, 0.000050
972, -20.3409, 0.0013, 0.000050
973, -23.0909, 0.0028, 0.000050
974, -22.7273, 0.0015, 0.000050
975, -23.2500, 0.0010, 0.000050
976, -19.5227, 0.0011, 0.000050
977, -21.5455, 0.0024, 0.000050
978, -20.1818, 0.0010, 0.000050
979, -24.4091, 0.0021, 0.000050
980, -22.2045, 0.0165, 0.000050
981, -22.2955, 0.0023, 0.000050
982, -20.9091, 0.0009, 0.000050
983, -18.0000, 0.0013, 0.000050
984, -24.4318, 0.0010, 0.000050
985, -26.6136, 0.0014, 0.000050
986, -18.2500, 0.0008, 0.000050
987, -25.8182, 0.0011, 0.000050
988, -20.1818, 0.0045, 0.000050
989, -20.0227, 0.0009, 0.000050
990, -22.1364, 0.0013, 0.000050
991, -23.8864, 0.0036, 0.000050
992, -23.3488, 0.0018, 0.000050
993, -17.5682, 0.0008, 0.000050
994, -20.1364, 0.0037, 0.000050
995, -24.9773, 0.0018, 0.000050
996, -20.4545, 0.0083, 0.000050
997, -20.7955, 0.0011, 0.000050
998, -26.0909, 0.0010, 0.000050
999, -22.8372, 0.0056, 0.000050
1000, -21.4318, 0.0011, 0.000050
1001, -25.3864, 0.0020, 0.000050
1002, -21.4773, 0.0034, 0.000050
1003, -21.1364, 0.0023, 0.000050
1004, -20.5682, 0.0015, 0.000050
1005, -17.5000, 0.0009, 0.000050
1006, -21.5349, 0.0030, 0.000050
1007, -18.0909, 0.0023, 0.000050
1008, -22.2619, 0.0014, 0.000050
1009, -24.4545, 0.0020, 0.000050
1010, -18.6364, 0.0009, 0.000050
1011, -21.8864, 0.0014, 0.000050
1012, -24.8636, 0.0017, 0.000050
1013, -16.3409, 0.0011, 0.000050
1014, -22.0909, 0.0015, 0.000050
1015, -23.7500, 0.0044, 0.000050
1016, -20.2273, 0.0011, 0.000050
1017, -20.7273, 0.0042, 0.000050
1018, -20.3182, 0.0030, 0.000050
1019, -23.8636, 0.0035, 0.000050
1020, -25.1136, 0.0016, 0.000050
1021, -18.5909, 0.0079, 0.000050
1022, -20.5227, 0.0011, 0.000050
1023, -22.7442, 0.0141, 0.000050
1024, -20.6364, 0.0030, 0.000050
1025, -23.9773, 0.0118, 0.000050
1026, -21.6364, 0.0027, 0.000050
1027, -18.6364, 0.0106, 0.000050
1028, -22.4091, 0.0049, 0.000050
1029, -20.3182, 0.0033, 0.000050
1030, -26.2727, 0.0012, 0.000050
1031, -20.4773, 0.0008, 0.000050
1032, -22.5000, 0.0008, 0.000050
1033, -23.1667, 0.0013, 0.000050
1034, -20.0227, 0.0008, 0.000050
1035, -25.8810, 0.0010, 0.000050
1036, -18.3721, 0.0060, 0.000050
1037, -19.7045, 0.0010, 0.000050
1038, -20.1818, 0.0009, 0.000050
1039, -20.5909, 0.0029, 0.000050
1040, -20.2955, 0.0041, 0.000050
1041, -22.5227, 0.0013, 0.000050
1042, -24.2273, 0.0017, 0.000050
1043, -22.0909, 0.0011, 0.000050
1044, -22.4091, 0.0009, 0.000050
1045, -20.5455, 0.0010, 0.000050
1046, -25.3182, 0.0018, 0.000050
1047, -19.1364, 0.0009, 0.000050
1048, -22.7273, 0.0011, 0.000050
1049, -20.9545, 0.0015, 0.000050
1050, -20.0682, 0.0026, 0.000050
1051, -22.7045, 0.0028, 0.000050
1052, -19.5682, 0.0009, 0.000050
1053, -23.5227, 0.0012, 0.000050
1054, -22.2273, 0.0028, 0.000050
1055, -16.6818, 0.0012, 0.000050
1056, -19.0455, 0.0053, 0.000050
1057, -15.7500, 0.0011, 0.000050
1058, -20.2045, 0.0016, 0.000050
1059, -17.1591, 0.0011, 0.000050
1060, -23.6364, 0.0042, 0.000050
1061, -19.0682, 0.0015, 0.000050
1062, -24.1136, 0.0012, 0.000050
1063, -18.1818, 0.0008, 0.000050
1064, -23.4773, 0.0015, 0.000050
1065, -21.5909, 0.0053, 0.000050
1066, -24.8864, 0.0016, 0.000050
1067, -21.0714, 0.0010, 0.000050
1068, -23.0930, 0.0009, 0.000050
1069, -20.8636, 0.0009, 0.000050
1070, -20.9091, 0.0011, 0.000050
1071, -18.3409, 0.0008, 0.000050
1072, -21.7045, 0.0030, 0.000050
1073, -23.2273, 0.0014, 0.000050
1074, -20.9545, 0.0043, 0.000050
1075, -20.2955, 0.0014, 0.000050
1076, -21.1591, 0.0012, 0.000050
1077, -25.7143, 0.0016, 0.000050
1078, -19.7273, 0.0030, 0.000050
1079, -18.1591, 0.0008, 0.000050
1080, -17.5909, 0.0010, 0.000050
1081, -28.3636, 0.0031, 0.000050
1082, -21.3182, 0.0057, 0.000050
1083, -21.7955, 0.0015, 0.000050
1084, -22.6136, 0.0016, 0.000050
1085, -18.2273, 0.0043, 0.000050
1086, -25.9545, 0.0009, 0.000050
1087, -22.9318, 0.0025, 0.000050
1088, -23.4318, 0.0014, 0.000050
1089, -23.0000, 0.0017, 0.000050
1090, -22.7955, 0.0009, 0.000050
1091, -17.5909, 0.0010, 0.000050
1092, -22.6818, 0.0015, 0.000050
1093, -23.4545, 0.0037, 0.000050
1094, -22.4318, 0.0020, 0.000050
1095, -21.5455, 0.0011, 0.000050
1096, -28.4773, 0.0012, 0.000050
1097, -19.7500, 0.0086, 0.000050
1098, -21.8372, 0.0020, 0.000050
1099, -20.9545, 0.0009, 0.000050
1100, -23.0682, 0.0010, 0.000050
1101, -24.4318, 0.0019, 0.000050
1102, -19.0000, 0.0009, 0.000050
1103, -25.7727, 0.0011, 0.000050
1104, -20.5116, 0.0011, 0.000050
1105, -22.0682, 0.0015, 0.000050
1106, -23.2955, 0.0011, 0.000050
1107, -23.6136, 0.0014, 0.000050
1108, -20.4318, 0.0028, 0.000050
1109, -19.5682, 0.0011, 0.000050
1110, -17.8864, 0.0017, 0.000050
1111, -23.0682, 0.0017, 0.000050
1112, -25.7500, 0.0017, 0.000050
1113, -26.3864, 0.0015, 0.000050
1114, -22.0455, 0.0012, 0.000050
1115, -20.7500, 0.0062, 0.000050
1116, -21.2727, 0.0023, 0.000050
1117, -19.1364, 0.0011, 0.000050
1118, -22.1818, 0.0032, 0.000050
1119, -19.9318, 0.0024, 0.000050
1120, -23.8182, 0.0017, 0.000050
1121, -23.6744, 0.0034, 0.000050
1122, -24.2955, 0.0087, 0.000050
1123, -21.0909, 0.0010, 0.000050
1124, -23.6591, 0.0016, 0.000050
1125, -19.0227, 0.0013, 0.000050
1126, -17.2500, 0.0011, 0.000050
1127, -20.3636, 0.0078, 0.000050
1128, -25.2727, 0.0008, 0.000050
1129, -22.9535, 0.0017, 0.000050
1130, -20.8182, 0.0024, 0.000050
1131, -18.5000, 0.0009, 0.000050
1132, -21.0909, 0.0040, 0.000050
1133, -20.9773, 0.0137, 0.000050
1134, -19.5000, 0.0043, 0.000050
1135, -19.5000, 0.0009, 0.000050
1136, -17.6818, 0.0008, 0.000050
1137, -23.8636, 0.0016, 0.000050
1138, -21.0909, 0.0024, 0.000050
1139, -19.3409, 0.0009, 0.000050
1140, -23.0909, 0.0048, 0.000050
1141, -26.2273, 0.0012, 0.000050
1142, -20.5909, 0.0016, 0.000050
1143, -25.1136, 0.0011, 0.000050
1144, -22.2273, 0.0014, 0.000050
1145, -20.8182, 0.0013, 0.000050
1146, -19.0455, 0.0015, 0.000050
1147, -22.3409, 0.0078, 0.000050
1148, -21.3409, 0.0010, 0.000050
1149, -21.7500, 0.0009, 0.000050
1150, -22.3864, 0.0011, 0.000050
1151, -21.1364, 0.0010, 0.000050
1152, -21.5682, 0.0023, 0.000050
1153, -24.1818, 0.0016, 0.000050
1154, -19.3636, 0.0009, 0.000050
1155, -24.2273, 0.0045, 0.000050
1156, -19.0909, 0.0010, 0.000050
1157, -27.3256, 0.0011, 0.000050
1158, -18.0455, 0.0155, 0.000050
1159, -20.7907, 0.0010, 0.000050
1160, -20.2045, 0.0037, 0.000050
1161, -17.9318, 0.0128, 0.000050
1162, -19.0000, 0.0009, 0.000050
1163, -20.7727, 0.0032, 0.000050
1164, -19.5000, 0.0060, 0.000050
1165, -21.7045, 0.0110, 0.000050
1166, -18.4773, 0.0007, 0.000050
1167, -20.7273, 0.0008, 0.000050
1168, -19.3256, 0.0008, 0.000050
1169, -28.6591, 0.0009, 0.000050
1170, -24.0682, 0.0018, 0.000050
1171, -23.3488, 0.0115, 0.000050
1172, -20.0455, 0.0013, 0.000050
1173, -18.7955, 0.0018, 0.000050
1174, -23.4545, 0.0016, 0.000050
1175, -18.4091, 0.0022, 0.000050
1176, -24.4091, 0.0015, 0.000050
1177, -19.7955, 0.0024, 0.000050
1178, -20.3409, 0.0009, 0.000050
1179, -23.1364, 0.0013, 0.000050
1180, -20.2045, 0.0125, 0.000050
1181, -19.7045, 0.0057, 0.000050
1182, -18.7273, 0.0008, 0.000050
1183, -26.7500, 0.0015, 0.000050
1184, -19.2045, 0.0011, 0.000050
1185, -20.0455, 0.0010, 0.000050
1186, -23.2955, 0.0009, 0.000050
1187, -25.0455, 0.0012, 0.000050
1188, -24.2381, 0.0011, 0.000050
1189, -22.5000, 0.0009, 0.000050
1190, -19.5909, 0.0021, 0.000050
1191, -19.1136, 0.0008, 0.000050
1192, -19.7727, 0.0008, 0.000050
1193, -22.0000, 0.0021, 0.000050
1194, -26.0455, 0.0015, 0.000050
1195, -18.6364, 0.0010, 0.000050
1196, -17.8636, 0.0012, 0.000050
1197, -20.4318, 0.0075, 0.000050
1198, -25.1364, 0.0021, 0.000050
1199, -28.3023, 0.0008, 0.000050
1200, -18.2093, 0.0008, 0.000050
1201, -17.1818, 0.0010, 0.000050
1202, -18.7045, 0.0012, 0.000050
1203, -21.2045, 0.0011, 0.000050
1204, -23.9545, 0.0013, 0.000050
1205, -20.8182, 0.0035, 0.000050
1206, -17.1364, 0.0011, 0.000050
1207, -18.0909, 0.0010, 0.000050
1208, -20.2273, 0.0018, 0.000050
1209, -23.6136, 0.0032, 0.000050
1210, -25.3256, 0.0017, 0.000050
1211, -22.0000, 0.0016, 0.000050
1212, -17.2727, 0.0010, 0.000050
1213, -22.9773, 0.0014, 0.000050
1214, -20.3636, 0.0037, 0.000050
1215, -16.7500, 0.0007, 0.000050
1216, -24.2500, 0.0024, 0.000050
1217, -24.2727, 0.0033, 0.000050
1218, -25.2326, 0.0019, 0.000050
1219, -20.3636, 0.0010, 0.000050
1220, -21.2500, 0.0025, 0.000050
1221, -18.8864, 0.0014, 0.000050
1222, -20.7955, 0.0045, 0.000050
1223, -22.3636, 0.0012, 0.000050
1224, -21.3864, 0.0013, 0.000050
1225, -18.1860, 0.0011, 0.000050
1226, -21.0909, 0.0024, 0.000050
1227, -21.8182, 0.0043, 0.000050
1228, -22.5814, 0.0013, 0.000050
1229, -23.0909, 0.0024, 0.000050
1230, -23.6512, 0.0029, 0.000050
1231, -18.4318, 0.0155, 0.000050
1232, -23.0000, 0.0012, 0.000050
1233, -24.3864, 0.0016, 0.000050
1234, -19.6136, 0.0134, 0.000050
1235, -25.1591, 0.0014, 0.000050
1236, -20.0455, 0.0008, 0.000050
1237, -23.5000, 0.0011, 0.000050
1238, -21.9318, 0.0014, 0.000050
1239, -21.4545, 0.0018, 0.000050
1240, -21.9091, 0.0134, 0.000050
1241, -22.6364, 0.0015, 0.000050
1242, -22.6591, 0.0029, 0.000050
1243, -19.9091, 0.0045, 0.000050
1244, -18.7273, 0.0010, 0.000050
1245, -24.6136, 0.0063, 0.000050
1246, -22.8182, 0.0008, 0.000050
1247, -28.0909, 0.0010, 0.000050
1248, -20.5682, 0.0009, 0.000050
1249, -23.8409, 0.0010, 0.000050
1250, -19.4318, 0.0066, 0.000050
1251, -21.0682, 0.0014, 0.000050
1252, -21.1818, 0.0015, 0.000050
1253, -18.5227, 0.0008, 0.000050
1254, -19.2500, 0.0009, 0.000050
1255, -17.7273, 0.0008, 0.000050
1256, -22.0455, 0.0014, 0.000050
1257, -23.4318, 0.0016, 0.000050
1258, -23.2955, 0.0052, 0.000050
1259, -24.8409, 0.0016, 0.000050
1260, -16.2500, 0.0009, 0.000050
1261, -25.2955, 0.0013, 0.000050
1262, -19.2955, 0.0009, 0.000050
1263, -16.3182, 0.0011, 0.000050
1264, -19.1818, 0.0073, 0.000050
1265, -19.0455, 0.0133, 0.000050
1266, -15.4318, 0.0008, 0.000050
1267, -23.2273, 0.0010, 0.000050
1268, -17.2045, 0.0007, 0.000050
1269, -20.8864, 0.0016, 0.000050
1270, -20.3636, 0.0007, 0.000050
1271, -19.1818, 0.0006, 0.000050
1272, -20.3636, 0.0035, 0.000050
1273, -22.1818, 0.0020, 0.000050
1274, -21.6818, 0.0017, 0.000050
1275, -24.6136, 0.0017, 0.000050
1276, -21.8409, 0.0019, 0.000050
1277, -20.1364, 0.0008, 0.000050
1278, -18.7045, 0.0008, 0.000050
1279, -20.8409, 0.0022, 0.000050
1280, -19.7727, 0.0022, 0.000050
1281, -22.0000, 0.0020, 0.000050
1282, -22.0682, 0.0028, 0.000050
1283, -26.5909, 0.0011, 0.000050
1284, -18.1591, 0.0016, 0.000050
1285, -23.0909, 0.0013, 0.000050
1286, -17.3864, 0.0010, 0.000050
1287, -15.9773, 0.0009, 0.000050
1288, -23.2955, 0.0012, 0.000050
1289, -18.4545, 0.0010, 0.000050
1290, -20.0000, 0.0010, 0.000050
1291, -23.3409, 0.0059, 0.000050
1292, -21.2955, 0.0012, 0.000050
1293, -17.8140, 0.0015, 0.000050
1294, -20.2727, 0.0010, 0.000050
1295, -21.7727, 0.0011, 0.000050
1296, -16.6364, 0.0008, 0.000050
1297, -27.0682, 0.0025, 0.000050
1298, -21.5227, 0.0163, 0.000050
1299, -20.4048, 0.0010, 0.000050
1300, -17.3182, 0.0138, 0.000050
1301, -23.6364, 0.0017, 0.000050
1302, -26.7273, 0.0008, 0.000050
1303, -19.2273, 0.0011, 0.000050
1304, -22.6591, 0.0023, 0.000050
1305, -19.1818, 0.0068, 0.000050
1306, -17.3409, 0.0010, 0.000050
1307, -20.5000, 0.0008, 0.000050
1308, -21.2955, 0.0066, 0.000050
1309, -28.6136, 0.0011, 0.000050
1310, -25.4773, 0.0022, 0.000050
1311, -18.5455, 0.0011, 0.000050
1312, -19.8636, 0.0008, 0.000050
1313, -23.6591, 0.0011, 0.000050
1314, -20.4773, 0.0010, 0.000050
1315, -22.3636, 0.0011, 0.000050
1316, -20.4773, 0.0010, 0.000050
1317, -18.4091, 0.0009, 0.000050
1318, -23.0909, 0.0014, 0.000050
1319, -20.7209, 0.0042, 0.000050
1320, -19.8605, 0.0008, 0.000050
1321, -24.1364, 0.0018, 0.000050
1322, -18.6136, 0.0009, 0.000050
1323, -22.9535, 0.0056, 0.000050
1324, -18.9545, 0.0008, 0.000050
1325, -20.2727, 0.0011, 0.000050
1326, -24.4318, 0.0020, 0.000050
1327, -22.5909, 0.0016, 0.000050
1328, -18.6136, 0.0008, 0.000050
1329, -20.8864, 0.0015, 0.000050
1330, -20.5455, 0.0153, 0.000050
1331, -20.4545, 0.0133, 0.000050
1332, -18.4773, 0.0033, 0.000050
1333, -19.5000, 0.0028, 0.000050
1334, -22.5682, 0.0014, 0.000050
1335, -17.8182, 0.0008, 0.000050
1336, -21.8182, 0.0011, 0.000050
1337, -20.5227, 0.0010, 0.000050
1338, -22.7500, 0.0022, 0.000050
1339, -19.6818, 0.0010, 0.000050
1340, -23.4545, 0.0014, 0.000050
1341, -17.3409, 0.0011, 0.000050
1342, -24.1136, 0.0016, 0.000050
1343, -19.7273, 0.0010, 0.000050
1344, -21.4318, 0.0032, 0.000050
1345, -22.4545, 0.0032, 0.000050
1346, -19.1591, 0.0008, 0.000050
1347, -20.9091, 0.0138, 0.000050
1348, -20.7273, 0.0034, 0.000050
1349, -21.0909, 0.0027, 0.000050
1350, -16.8182, 0.0007, 0.000050
1351, -21.5909, 0.0012, 0.000050
1352, -18.1818, 0.0009, 0.000050
1353, -22.2045, 0.0011, 0.000050
1354, -25.3636, 0.0015, 0.000050
1355, -18.4091, 0.0009, 0.000050
1356, -19.7500, 0.0009, 0.000050
1357, -24.1364, 0.0018, 0.000050
1358, -16.7727, 0.0008, 0.000050
1359, -20.2326, 0.0010, 0.000050
1360, -19.7273, 0.0009, 0.000050
1361, -18.0455, 0.0140, 0.000050
1362, -24.0909, 0.0036, 0.000050
1363, -20.1591, 0.0014, 0.000050
1364, -21.0000, 0.0014, 0.000050
1365, -20.1136, 0.0022, 0.000050
1366, -23.3182, 0.0012, 0.000050
1367, -18.6364, 0.0009, 0.000050
1368, -18.6136, 0.0010, 0.000050
1369, -19.4545, 0.0011, 0.000050
1370, -14.7955, 0.0009, 0.000050
1371, -21.1591, 0.0009, 0.000050
1372, -17.2500, 0.0008, 0.000050
1373, -19.1591, 0.0136, 0.000050
1374, -21.7727, 0.0015, 0.000050
1375, -17.3409, 0.0062, 0.000050
1376, -26.2273, 0.0025, 0.000050
1377, -18.4545, 0.0061, 0.000050
1378, -19.6591, 0.0008, 0.000050
1379, -18.3182, 0.0033, 0.000050
1380, -18.2955, 0.0010, 0.000050
1381, -18.2727, 0.0008, 0.000050
1382, -22.6279, 0.0063, 0.000050
1383, -24.0227, 0.0009, 0.000050
1384, -18.1818, 0.0010, 0.000050
1385, -23.2326, 0.0026, 0.000050
1386, -17.3636, 0.0011, 0.000050
1387, -19.9545, 0.0008, 0.000050
1388, -19.6136, 0.0046, 0.000050
1389, -21.4091, 0.0012, 0.000050
1390, -22.0227, 0.0010, 0.000050
1391, -22.6818, 0.0014, 0.000050
1392, -17.3864, 0.0009, 0.000050
1393, -22.5682, 0.0010, 0.000050
1394, -18.9091, 0.0009, 0.000050
1395, -18.5682, 0.0012, 0.000050
1396, -20.7273, 0.0008, 0.000050
1397, -22.0465, 0.0013, 0.000050
1398, -17.4318, 0.0008, 0.000050
1399, -18.6279, 0.0013, 0.000050
1400, -18.4651, 0.0010, 0.000050
1401, -16.8182, 0.0008, 0.000050
1402, -17.5682, 0.0008, 0.000050
1403, -16.8864, 0.0009, 0.000050
1404, -21.1818, 0.0009, 0.000050
1405, -20.1136, 0.0009, 0.000050
1406, -21.3182, 0.0053, 0.000050
1407, -15.0682, 0.0012, 0.000050
1408, -25.1136, 0.0015, 0.000050
1409, -20.1136, 0.0024, 0.000050
1410, -21.6512, 0.0012, 0.000050
1411, -21.9318, 0.0053, 0.000050
1412, -18.3409, 0.0011, 0.000050
1413, -21.8864, 0.0010, 0.000050
1414, -16.1591, 0.0009, 0.000050
1415, -18.3636, 0.0010, 0.000050
1416, -21.1818, 0.0031, 0.000050
1417, -19.0455, 0.0009, 0.000050
1418, -21.2045, 0.0011, 0.000050
1419, -22.1136, 0.0029, 0.000050
1420, -19.3409, 0.0010, 0.000050
1421, -19.3409, 0.0009, 0.000050
1422, -21.9318, 0.0022, 0.000050
1423, -18.8864, 0.0056, 0.000050
1424, -22.7273, 0.0008, 0.000050
1425, -23.3409, 0.0014, 0.000050
1426, -20.7500, 0.0009, 0.000050
1427, -19.1364, 0.0020, 0.000050
1428, -20.8409, 0.0009, 0.000050
1429, -21.2955, 0.0014, 0.000050
1430, -17.7500, 0.0009, 0.000050
1431, -24.2955, 0.0016, 0.000050
1432, -22.2045, 0.0037, 0.000050
1433, -20.0227, 0.0010, 0.000050
1434, -20.7727, 0.0081, 0.000050
1435, -16.0682, 0.0010, 0.000050
1436, -15.1364, 0.0013, 0.000050
1437, -17.2791, 0.0009, 0.000050
1438, -21.3636, 0.0015, 0.000050
1439, -20.1364, 0.0016, 0.000050
1440, -21.7045, 0.0010, 0.000050
1441, -19.6818, 0.0008, 0.000050
1442, -22.8605, 0.0053, 0.000050
1443, -17.1818, 0.0012, 0.000050
1444, -16.6364, 0.0008, 0.000050
1445, -14.8182, 0.0013, 0.000050
1446, -17.8409, 0.0008, 0.000050
1447, -18.9535, 0.0009, 0.000050
1448, -24.2955, 0.0013, 0.000050
1449, -18.4545, 0.0053, 0.000050
1450, -18.9773, 0.0011, 0.000050
1451, -20.3182, 0.0028, 0.000050
1452, -23.8372, 0.0021, 0.000050
1453, -19.2955, 0.0010, 0.000050
1454, -20.6136, 0.0016, 0.000050
1455, -24.4545, 0.0011, 0.000050
1456, -24.3953, 0.0080, 0.000050
1457, -20.1818, 0.0050, 0.000050
1458, -22.0682, 0.0009, 0.000050
1459, -20.3182, 0.0017, 0.000050
1460, -21.1136, 0.0055, 0.000050
1461, -19.1818, 0.0027, 0.000050
1462, -20.1136, 0.0017, 0.000050
1463, -20.0909, 0.0024, 0.000050
1464, -18.3182, 0.0134, 0.000050
1465, -19.8864, 0.0012, 0.000050
1466, -17.2045, 0.0010, 0.000050
1467, -16.0000, 0.0008, 0.000050
1468, -24.2727, 0.0009, 0.000050
1469, -17.9545, 0.0008, 0.000050
1470, -24.9773, 0.0012, 0.000050
1471, -24.2500, 0.0013, 0.000050
1472, -22.5682, 0.0012, 0.000050
1473, -17.9091, 0.0014, 0.000050
1474, -22.5682, 0.0011, 0.000050
1475, -20.4091, 0.0075, 0.000050
1476, -18.9773, 0.0011, 0.000050
1477, -17.3182, 0.0010, 0.000050
1478, -23.1364, 0.0010, 0.000050
1479, -22.2955, 0.0022, 0.000050
1480, -19.7045, 0.0009, 0.000050
1481, -22.6136, 0.0020, 0.000050
1482, -18.3864, 0.0033, 0.000050
1483, -22.0227, 0.0026, 0.000050
1484, -19.4186, 0.0010, 0.000050
1485, -20.1905, 0.0009, 0.000050
1486, -20.9091, 0.0029, 0.000050
1487, -21.1429, 0.0012, 0.000050
1488, -21.1364, 0.0009, 0.000050
1489, -21.4651, 0.0015, 0.000050
1490, -20.3182, 0.0009, 0.000050
1491, -19.9091, 0.0022, 0.000050
1492, -18.5455, 0.0156, 0.000050
1493, -19.6744, 0.0022, 0.000050
1494, -22.0682, 0.0023, 0.000050
1495, -22.7955, 0.0018, 0.000050
1496, -20.3182, 0.0073, 0.000050
1497, -21.8605, 0.0010, 0.000050
1498, -16.0909, 0.0008, 0.000050
1499, -21.7500, 0.0024, 0.000050
1500, -22.3182, 0.0014, 0.000050
1501, -19.1591, 0.0008, 0.000050
1502, -19.3864, 0.0009, 0.000050
1503, -21.0455, 0.0139, 0.000050
1504, -16.6818, 0.0015, 0.000050
1505, -18.3409, 0.0007, 0.000050
1506, -14.7955, 0.0008, 0.000050
1507, -19.0909, 0.0120, 0.000050
1508, -21.0930, 0.0009, 0.000050
1509, -18.8636, 0.0009, 0.000050
1510, -17.3409, 0.0109, 0.000050
1511, -18.5682, 0.0014, 0.000050
1512, -22.3864, 0.0016, 0.000050
1513, -21.4773, 0.0008, 0.000050
1514, -16.9545, 0.0006, 0.000050
1515, -20.1136, 0.0011, 0.000050
1516, -22.3636, 0.0013, 0.000050
1517, -20.5909, 0.0013, 0.000050
1518, -23.7907, 0.0009, 0.000050
1519, -21.6136, 0.0007, 0.000050
1520, -18.6591, 0.0009, 0.000050
1521, -21.0227, 0.0047, 0.000050
1522, -18.5909, 0.0009, 0.000050
1523, -20.6591, 0.0007, 0.000050
1524, -21.5682, 0.0017, 0.000050
1525, -16.8636, 0.0009, 0.000050
1526, -17.8409, 0.0009, 0.000050
1527, -20.3488, 0.0007, 0.000050
1528, -15.8409, 0.0010, 0.000050
1529, -21.3636, 0.0010, 0.000050
1530, -20.4545, 0.0038, 0.000050
1531, -15.4091, 0.0007, 0.000050
1532, -20.0455, 0.0036, 0.000050
1533, -18.8864, 0.0009, 0.000050
1534, -18.5455, 0.0008, 0.000050
1535, -18.6364, 0.0067, 0.000050
1536, -23.4651, 0.0009, 0.000050
1537, -19.4524, 0.0046, 0.000050
1538, -20.0227, 0.0007, 0.000050
1539, -19.0909, 0.0022, 0.000050
1540, -22.5682, 0.0011, 0.000050
1541, -19.6136, 0.0008, 0.000050
1542, -17.0000, 0.0010, 0.000050
1543, -20.4318, 0.0031, 0.000050
1544, -19.3182, 0.0008, 0.000050
1545, -17.4091, 0.0008, 0.000050
1546, -18.4773, 0.0008, 0.000050
1547, -21.8182, 0.0012, 0.000050
1548, -23.1190, 0.0011, 0.000050
1549, -19.8182, 0.0008, 0.000050
1550, -19.7727, 0.0018, 0.000050
1551, -19.1591, 0.0009, 0.000050
1552, -14.2727, 0.0011, 0.000050
1553, -20.3864, 0.0008, 0.000050
1554, -20.9318, 0.0022, 0.000050
1555, -19.2955, 0.0008, 0.000050
1556, -22.0909, 0.0010, 0.000050
1557, -20.0909, 0.0024, 0.000050
1558, -21.5455, 0.0013, 0.000050
1559, -20.9318, 0.0009, 0.000050
1560, -17.9091, 0.0009, 0.000050
1561, -20.0227, 0.0012, 0.000050
1562, -20.7273, 0.0009, 0.000050
1563, -18.5909, 0.0009, 0.000050
1564, -20.3409, 0.0028, 0.000050
1565, -21.4524, 0.0028, 0.000050
1566, -15.3864, 0.0010, 0.000050
1567, -21.9318, 0.0016, 0.000050
1568, -19.3864, 0.0011, 0.000050
1569, -18.8636, 0.0056, 0.000050
1570, -19.9318, 0.0148, 0.000050
1571, -17.7045, 0.0063, 0.000050
1572, -20.0227, 0.0017, 0.000050
1573, -18.9318, 0.0010, 0.000050
1574, -17.0000, 0.0008, 0.000050
1575, -26.1364, 0.0052, 0.000050
1576, -15.2500, 0.0007, 0.000050
1577, -17.6591, 0.0025, 0.000050
1578, -17.0682, 0.0010, 0.000050
1579, -18.2955, 0.0007, 0.000050
1580, -22.3636, 0.0013, 0.000050
1581, -21.0455, 0.0021, 0.000050
1582, -25.5455, 0.0009, 0.000050
1583, -20.5909, 0.0016, 0.000050
1584, -21.3636, 0.0009, 0.000050
1585, -14.7727, 0.0009, 0.000050
1586, -15.9773, 0.0010, 0.000050
1587, -22.4762, 0.0052, 0.000050
1588, -20.6279, 0.0031, 0.000050
1589, -18.4773, 0.0010, 0.000050
1590, -19.1818, 0.0009, 0.000050
1591, -27.6364, 0.0010, 0.000050
1592, -20.6591, 0.0008, 0.000050
1593, -18.8409, 0.0009, 0.000050
1594, -18.3409, 0.0008, 0.000050
1595, -23.4773, 0.0011, 0.000050
1596, -21.6136, 0.0015, 0.000050
1597, -24.9773, 0.0011, 0.000050
1598, -21.9318, 0.0026, 0.000050
1599, -23.3256, 0.0008, 0.000050
1600, -16.4545, 0.0009, 0.000050
1601, -21.0455, 0.0011, 0.000050
1602, -12.4318, 0.0012, 0.000050
1603, -19.2727, 0.0012, 0.000050
1604, -19.4545, 0.0034, 0.000050
1605, -23.5455, 0.0013, 0.000050
1606, -16.6591, 0.0153, 0.000050
1607, -23.4091, 0.0014, 0.000050
1608, -20.2045, 0.0026, 0.000050
1609, -19.8182, 0.0016, 0.000050
1610, -19.3488, 0.0008, 0.000050
1611, -20.8864, 0.0010, 0.000050
1612, -22.6364, 0.0014, 0.000050
1613, -20.0227, 0.0010, 0.000050
1614, -19.1591, 0.0008, 0.000050
1615, -20.3636, 0.0010, 0.000050
1616, -20.4773, 0.0010, 0.000050
1617, -16.5227, 0.0009, 0.000050
1618, -19.0000, 0.0146, 0.000050
1619, -21.8605, 0.0024, 0.000050
1620, -17.1364, 0.0010, 0.000050
1621, -18.5000, 0.0008, 0.000050
1622, -18.1905, 0.0027, 0.000050
1623, -18.2727, 0.0013, 0.000050
1624, -21.2045, 0.0068, 0.000050
1625, -16.4773, 0.0008, 0.000050
1626, -24.0476, 0.0049, 0.000050
1627, -20.5909, 0.0010, 0.000050
1628, -18.7045, 0.0010, 0.000050
1629, -15.8636, 0.0007, 0.000050
1630, -19.0227, 0.0037, 0.000050
1631, -20.8864, 0.0067, 0.000050
1632, -19.0455, 0.0009, 0.000050
1633, -18.3864, 0.0008, 0.000050
1634, -18.7209, 0.0009, 0.000050
1635, -16.6591, 0.0125, 0.000050
1636, -20.7045, 0.0008, 0.000050
1637, -19.5000, 0.0016, 0.000050
1638, -17.6136, 0.0013, 0.000050
1639, -16.2727, 0.0007, 0.000050
1640, -22.6591, 0.0062, 0.000050
1641, -20.0714, 0.0008, 0.000050
1642, -19.7500, 0.0022, 0.000050
1643, -19.9318, 0.0008, 0.000050
1644, -18.0000, 0.0022, 0.000050
1645, -18.1136, 0.0008, 0.000050
1646, -18.5227, 0.0011, 0.000050
1647, -19.9773, 0.0011, 0.000050
1648, -17.3636, 0.0009, 0.000050
1649, -16.7500, 0.0009, 0.000050
1650, -20.5909, 0.0010, 0.000050
1651, -20.1163, 0.0008, 0.000050
1652, -22.0000, 0.0008, 0.000050
1653, -21.4545, 0.0017, 0.000050
1654, -17.2500, 0.0009, 0.000050
1655, -22.6364, 0.0075, 0.000050
1656, -17.3409, 0.0129, 0.000050
1657, -21.6136, 0.0028, 0.000050
1658, -14.7955, 0.0011, 0.000050
1659, -19.7955, 0.0058, 0.000050
1660, -18.8182, 0.0007, 0.000050
1661, -18.0227, 0.0010, 0.000050
1662, -24.2727, 0.0015, 0.000050
1663, -19.3864, 0.0008, 0.000050
1664, -17.9545, 0.0008, 0.000050
1665, -19.7500, 0.0047, 0.000050
1666, -21.0455, 0.0030, 0.000050
1667, -17.0233, 0.0011, 0.000050
1668, -20.9091, 0.0008, 0.000050
1669, -21.8182, 0.0009, 0.000050
1670, -20.2500, 0.0014, 0.000050
1671, -19.6591, 0.0022, 0.000050
1672, -17.7727, 0.0010, 0.000050
1673, -20.7727, 0.0015, 0.000050
1674, -22.8182, 0.0013, 0.000050
1675, -17.0909, 0.0007, 0.000050
1676, -18.2500, 0.0019, 0.000050
1677, -16.1364, 0.0008, 0.000050
1678, -23.2955, 0.0010, 0.000050
1679, -20.4318, 0.0027, 0.000050
1680, -20.3182, 0.0008, 0.000050
1681, -22.5349, 0.0076, 0.000050
1682, -19.4318, 0.0009, 0.000050
1683, -20.2273, 0.0010, 0.000050
1684, -16.1395, 0.0012, 0.000050
1685, -21.3182, 0.0017, 0.000050
1686, -21.4318, 0.0052, 0.000050
1687, -21.5909, 0.0018, 0.000050
1688, -20.7273, 0.0011, 0.000050
1689, -24.1818, 0.0025, 0.000050
1690, -20.2273, 0.0147, 0.000050
1691, -17.7273, 0.0010, 0.000050
1692, -17.2273, 0.0007, 0.000050
1693, -22.1364, 0.0010, 0.000050
1694, -19.1591, 0.0009, 0.000050
1695, -21.2093, 0.0009, 0.000050
1696, -21.5455, 0.0022, 0.000050
1697, -18.4773, 0.0047, 0.000050
1698, -23.4091, 0.0021, 0.000050
1699, -21.4545, 0.0014, 0.000050
1700, -18.7045, 0.0009, 0.000050
1701, -17.8409, 0.0069, 0.000050
1702, -22.3256, 0.0037, 0.000050
1703, -20.3864, 0.0013, 0.000050
1704, -20.0000, 0.0011, 0.000050
1705, -22.7500, 0.0009, 0.000050
1706, -17.1591, 0.0008, 0.000050
1707, -17.3182, 0.0009, 0.000050
1708, -17.5455, 0.0069, 0.000050
1709, -21.0455, 0.0020, 0.000050
1710, -22.8409, 0.0132, 0.000050
1711, -20.9545, 0.0014, 0.000050
1712, -20.5814, 0.0011, 0.000050
1713, -15.3488, 0.0010, 0.000050
1714, -19.4091, 0.0012, 0.000050
1715, -18.7143, 0.0008, 0.000050
1716, -17.7273, 0.0008, 0.000050
1717, -18.5227, 0.0009, 0.000050
1718, -18.6512, 0.0017, 0.000050
1719, -23.3409, 0.0010, 0.000050
1720, -18.1136, 0.0009, 0.000050
1721, -16.2045, 0.0010, 0.000050
1722, -19.0909, 0.0007, 0.000050
1723, -21.9773, 0.0019, 0.000050
1724, -20.5227, 0.0051, 0.000050
1725, -24.2955, 0.0014, 0.000050
1726, -20.8636, 0.0010, 0.000050
1727, -19.8182, 0.0008, 0.000050
1728, -19.7500, 0.0010, 0.000050
1729, -19.7045, 0.0020, 0.000050
1730, -20.7273, 0.0012, 0.000050
1731, -15.3182, 0.0008, 0.000050
1732, -18.9318, 0.0008, 0.000050
1733, -19.3571, 0.0074, 0.000050
1734, -17.8409, 0.0009, 0.000050
1735, -21.7955, 0.0014, 0.000050
1736, -18.4318, 0.0007, 0.000050
1737, -18.3182, 0.0007, 0.000050
1738, -18.5227, 0.0009, 0.000050
1739, -20.5682, 0.0049, 0.000050
1740, -17.6818, 0.0031, 0.000050
1741, -22.6364, 0.0039, 0.000050
1742, -20.1364, 0.0008, 0.000050
1743, -18.0455, 0.0008, 0.000050
1744, -15.2045, 0.0007, 0.000050
1745, -22.7500, 0.0017, 0.000050
1746, -15.7727, 0.0008, 0.000050
1747, -21.3864, 0.0009, 0.000050
1748, -15.5455, 0.0007, 0.000050
1749, -18.8182, 0.0008, 0.000050
1750, -16.2500, 0.0009, 0.000050
1751, -20.4884, 0.0021, 0.000050
1752, -22.9091, 0.0023, 0.000050
1753, -22.1591, 0.0052, 0.000050
1754, -17.3409, 0.0021, 0.000050
1755, -20.8182, 0.0024, 0.000050
1756, -17.8409, 0.0011, 0.000050
1757, -16.1591, 0.0010, 0.000050
1758, -17.9318, 0.0010, 0.000050
1759, -20.2727, 0.0141, 0.000050
1760, -18.7273, 0.0011, 0.000050
1761, -19.6818, 0.0009, 0.000050
1762, -19.1136, 0.0009, 0.000050
1763, -22.3409, 0.0014, 0.000050
1764, -18.8182, 0.0042, 0.000050
1765, -22.9545, 0.0011, 0.000050
1766, -19.4091, 0.0008, 0.000050
1767, -21.1818, 0.0037, 0.000050
1768, -21.7273, 0.0010, 0.000050
1769, -22.9773, 0.0014, 0.000050
1770, -22.2093, 0.0024, 0.000050
1771, -22.8409, 0.0011, 0.000050
1772, -18.6047, 0.0008, 0.000050
1773, -17.3409, 0.0075, 0.000050
1774, -23.7273, 0.0053, 0.000050
1775, -21.7273, 0.0008, 0.000050
1776, -20.1818, 0.0007, 0.000050
1777, -20.5909, 0.0021, 0.000050
1778, -21.0227, 0.0049, 0.000050
1779, -20.4091, 0.0008, 0.000050
1780, -19.2273, 0.0009, 0.000050
1781, -21.3182, 0.0012, 0.000050
1782, -21.1364, 0.0010, 0.000050
1783, -20.7955, 0.0018, 0.000050
1784, -20.8182, 0.0035, 0.000050
1785, -19.6818, 0.0008, 0.000050
1786, -16.9773, 0.0010, 0.000050
1787, -19.9091, 0.0016, 0.000050
1788, -18.9318, 0.0009, 0.000050
1789, -16.7273, 0.0009, 0.000050
1790, -18.1591, 0.0017, 0.000050
1791, -15.4773, 0.0009, 0.000050
1792, -14.9535, 0.0008, 0.000050
1793, -16.3409, 0.0010, 0.000050
1794, -18.8636, 0.0009, 0.000050
1795, -22.6136, 0.0015, 0.000050
1796, -18.3409, 0.0025, 0.000050
1797, -17.7727, 0.0008, 0.000050
1798, -22.9091, 0.0021, 0.000050
1799, -17.5455, 0.0009, 0.000050
1800, -17.9545, 0.0145, 0.000050
1801, -18.4545, 0.0025, 0.000050
1802, -18.8409, 0.0009, 0.000050
1803, -17.2500, 0.0009, 0.000050
1804, -20.1364, 0.0019, 0.000050
1805, -20.7273, 0.0009, 0.000050
1806, -17.5227, 0.0008, 0.000050
1807, -18.8864, 0.0009, 0.000050
1808, -15.1591, 0.0009, 0.000050
1809, -19.9318, 0.0010, 0.000050
1810, -23.5682, 0.0013, 0.000050
1811, -23.3182, 0.0014, 0.000050
1812, -20.1136, 0.0023, 0.000050
1813, -20.4318, 0.0052, 0.000050
1814, -16.8409, 0.0008, 0.000050
1815, -21.7955, 0.0017, 0.000050
1816, -23.0455, 0.0014, 0.000050
1817, -21.5682, 0.0022, 0.000050
1818, -18.7955, 0.0009, 0.000050
1819, -21.7045, 0.0008, 0.000050
1820, -18.5227, 0.0021, 0.000050
1821, -20.5909, 0.0025, 0.000050
1822, -19.5000, 0.0008, 0.000050
1823, -19.7045, 0.0054, 0.000050
1824, -21.4773, 0.0011, 0.000050
1825, -17.5000, 0.0009, 0.000050
1826, -17.8409, 0.0013, 0.000050
1827, -21.6136, 0.0151, 0.000050
1828, -22.6136, 0.0011, 0.000050
1829, -17.2500, 0.0010, 0.000050
1830, -19.2045, 0.0012, 0.000050
1831, -20.6136, 0.0134, 0.000050
1832, -20.1136, 0.0014, 0.000050
1833, -17.2045, 0.0012, 0.000050
1834, -20.4318, 0.0119, 0.000050
1835, -24.4318, 0.0006, 0.000050
1836, -23.1591, 0.0010, 0.000050
1837, -18.3409, 0.0010, 0.000050
1838, -18.4773, 0.0009, 0.000050
1839, -19.7273, 0.0032, 0.000050
1840, -18.8636, 0.0007, 0.000050
1841, -20.6136, 0.0008, 0.000050
1842, -15.6818, 0.0011, 0.000050
1843, -17.7273, 0.0007, 0.000050
1844, -23.6591, 0.0025, 0.000050
1845, -19.8864, 0.0007, 0.000050
1846, -15.4773, 0.0012, 0.000050
1847, -18.5000, 0.0008, 0.000050
1848, -19.6591, 0.0008, 0.000050
1849, -18.8810, 0.0011, 0.000050
1850, -24.8636, 0.0040, 0.000050
1851, -23.4773, 0.0011, 0.000050
1852, -18.5682, 0.0009, 0.000050
1853, -21.4318, 0.0033, 0.000050
1854, -23.6190, 0.0009, 0.000050
1855, -14.8636, 0.0008, 0.000050
1856, -18.4545, 0.0032, 0.000050
1857, -24.3095, 0.0033, 0.000050
1858, -19.0227, 0.0010, 0.000050
1859, -21.2500, 0.0009, 0.000050
1860, -19.4318, 0.0009, 0.000050
1861, -19.0455, 0.0009, 0.000050
1862, -21.7273, 0.0009, 0.000050
1863, -20.4091, 0.0041, 0.000050
1864, -19.1818, 0.0074, 0.000050
1865, -20.0227, 0.0009, 0.000050
1866, -16.8182, 0.0012, 0.000050
1867, -24.6591, 0.0010, 0.000050
1868, -22.6136, 0.0013, 0.000050
1869, -20.5455, 0.0076, 0.000050
1870, -18.1364, 0.0007, 0.000050
1871, -19.7273, 0.0009, 0.000050
1872, -25.1136, 0.0010, 0.000050
1873, -19.7727, 0.0020, 0.000050
1874, -21.3182, 0.0011, 0.000050
1875, -25.5455, 0.0015, 0.000050
1876, -20.9070, 0.0009, 0.000050
1877, -23.7500, 0.0079, 0.000050
1878, -23.0227, 0.0010, 0.000050
1879, -22.2955, 0.0034, 0.000050
1880, -18.6818, 0.0144, 0.000050
1881, -19.2273, 0.0010, 0.000050
1882, -21.8636, 0.0127, 0.000050
1883, -19.8605, 0.0008, 0.000050
1884, -23.2500, 0.0019, 0.000050
1885, -24.0000, 0.0015, 0.000050
1886, -24.3636, 0.0007, 0.000050
1887, -18.1136, 0.0007, 0.000050
1888, -23.3864, 0.0024, 0.000050
1889, -17.6364, 0.0009, 0.000050
1890, -21.0000, 0.0031, 0.000050
1891, -19.1136, 0.0018, 0.000050
1892, -23.0455, 0.0012, 0.000050
1893, -24.1591, 0.0014, 0.000050
1894, -21.0455, 0.0020, 0.000050
1895, -18.7045, 0.0009, 0.000050
1896, -21.0233, 0.0022, 0.000050
1897, -18.2727, 0.0018, 0.000050
1898, -20.9545, 0.0026, 0.000050
1899, -15.2955, 0.0009, 0.000050
1900, -18.2045, 0.0027, 0.000050
1901, -18.3953, 0.0008, 0.000050
1902, -19.8864, 0.0008, 0.000050
1903, -18.2955, 0.0146, 0.000050
1904, -20.4773, 0.0009, 0.000050
1905, -17.7907, 0.0009, 0.000050
1906, -19.3409, 0.0008, 0.000050
1907, -16.7955, 0.0046, 0.000050
1908, -19.3182, 0.0046, 0.000050
1909, -23.8636, 0.0016, 0.000050
1910, -19.6591, 0.0064, 0.000050
1911, -19.5682, 0.0008, 0.000050
1912, -18.7273, 0.0042, 0.000050
1913, -17.5714, 0.0009, 0.000050
1914, -24.2500, 0.0011, 0.000050
1915, -18.8636, 0.0006, 0.000050
1916, -25.2273, 0.0009, 0.000050
1917, -19.0000, 0.0009, 0.000050
1918, -22.7273, 0.0020, 0.000050
1919, -19.4091, 0.0010, 0.000050
1920, -18.3182, 0.0030, 0.000050
1921, -19.8182, 0.0011, 0.000050
1922, -19.6136, 0.0027, 0.000050
1923, -19.1136, 0.0032, 0.000050
1924, -26.9545, 0.0015, 0.000050
1925, -16.5909, 0.0012, 0.000050
1926, -18.6136, 0.0008, 0.000050
1927, -22.9773, 0.0013, 0.000050
1928, -19.6591, 0.0052, 0.000050
1929, -22.3409, 0.0141, 0.000050
1930, -22.1591, 0.0010, 0.000050
1931, -20.8140, 0.0016, 0.000050
1932, -15.2045, 0.0009, 0.000050
1933, -18.5909, 0.0066, 0.000050
1934, -16.8864, 0.0007, 0.000050
1935, -19.3182, 0.0033, 0.000050
1936, -21.4186, 0.0010, 0.000050
1937, -18.2273, 0.0009, 0.000050
1938, -18.8864, 0.0011, 0.000050
1939, -17.0682, 0.0009, 0.000050
1940, -19.8182, 0.0008, 0.000050
1941, -19.2955, 0.0016, 0.000050
1942, -14.8636, 0.0008, 0.000050
1943, -18.4318, 0.0009, 0.000050
1944, -24.0488, 0.0013, 0.000050
1945, -15.8864, 0.0009, 0.000050
1946, -15.9545, 0.0008, 0.000050
1947, -17.6136, 0.0010, 0.000050
1948, -19.9545, 0.0009, 0.000050
1949, -24.3488, 0.0011, 0.000050
1950, -20.6136, 0.0009, 0.000050
1951, -21.2500, 0.0013, 0.000050
1952, -19.5227, 0.0021, 0.000050
1953, -21.0227, 0.0029, 0.000050
1954, -19.8864, 0.0011, 0.000050
1955, -19.1364, 0.0010, 0.000050
1956, -18.3636, 0.0009, 0.000050
1957, -24.4773, 0.0012, 0.000050
1958, -22.2727, 0.0009, 0.000050
1959, -19.5227, 0.0008, 0.000050
1960, -16.2955, 0.0008, 0.000050
1961, -20.4545, 0.0023, 0.000050
1962, -22.5227, 0.0018, 0.000050
1963, -19.0455, 0.0009, 0.000050
1964, -20.9545, 0.0024, 0.000050
1965, -22.2955, 0.0010, 0.000050
1966, -17.9773, 0.0008, 0.000050
1967, -21.9318, 0.0021, 0.000050
1968, -16.5227, 0.0009, 0.000050
1969, -17.2727, 0.0079, 0.000050
1970, -17.8409, 0.0009, 0.000050
1971, -23.0455, 0.0013, 0.000050
1972, -20.7273, 0.0008, 0.000050
1973, -23.1628, 0.0011, 0.000050
1974, -17.4773, 0.0012, 0.000050
1975, -23.8182, 0.0016, 0.000050
1976, -20.1591, 0.0053, 0.000050
1977, -21.4773, 0.0022, 0.000050
1978, -17.4773, 0.0075, 0.000050
1979, -19.4318, 0.0013, 0.000050
1980, -21.0930, 0.0019, 0.000050
1981, -23.7273, 0.0040, 0.000050
1982, -18.9545, 0.0008, 0.000050
1983, -15.7727, 0.0008, 0.000050
1984, -19.2955, 0.0037, 0.000050
1985, -21.4318, 0.0048, 0.000050
1986, -20.6818, 0.0024, 0.000050
1987, -19.6364, 0.0010, 0.000050
1988, -21.7209, 0.0013, 0.000050
1989, -14.8864, 0.0008, 0.000050
1990, -19.8182, 0.0012, 0.000050
1991, -17.4091, 0.0010, 0.000050
1992, -20.2500, 0.0008, 0.000050
1993, -22.5116, 0.0017, 0.000050
1994, -22.1364, 0.0012, 0.000050
1995, -20.7727, 0.0008, 0.000050
1996, -22.1591, 0.0035, 0.000050
1997, -22.0000, 0.0011, 0.000050
1998, -19.2955, 0.0009, 0.000050
1999, -21.0682, 0.0036, 0.000050
2000, -21.1818, 0.0153, 0.000050
2001, -21.2500, 0.0010, 0.000050
2002, -23.6591, 0.0011, 0.000050
2003, -16.9091, 0.0010, 0.000050
2004, -17.9318, 0.0008, 0.000050
2005, -18.5227, 0.0014, 0.000050
2006, -24.3182, 0.0013, 0.000050
2007, -19.1818, 0.0027, 0.000050
2008, -24.6591, 0.0010, 0.000050
2009, -25.7727, 0.0010, 0.000050
2010, -16.3864, 0.0009, 0.000050
2011, -20.5909, 0.0011, 0.000050
2012, -18.1136, 0.0053, 0.000050
2013, -20.2045, 0.0012, 0.000050
2014, -21.8864, 0.0010, 0.000050
2015, -17.7045, 0.0010, 0.000050
2016, -22.3636, 0.0016, 0.000050
2017, -16.5909, 0.0023, 0.000050
2018, -23.6364, 0.0012, 0.000050
2019, -23.5455, 0.0013, 0.000050
2020, -14.7045, 0.0077, 0.000050
2021, -19.2727, 0.0010, 0.000050
2022, -20.9318, 0.0010, 0.000050
2023, -14.5000, 0.0010, 0.000050
2024, -19.3409, 0.0143, 0.000050
2025, -16.5909, 0.0007, 0.000050
2026, -18.6364, 0.0008, 0.000050
2027, -18.2045, 0.0008, 0.000050
2028, -23.2273, 0.0008, 0.000050
2029, -17.0227, 0.0008, 0.000050
2030, -20.9524, 0.0008, 0.000050
2031, -18.8182, 0.0010, 0.000050
2032, -19.2500, 0.0134, 0.000050
2033, -18.2326, 0.0010, 0.000050
2034, -19.1591, 0.0007, 0.000050
2035, -21.3182, 0.0010, 0.000050
2036, -21.4651, 0.0019, 0.000050
2037, -18.0682, 0.0009, 0.000050
2038, -19.5455, 0.0007, 0.000050
2039, -18.8864, 0.0025, 0.000050
2040, -21.2045, 0.0029, 0.000050
2041, -14.7381, 0.0011, 0.000050
2042, -21.6591, 0.0021, 0.000050
2043, -19.7727, 0.0011, 0.000050
2044, -21.9524, 0.0014, 0.000050
2045, -18.5814, 0.0008, 0.000050
2046, -20.4318, 0.0008, 0.000050
2047, -19.4186, 0.0010, 0.000050
2048, -14.8140, 0.0007, 0.000050
2049, -20.6136, 0.0051, 0.000050
2050, -17.0909, 0.0138, 0.000050
2051, -20.7500, 0.0009, 0.000050
2052, -22.1591, 0.0036, 0.000050
2053, -19.5227, 0.0043, 0.000050
2054, -21.1364, 0.0033, 0.000050
2055, -22.2045, 0.0015, 0.000050
2056, -16.9091, 0.0007, 0.000050
2057, -22.0682, 0.0016, 0.000050
2058, -25.5227, 0.0023, 0.000050
2059, -16.6364, 0.0013, 0.000050
2060, -18.8409, 0.0008, 0.000050
2061, -22.1364, 0.0025, 0.000050
2062, -18.7727, 0.0012, 0.000050
2063, -24.2045, 0.0040, 0.000050
2064, -19.1818, 0.0038, 0.000050
2065, -22.4773, 0.0135, 0.000050
2066, -24.2955, 0.0013, 0.000050
2067, -22.7045, 0.0016, 0.000050
2068, -20.9545, 0.0029, 0.000050
2069, -20.7500, 0.0012, 0.000050
2070, -19.4545, 0.0022, 0.000050
2071, -16.0227, 0.0067, 0.000050
2072, -17.3636, 0.0011, 0.000050
2073, -20.8864, 0.0028, 0.000050
2074, -18.0000, 0.0009, 0.000050
2075, -19.1860, 0.0011, 0.000050
2076, -20.9091, 0.0009, 0.000050
2077, -24.3864, 0.0011, 0.000050
2078, -20.7381, 0.0009, 0.000050
2079, -20.5000, 0.0011, 0.000050
2080, -24.8864, 0.0008, 0.000050
2081, -24.3636, 0.0014, 0.000050
2082, -22.0909, 0.0031, 0.000050
2083, -20.5000, 0.0009, 0.000050
2084, -18.3409, 0.0013, 0.000050
2085, -23.0227, 0.0024, 0.000050
2086, -20.5909, 0.0017, 0.000050
2087, -24.1591, 0.0010, 0.000050
2088, -20.9091, 0.0012, 0.000050
2089, -19.1364, 0.0010, 0.000050
2090, -23.7727, 0.0024, 0.000050
2091, -21.3864, 0.0031, 0.000050
2092, -23.2727, 0.0032, 0.000050
2093, -18.6364, 0.0034, 0.000050
2094, -19.4773, 0.0008, 0.000050
2095, -23.7727, 0.0019, 0.000050
2096, -19.3636, 0.0042, 0.000050
2097, -16.2558, 0.0010, 0.000050
2098, -15.8864, 0.0008, 0.000050
2099, -21.0909, 0.0013, 0.000050
2100, -21.5455, 0.0018, 0.000050
2101, -20.8864, 0.0043, 0.000050
2102, -20.7955, 0.0015, 0.000050
2103, -22.4545, 0.0018, 0.000050
2104, -16.6818, 0.0010, 0.000050
2105, -21.4773, 0.0029, 0.000050
2106, -18.0909, 0.0010, 0.000050
2107, -20.2727, 0.0012, 0.000050
2108, -17.5909, 0.0040, 0.000050
2109, -15.3409, 0.0008, 0.000050
2110, -20.2500, 0.0148, 0.000050
2111, -19.4545, 0.0016, 0.000050
2112, -19.0455, 0.0017, 0.000050
2113, -18.6136, 0.0011, 0.000050
2114, -19.4318, 0.0009, 0.000050
2115, -16.6364, 0.0129, 0.000050
2116, -20.7273, 0.0008, 0.000050
2117, -20.7273, 0.0022, 0.000050
2118, -19.9091, 0.0010, 0.000050
2119, -20.6818, 0.0015, 0.000050
2120, -23.4773, 0.0011, 0.000050
2121, -23.1591, 0.0009, 0.000050
2122, -20.7955, 0.0007, 0.000050
2123, -24.5682, 0.0011, 0.000050
2124, -20.8182, 0.0132, 0.000050
2125, -24.5000, 0.0012, 0.000050
2126, -16.9545, 0.0010, 0.000050
2127, -19.4773, 0.0009, 0.000050
2128, -14.9545, 0.0009, 0.000050
2129, -21.6364, 0.0008, 0.000050
2130, -21.2500, 0.0020, 0.000050
2131, -18.8409, 0.0009, 0.000050
2132, -24.0930, 0.0014, 0.000050
2133, -19.8864, 0.0007, 0.000050
2134, -21.0455, 0.0010, 0.000050
2135, -23.0682, 0.0022, 0.000050
2136, -20.3864, 0.0008, 0.000050
2137, -19.7045, 0.0075, 0.000050
2138, -20.6364, 0.0010, 0.000050
2139, -19.7727, 0.0010, 0.000050
2140, -19.2500, 0.0008, 0.000050
2141, -20.3636, 0.0008, 0.000050
2142, -18.6818, 0.0010, 0.000050
2143, -18.3409, 0.0009, 0.000050
2144, -16.9318, 0.0008, 0.000050
2145, -20.0455, 0.0009, 0.000050
2146, -15.7045, 0.0008, 0.000050
2147, -19.0000, 0.0053, 0.000050
2148, -19.0000, 0.0008, 0.000050
2149, -22.0909, 0.0011, 0.000050
2150, -19.0909, 0.0009, 0.000050
2151, -20.1818, 0.0008, 0.000050
2152, -18.9545, 0.0015, 0.000050
2153, -23.4545, 0.0010, 0.000050
2154, -22.5116, 0.0015, 0.000050
2155, -21.2955, 0.0031, 0.000050
2156, -22.5909, 0.0029, 0.000050
2157, -21.8409, 0.0081, 0.000050
2158, -24.8571, 0.0057, 0.000050
2159, -18.2273, 0.0038, 0.000050
2160, -24.4545, 0.0011, 0.000050
2161, -19.9318, 0.0011, 0.000050
2162, -26.0909, 0.0012, 0.000050
2163, -18.7727, 0.0051, 0.000050
2164, -20.2955, 0.0023, 0.000050
2165, -18.3864, 0.0037, 0.000050
2166, -21.0909, 0.0011, 0.000050
2167, -17.9318, 0.0009, 0.000050
2168, -20.2500, 0.0010, 0.000050
2169, -19.6591, 0.0008, 0.000050
2170, -15.4545, 0.0009, 0.000050
2171, -19.8182, 0.0038, 0.000050
2172, -20.1818, 0.0008, 0.000050
2173, -18.3409, 0.0021, 0.000050
2174, -18.7045, 0.0008, 0.000050
2175, -20.3182, 0.0142, 0.000050
2176, -21.2955, 0.0066, 0.000050
2177, -19.8409, 0.0016, 0.000050
2178, -17.8409, 0.0008, 0.000050
2179, -18.5909, 0.0009, 0.000050
2180, -19.4091, 0.0011, 0.000050
2181, -16.6364, 0.0010, 0.000050
2182, -22.4545, 0.0019, 0.000050
2183, -19.2727, 0.0134, 0.000050
2184, -20.0455, 0.0018, 0.000050
2185, -20.8409, 0.0006, 0.000050
2186, -17.2955, 0.0007, 0.000050
2187, -23.7727, 0.0011, 0.000050
2188, -20.1136, 0.0008, 0.000050
2189, -23.1591, 0.0015, 0.000050
2190, -19.8182, 0.0009, 0.000050
2191, -24.2045, 0.0009, 0.000050
2192, -18.7727, 0.0010, 0.000050
2193, -22.2273, 0.0014, 0.000050
2194, -20.1591, 0.0010, 0.000050
2195, -16.1818, 0.0011, 0.000050
2196, -23.9773, 0.0016, 0.000050
2197, -19.0000, 0.0007, 0.000050
2198, -17.6744, 0.0010, 0.000050
2199, -20.5349, 0.0011, 0.000050
2200, -18.9318, 0.0033, 0.000050
2201, -23.2045, 0.0012, 0.000050
2202, -22.0682, 0.0016, 0.000050
2203, -23.6818, 0.0012, 0.000050
2204, -19.2273, 0.0151, 0.000050
2205, -19.6591, 0.0013, 0.000050
2206, -17.8636, 0.0008, 0.000050
2207, -20.3636, 0.0047, 0.000050
2208, -18.3182, 0.0008, 0.000050
2209, -16.9318, 0.0040, 0.000050
2210, -19.5000, 0.0008, 0.000050
2211, -18.3864, 0.0010, 0.000050
2212, -18.3409, 0.0048, 0.000050
2213, -23.8409, 0.0010, 0.000050
2214, -20.6512, 0.0007, 0.000050
2215, -20.9091, 0.0050, 0.000050
2216, -22.6744, 0.0023, 0.000050
2217, -24.5909, 0.0013, 0.000050
2218, -18.4318, 0.0031, 0.000050
2219, -20.4318, 0.0008, 0.000050
2220, -17.8140, 0.0012, 0.000050
2221, -22.4545, 0.0010, 0.000050
2222, -21.4773, 0.0015, 0.000050
2223, -20.4091, 0.0147, 0.000050
2224, -16.2955, 0.0008, 0.000050
2225, -21.8182, 0.0007, 0.000050
2226, -21.9091, 0.0072, 0.000050
2227, -17.9545, 0.0007, 0.000050
2228, -17.4318, 0.0008, 0.000050
2229, -20.3864, 0.0016, 0.000050
2230, -18.5909, 0.0012, 0.000050
2231, -19.1905, 0.0008, 0.000050
2232, -23.8636, 0.0024, 0.000050
2233, -19.5455, 0.0008, 0.000050
2234, -20.0000, 0.0010, 0.000050
2235, -23.3182, 0.0014, 0.000050
2236, -20.2500, 0.0024, 0.000050
2237, -21.6364, 0.0011, 0.000050
2238, -22.9545, 0.0053, 0.000050
2239, -18.9545, 0.0146, 0.000050
2240, -23.1818, 0.0013, 0.000050
2241, -23.5227, 0.0014, 0.000050
2242, -26.2727, 0.0011, 0.000050
2243, -15.8182, 0.0008, 0.000050
2244, -19.2500, 0.0009, 0.000050
2245, -19.5455, 0.0025, 0.000050
2246, -17.8182, 0.0008, 0.000050
2247, -21.3409, 0.0010, 0.000050
2248, -22.8636, 0.0009, 0.000050
2249, -17.1591, 0.0007, 0.000050
2250, -16.7500, 0.0009, 0.000050
2251, -22.6818, 0.0033, 0.000050
2252, -19.2045, 0.0010, 0.000050
2253, -20.8636, 0.0020, 0.000050
2254, -19.5000, 0.0076, 0.000050
2255, -16.9318, 0.0010, 0.000050
2256, -17.7273, 0.0007, 0.000050
2257, -18.3864, 0.0008, 0.000050
2258, -15.9773, 0.0010, 0.000050
2259, -22.2727, 0.0012, 0.000050
2260, -16.5682, 0.0008, 0.000050
2261, -18.1190, 0.0008, 0.000050
2262, -19.2273, 0.0008, 0.000050
2263, -19.5581, 0.0011, 0.000050
2264, -21.4545, 0.0033, 0.000050
2265, -22.5455, 0.0038, 0.000050
2266, -20.6136, 0.0018, 0.000050
2267, -20.8636, 0.0020, 0.000050
2268, -24.5682, 0.0013, 0.000050
2269, -19.4318, 0.0150, 0.000050
2270, -18.0227, 0.0022, 0.000050
2271, -22.7045, 0.0013, 0.000050
2272, -20.0000, 0.0017, 0.000050
2273, -22.2955, 0.0021, 0.000050
2274, -20.5909, 0.0017, 0.000050
2275, -22.7500, 0.0030, 0.000050
2276, -22.9524, 0.0070, 0.000050
2277, -15.5000, 0.0010, 0.000050
2278, -25.7727, 0.0011, 0.000050
2279, -19.0233, 0.0018, 0.000050
2280, -15.0000, 0.0010, 0.000050
2281, -21.7955, 0.0008, 0.000050
2282, -18.2500, 0.0008, 0.000050
2283, -19.6364, 0.0007, 0.000050
2284, -23.3636, 0.0011, 0.000050
2285, -20.2143, 0.0028, 0.000050
2286, -19.0909, 0.0024, 0.000050
2287, -20.7500, 0.0017, 0.000050
2288, -16.5227, 0.0007, 0.000050
2289, -22.1136, 0.0014, 0.000050
2290, -21.6591, 0.0017, 0.000050
2291, -22.5000, 0.0008, 0.000050
2292, -15.9318, 0.0009, 0.000050
2293, -21.6818, 0.0013, 0.000050
2294, -21.2273, 0.0013, 0.000050
2295, -20.3409, 0.0008, 0.000050
2296, -16.6591, 0.0012, 0.000050
2297, -20.5455, 0.0009, 0.000050
2298, -21.6136, 0.0014, 0.000050
2299, -16.7045, 0.0010, 0.000050
2300, -18.2727, 0.0012, 0.000050
2301, -17.7955, 0.0010, 0.000050
2302, -20.2727, 0.0011, 0.000050
2303, -22.0233, 0.0027, 0.000050
2304, -13.9091, 0.0011, 0.000050
2305, -21.6818, 0.0150, 0.000050
2306, -19.7907, 0.0009, 0.000050
2307, -22.0682, 0.0136, 0.000050
2308, -18.7727, 0.0011, 0.000050
2309, -19.1364, 0.0009, 0.000050
2310, -18.1591, 0.0034, 0.000050
2311, -22.8571, 0.0012, 0.000050
2312, -18.3409, 0.0007, 0.000050
2313, -25.5227, 0.0009, 0.000050
2314, -14.8864, 0.0008, 0.000050
2315, -19.8095, 0.0013, 0.000050
2316, -20.8182, 0.0130, 0.000050
2317, -19.0682, 0.0009, 0.000050
2318, -21.2500, 0.0019, 0.000050
2319, -21.0000, 0.0007, 0.000050
2320, -14.2955, 0.0011, 0.000050
2321, -17.2619, 0.0008, 0.000050
2322, -24.7674, 0.0016, 0.000050
2323, -17.7500, 0.0008, 0.000050
2324, -21.4773, 0.0037, 0.000050
2325, -18.8864, 0.0009, 0.000050
2326, -17.3636, 0.0011, 0.000050
2327, -16.6818, 0.0008, 0.000050
2328, -16.6364, 0.0009, 0.000050
2329, -16.2955, 0.0007, 0.000050
2330, -19.0233, 0.0008, 0.000050
2331, -20.5000, 0.0009, 0.000050
2332, -20.4884, 0.0016, 0.000050
2333, -19.2143, 0.0040, 0.000050
2334, -18.4318, 0.0071, 0.000050
2335, -20.2955, 0.0011, 0.000050
2336, -17.8182, 0.0007, 0.000050
2337, -21.3333, 0.0008, 0.000050
2338, -25.5909, 0.0008, 0.000050
2339, -18.0682, 0.0007, 0.000050
2340, -19.6047, 0.0009, 0.000050
2341, -22.0682, 0.0031, 0.000050
2342, -18.6136, 0.0009, 0.000050
2343, -20.8140, 0.0008, 0.000050
2344, -22.4091, 0.0015, 0.000050
2345, -20.5455, 0.0008, 0.000050
2346, -21.4773, 0.0034, 0.000050
2347, -26.0227, 0.0016, 0.000050
2348, -20.9545, 0.0013, 0.000050
2349, -16.2045, 0.0012, 0.000050
2350, -22.3182, 0.0152, 0.000050
2351, -19.5909, 0.0010, 0.000050
2352, -19.6591, 0.0007, 0.000050
2353, -18.6364, 0.0012, 0.000050
2354, -18.0909, 0.0009, 0.000050
2355, -18.1818, 0.0008, 0.000050
2356, -19.0227, 0.0007, 0.000050
2357, -17.8182, 0.0008, 0.000050
2358, -17.2727, 0.0007, 0.000050
2359, -16.9091, 0.0012, 0.000050
2360, -15.0000, 0.0010, 0.000050
2361, -18.5909, 0.0009, 0.000050
2362, -21.4773, 0.0011, 0.000050
2363, -22.7955, 0.0022, 0.000050
2364, -17.8864, 0.0080, 0.000050
2365, -17.4773, 0.0009, 0.000050
2366, -17.8864, 0.0011, 0.000050
2367, -23.5227, 0.0041, 0.000050
2368, -17.5682, 0.0008, 0.000050
2369, -19.2045, 0.0017, 0.000050
2370, -17.4773, 0.0011, 0.000050
2371, -21.0682, 0.0016, 0.000050
2372, -24.3182, 0.0042, 0.000050
2373, -23.8636, 0.0021, 0.000050
2374, -23.1818, 0.0013, 0.000050
2375, -23.5000, 0.0154, 0.000050
2376, -19.5909, 0.0069, 0.000050
2377, -17.7045, 0.0008, 0.000050
2378, -18.1364, 0.0011, 0.000050
2379, -19.8182, 0.0011, 0.000050
2380, -20.2273, 0.0030, 0.000050
2381, -20.1136, 0.0009, 0.000050
2382, -21.7727, 0.0022, 0.000050
2383, -20.6818, 0.0020, 0.000050
2384, -23.6818, 0.0010, 0.000050
2385, -20.7955, 0.0038, 0.000050
2386, -23.1591, 0.0011, 0.000050
2387, -19.2273, 0.0009, 0.000050
2388, -23.5000, 0.0008, 0.000050
2389, -20.4318, 0.0009, 0.000050
2390, -20.7955, 0.0039, 0.000050
2391, -20.6818, 0.0008, 0.000050
2392, -20.8409, 0.0020, 0.000050
2393, -22.1364, 0.0017, 0.000050
2394, -21.7273, 0.0010, 0.000050
2395, -22.3636, 0.0033, 0.000050
2396, -21.3409, 0.0008, 0.000050
2397, -21.0455, 0.0015, 0.000050
2398, -15.7500, 0.0010, 0.000050
2399, -18.2955, 0.0009, 0.000050
2400, -18.7045, 0.0012, 0.000050
2401, -18.9773, 0.0039, 0.000050
2402, -18.5000, 0.0010, 0.000050
2403, -17.7500, 0.0011, 0.000050
2404, -22.1136, 0.0018, 0.000050
2405, -20.8182, 0.0019, 0.000050
2406, -18.7500, 0.0008, 0.000050
2407, -19.2500, 0.0012, 0.000050
2408, -21.0455, 0.0027, 0.000050
2409, -19.4773, 0.0026, 0.000050
2410, -23.1364, 0.0018, 0.000050
2411, -19.5455, 0.0009, 0.000050
2412, -17.0227, 0.0011, 0.000050
2413, -16.9773, 0.0013, 0.000050
2414, -21.8333, 0.0086, 0.000050
2415, -23.2500, 0.0012, 0.000050
2416, -21.9091, 0.0010, 0.000050
2417, -20.1136, 0.0010, 0.000050
2418, -18.4545, 0.0009, 0.000050
2419, -20.7955, 0.0010, 0.000050
2420, -24.6136, 0.0026, 0.000050
2421, -21.7442, 0.0024, 0.000050
2422, -17.2273, 0.0009, 0.000050
2423, -23.1818, 0.0015, 0.000050
2424, -19.7045, 0.0022, 0.000050
2425, -21.4545, 0.0044, 0.000050
2426, -17.7955, 0.0031, 0.000050
2427, -20.2273, 0.0008, 0.000050
2428, -17.0455, 0.0008, 0.000050
2429, -20.9318, 0.0030, 0.000050
2430, -23.6818, 0.0044, 0.000050
2431, -21.0682, 0.0009, 0.000050
2432, -23.3409, 0.0018, 0.000050
2433, -23.7273, 0.0022, 0.000050
2434, -19.3864, 0.0010, 0.000050
2435, -18.8864, 0.0011, 0.000050
2436, -24.5455, 0.0010, 0.000050
2437, -25.1136, 0.0016, 0.000050
2438, -23.6364, 0.0039, 0.000050
2439, -25.4545, 0.0019, 0.000050
2440, -23.9091, 0.0012, 0.000050
2441, -19.2955, 0.0046, 0.000050
2442, -21.3023, 0.0022, 0.000050
2443, -22.4773, 0.0020, 0.000050
2444, -19.3182, 0.0017, 0.000050
2445, -19.4091, 0.0016, 0.000050
2446, -22.6364, 0.0023, 0.000050
2447, -20.5476, 0.0014, 0.000050
2448, -22.1818, 0.0008, 0.000050
2449, -21.1591, 0.0020, 0.000050
2450, -20.0455, 0.0009, 0.000050
2451, -20.3864, 0.0010, 0.000050
2452, -23.9091, 0.0009, 0.000050
2453, -17.1818, 0.0011, 0.000050
2454, -21.7500, 0.0018, 0.000050
2455, -22.6818, 0.0168, 0.000050
2456, -20.9318, 0.0009, 0.000050
2457, -19.9545, 0.0010, 0.000050
2458, -16.3864, 0.0015, 0.000050
2459, -17.2045, 0.0008, 0.000050
2460, -18.5455, 0.0009, 0.000050
2461, -20.0227, 0.0011, 0.000050
2462, -22.0909, 0.0009, 0.000050
2463, -20.4186, 0.0013, 0.000050
2464, -15.0000, 0.0008, 0.000050
2465, -16.1591, 0.0011, 0.000050
2466, -21.0909, 0.0026, 0.000050
2467, -22.7955, 0.0055, 0.000050
2468, -21.7273, 0.0009, 0.000050
2469, -20.2500, 0.0016, 0.000050
2470, -21.2955, 0.0016, 0.000050
2471, -18.5000, 0.0078, 0.000050
2472, -22.5455, 0.0011, 0.000050
2473, -17.6591, 0.0010, 0.000050
2474, -19.4286, 0.0011, 0.000050
2475, -17.7273, 0.0009, 0.000050
2476, -23.5000, 0.0021, 0.000050
2477, -22.3864, 0.0015, 0.000050
2478, -22.7727, 0.0012, 0.000050
2479, -16.9318, 0.0010, 0.000050
2480, -22.5455, 0.0022, 0.000050
2481, -22.4318, 0.0011, 0.000050
2482, -19.7674, 0.0028, 0.000050
2483, -17.9773, 0.0022, 0.000050
2484, -20.0000, 0.0012, 0.000050
2485, -21.5682, 0.0023, 0.000050
2486, -17.1364, 0.0014, 0.000050
2487, -20.6591, 0.0009, 0.000050
2488, -19.3409, 0.0008, 0.000050
2489, -18.2045, 0.0008, 0.000050
2490, -23.7381, 0.0030, 0.000050
2491, -15.6591, 0.0010, 0.000050
2492, -17.0682, 0.0015, 0.000050
2493, -23.0227, 0.0010, 0.000050
2494, -23.0227, 0.0012, 0.000050
2495, -23.1818, 0.0085, 0.000050
2496, -24.7045, 0.0025, 0.000050
2497, -16.8864, 0.0009, 0.000050
2498, -17.1860, 0.0009, 0.000050
2499, -22.7500, 0.0079, 0.000050
2500, -22.1591, 0.0011, 0.000050
2501, -18.3182, 0.0077, 0.000050
2502, -19.3864, 0.0011, 0.000050
2503, -22.3256, 0.0022, 0.000050
2504, -19.0455, 0.0008, 0.000050
2505, -25.4545, 0.0016, 0.000050
2506, -23.1136, 0.0014, 0.000050
2507, -19.0000, 0.0012, 0.000050
2508, -17.5682, 0.0009, 0.000050
2509, -21.5476, 0.0024, 0.000050
2510, -19.2500, 0.0046, 0.000050
2511, -22.0455, 0.0012, 0.000050
2512, -19.4318, 0.0054, 0.000050
2513, -18.5000, 0.0008, 0.000050
2514, -18.2727, 0.0009, 0.000050
2515, -13.2045, 0.0010, 0.000050
2516, -20.8409, 0.0016, 0.000050
2517, -19.2955, 0.0015, 0.000050
2518, -17.3864, 0.0012, 0.000050
2519, -20.9545, 0.0018, 0.000050
2520, -21.3864, 0.0009, 0.000050
2521, -21.0909, 0.0009, 0.000050
2522, -22.8182, 0.0018, 0.000050
2523, -21.7727, 0.0011, 0.000050
2524, -22.9773, 0.0010, 0.000050
2525, -15.9773, 0.0010, 0.000050
2526, -18.9545, 0.0054, 0.000050
2527, -20.7500, 0.0008, 0.000050
2528, -19.4318, 0.0009, 0.000050
2529, -21.4762, 0.0012, 0.000050
2530, -20.3636, 0.0042, 0.000050
2531, -19.9773, 0.0011, 0.000050
2532, -17.2045, 0.0007, 0.000050
2533, -18.1364, 0.0075, 0.000050
2534, -19.2727, 0.0048, 0.000050
2535, -23.2500, 0.0012, 0.000050
2536, -17.1364, 0.0009, 0.000050
2537, -20.6591, 0.0022, 0.000050
2538, -21.4545, 0.0027, 0.000050
2539, -21.3182, 0.0010, 0.000050
2540, -22.9773, 0.0020, 0.000050
2541, -22.3409, 0.0017, 0.000050
2542, -17.0682, 0.0011, 0.000050
2543, -21.8182, 0.0021, 0.000050
2544, -25.0682, 0.0012, 0.000050
2545, -20.1818, 0.0008, 0.000050
2546, -16.6667, 0.0008, 0.000050
2547, -18.7500, 0.0009, 0.000050
2548, -20.3636, 0.0010, 0.000050
2549, -21.1591, 0.0011, 0.000050
2550, -23.8636, 0.0024, 0.000050
2551, -22.5909, 0.0056, 0.000050
2552, -16.8182, 0.0009, 0.000050
2553, -20.4091, 0.0077, 0.000050
2554, -20.1591, 0.0008, 0.000050
2555, -27.1136, 0.0012, 0.000050
2556, -17.6136, 0.0009, 0.000050
2557, -20.2727, 0.0009, 0.000050
2558, -18.5227, 0.0010, 0.000050
2559, -22.2500, 0.0079, 0.000050
2560, -18.3256, 0.0008, 0.000050
2561, -17.7500, 0.0008, 0.000050
2562, -19.5000, 0.0016, 0.000050
2563, -18.8409, 0.0074, 0.000050
2564, -15.2500, 0.0009, 0.000050
2565, -18.7500, 0.0009, 0.000050
2566, -20.8864, 0.0010, 0.000050
2567, -21.9773, 0.0010, 0.000050
2568, -18.0909, 0.0010, 0.000050
2569, -23.3864, 0.0014, 0.000050
2570, -18.8636, 0.0009, 0.000050
2571, -19.8182, 0.0009, 0.000050
2572, -17.5909, 0.0021, 0.000050
2573, -19.8182, 0.0029, 0.000050
2574, -20.5909, 0.0077, 0.000050
2575, -18.2955, 0.0049, 0.000050
2576, -17.0455, 0.0008, 0.000050
2577, -18.0682, 0.0007, 0.000050
2578, -16.5682, 0.0009, 0.000050
2579, -17.4545, 0.0009, 0.000050
2580, -20.2955, 0.0020, 0.000050
2581, -23.5682, 0.0016, 0.000050
2582, -17.1136, 0.0007, 0.000050
2583, -17.9318, 0.0007, 0.000050
2584, -15.7727, 0.0008, 0.000050
2585, -16.2727, 0.0007, 0.000050
2586, -20.6136, 0.0074, 0.000050
2587, -18.0682, 0.0009, 0.000050
2588, -19.1136, 0.0010, 0.000050
2589, -21.4186, 0.0009, 0.000050
2590, -17.3636, 0.0072, 0.000050
2591, -17.2093, 0.0008, 0.000050
2592, -15.1818, 0.0013, 0.000050
2593, -18.9091, 0.0007, 0.000050
2594, -18.3409, 0.0036, 0.000050
2595, -20.1136, 0.0018, 0.000050
2596, -18.8182, 0.0010, 0.000050
2597, -19.5227, 0.0008, 0.000050
2598, -19.9773, 0.0137, 0.000050
2599, -17.3409, 0.0007, 0.000050
2600, -18.3864, 0.0008, 0.000050
2601, -20.4091, 0.0008, 0.000050
2602, -22.5227, 0.0008, 0.000050
2603, -18.2273, 0.0006, 0.000050
2604, -17.8864, 0.0008, 0.000050
2605, -19.5227, 0.0069, 0.000050
2606, -17.3636, 0.0008, 0.000050
2607, -15.4545, 0.0008, 0.000050
2608, -19.0000, 0.0008, 0.000050
2609, -21.2500, 0.0035, 0.000050
2610, -18.3182, 0.0008, 0.000050
2611, -19.3488, 0.0023, 0.000050
2612, -17.7955, 0.0035, 0.000050
2613, -20.5000, 0.0015, 0.000050
2614, -20.7500, 0.0015, 0.000050
2615, -17.3636, 0.0008, 0.000050
2616, -20.1364, 0.0021, 0.000050
2617, -19.6818, 0.0013, 0.000050
2618, -20.8182, 0.0009, 0.000050
2619, -21.5000, 0.0012, 0.000050
2620, -15.1136, 0.0007, 0.000050
2621, -18.6136, 0.0010, 0.000050
2622, -18.6818, 0.0007, 0.000050
2623, -17.3636, 0.0008, 0.000050
2624, -18.3636, 0.0011, 0.000050
2625, -20.1136, 0.0010, 0.000050
2626, -17.5227, 0.0009, 0.000050
2627, -23.3256, 0.0029, 0.000050
2628, -19.9091, 0.0052, 0.000050
2629, -18.7500, 0.0008, 0.000050
2630, -22.0682, 0.0011, 0.000050
2631, -19.9545, 0.0009, 0.000050
2632, -20.1591, 0.0051, 0.000050
2633, -18.8636, 0.0010, 0.000050
2634, -16.4318, 0.0006, 0.000050
2635, -18.5909, 0.0138, 0.000050
2636, -21.3864, 0.0024, 0.000050
2637, -21.3864, 0.0020, 0.000050
2638, -17.8409, 0.0010, 0.000050
2639, -18.9318, 0.0123, 0.000050
2640, -18.1818, 0.0039, 0.000050
2641, -16.4318, 0.0007, 0.000050
2642, -19.4091, 0.0015, 0.000050
2643, -19.8409, 0.0060, 0.000050
2644, -17.3864, 0.0008, 0.000050
2645, -18.5227, 0.0007, 0.000050
2646, -19.7727, 0.0017, 0.000050
2647, -18.2727, 0.0008, 0.000050
2648, -21.1818, 0.0014, 0.000050
2649, -22.1364, 0.0018, 0.000050
2650, -16.9091, 0.0007, 0.000050
2651, -25.5000, 0.0014, 0.000050
2652, -19.8636, 0.0066, 0.000050
2653, -23.1136, 0.0008, 0.000050
2654, -22.2273, 0.0018, 0.000050
2655, -18.8409, 0.0009, 0.000050
2656, -20.5000, 0.0009, 0.000050
2657, -20.1364, 0.0009, 0.000050
2658, -20.8636, 0.0021, 0.000050
2659, -21.3409, 0.0018, 0.000050
2660, -20.0455, 0.0013, 0.000050
2661, -17.1364, 0.0008, 0.000050
2662, -18.1591, 0.0016, 0.000050
2663, -19.1364, 0.0008, 0.000050
2664, -19.5455, 0.0025, 0.000050
2665, -23.4318, 0.0017, 0.000050
2666, -18.9091, 0.0038, 0.000050
2667, -17.7045, 0.0011, 0.000050
2668, -17.6591, 0.0073, 0.000050
2669, -18.7727, 0.0015, 0.000050
2670, -21.7955, 0.0014, 0.000050
2671, -19.3636, 0.0009, 0.000050
2672, -20.5000, 0.0073, 0.000050
2673, -17.6364, 0.0022, 0.000050
2674, -17.8636, 0.0010, 0.000050
2675, -18.5682, 0.0009, 0.000050
2676, -21.8372, 0.0023, 0.000050
2677, -18.7955, 0.0009, 0.000050
2678, -19.0227, 0.0009, 0.000050
2679, -20.0682, 0.0008, 0.000050
2680, -15.0455, 0.0010, 0.000050
2681, -17.6047, 0.0010, 0.000050
2682, -21.9318, 0.0015, 0.000050
2683, -19.3182, 0.0010, 0.000050
2684, -19.9773, 0.0021, 0.000050
2685, -19.2045, 0.0074, 0.000050
2686, -16.7273, 0.0011, 0.000050
2687, -23.3636, 0.0010, 0.000050
2688, -18.1364, 0.0009, 0.000050
2689, -17.7273, 0.0008, 0.000050
2690, -18.4545, 0.0023, 0.000050
2691, -21.0682, 0.0048, 0.000050
2692, -19.1136, 0.0037, 0.000050
2693, -20.6364, 0.0010, 0.000050
2694, -15.7727, 0.0010, 0.000050
2695, -18.5455, 0.0023, 0.000050
2696, -23.0227, 0.0032, 0.000050
2697, -20.2273, 0.0030, 0.000050
2698, -19.2045, 0.0008, 0.000050
2699, -16.1591, 0.0011, 0.000050
2700, -18.5682, 0.0009, 0.000050
2701, -20.8409, 0.0009, 0.000050
2702, -20.0909, 0.0013, 0.000050
2703, -19.9773, 0.0032, 0.000050
2704, -19.4773, 0.0037, 0.000050
2705, -21.3864, 0.0019, 0.000050
2706, -19.5909, 0.0070, 0.000050
2707, -23.8182, 0.0037, 0.000050
2708, -20.0000, 0.0008, 0.000050
2709, -21.3182, 0.0013, 0.000050
2710, -21.0682, 0.0010, 0.000050
2711, -15.7727, 0.0068, 0.000050
2712, -18.8864, 0.0008, 0.000050
2713, -21.6818, 0.0012, 0.000050
2714, -18.5455, 0.0009, 0.000050
2715, -18.9091, 0.0008, 0.000050
2716, -22.1667, 0.0017, 0.000050
2717, -19.0000, 0.0008, 0.000050
2718, -18.5682, 0.0037, 0.000050
2719, -21.0909, 0.0024, 0.000050
2720, -17.6136, 0.0007, 0.000050
2721, -23.7727, 0.0012, 0.000050
2722, -17.9070, 0.0008, 0.000050
2723, -15.0227, 0.0010, 0.000050
2724, -20.2500, 0.0008, 0.000050
2725, -21.7500, 0.0023, 0.000050
2726, -18.0909, 0.0051, 0.000050
2727, -17.1136, 0.0009, 0.000050
2728, -16.0455, 0.0009, 0.000050
2729, -16.7273, 0.0022, 0.000050
2730, -21.4524, 0.0038, 0.000050
2731, -18.9545, 0.0008, 0.000050
2732, -22.6591, 0.0031, 0.000050
2733, -18.7045, 0.0008, 0.000050
2734, -18.8864, 0.0038, 0.000050
2735, -16.7045, 0.0008, 0.000050
2736, -17.8182, 0.0036, 0.000050
2737, -19.0455, 0.0019, 0.000050
2738, -20.3409, 0.0022, 0.000050
2739, -20.7273, 0.0009, 0.000050
2740, -18.9545, 0.0007, 0.000050
2741, -19.9091, 0.0030, 0.000050
2742, -18.0227, 0.0008, 0.000050
2743, -14.8864, 0.0006, 0.000050
2744, -21.3636, 0.0022, 0.000050
2745, -22.0227, 0.0010, 0.000050
2746, -15.1136, 0.0008, 0.000050
2747, -16.8864, 0.0068, 0.000050
2748, -18.4773, 0.0021, 0.000050
2749, -15.7273, 0.0007, 0.000050
2750, -21.1364, 0.0013, 0.000050
2751, -19.5909, 0.0013, 0.000050
2752, -22.1591, 0.0021, 0.000050
2753, -17.6136, 0.0008, 0.000050
2754, -18.0682, 0.0008, 0.000050
2755, -14.7727, 0.0010, 0.000050
2756, -19.4318, 0.0008, 0.000050
2757, -17.8182, 0.0012, 0.000050
2758, -21.7442, 0.0028, 0.000050
2759, -24.1628, 0.0012, 0.000050
2760, -16.1860, 0.0010, 0.000050
2761, -19.7500, 0.0146, 0.000050
2762, -19.9545, 0.0030, 0.000050
2763, -16.9545, 0.0008, 0.000050
2764, -20.8636, 0.0008, 0.000050
2765, -20.5455, 0.0009, 0.000050
2766, -16.6591, 0.0045, 0.000050
2767, -19.0000, 0.0009, 0.000050
2768, -20.6136, 0.0066, 0.000050
2769, -17.6591, 0.0007, 0.000050
2770, -17.6591, 0.0008, 0.000050
2771, -20.3636, 0.0044, 0.000050
2772, -18.0227, 0.0015, 0.000050
2773, -19.7500, 0.0023, 0.000050
2774, -17.3409, 0.0026, 0.000050
2775, -19.6591, 0.0018, 0.000050
2776, -18.5227, 0.0008, 0.000050
2777, -16.7955, 0.0016, 0.000050
2778, -24.0227, 0.0014, 0.000050
2779, -18.7955, 0.0007, 0.000050
2780, -17.7857, 0.0010, 0.000050
2781, -16.4091, 0.0007, 0.000050
2782, -21.2727, 0.0016, 0.000050
2783, -21.2273, 0.0031, 0.000050
2784, -15.0455, 0.0008, 0.000050
2785, -18.5682, 0.0016, 0.000050
2786, -18.5455, 0.0007, 0.000050
2787, -21.7955, 0.0008, 0.000050
2788, -18.5682, 0.0070, 0.000050
2789, -18.6591, 0.0008, 0.000050
2790, -20.0455, 0.0047, 0.000050
2791, -18.6136, 0.0007, 0.000050
2792, -19.8864, 0.0127, 0.000050
2793, -18.0227, 0.0011, 0.000050
2794, -20.4545, 0.0015, 0.000050
2795, -17.2955, 0.0009, 0.000050
2796, -18.2273, 0.0010, 0.000050
2797, -21.7045, 0.0013, 0.000050
2798, -20.8636, 0.0044, 0.000050
2799, -19.2045, 0.0033, 0.000050
2800, -21.4318, 0.0017, 0.000050
2801, -16.5455, 0.0033, 0.000050
2802, -23.9773, 0.0011, 0.000050
2803, -22.0465, 0.0024, 0.000050
2804, -20.9318, 0.0015, 0.000050
2805, -17.8182, 0.0008, 0.000050
2806, -19.9318, 0.0009, 0.000050
2807, -18.0000, 0.0011, 0.000050
2808, -21.4545, 0.0068, 0.000050
2809, -16.9773, 0.0019, 0.000050
2810, -17.5000, 0.0007, 0.000050
2811, -16.6744, 0.0008, 0.000050
2812, -15.0682, 0.0007, 0.000050
2813, -17.2727, 0.0009, 0.000050
2814, -15.1818, 0.0013, 0.000050
2815, -17.9545, 0.0019, 0.000050
2816, -21.1818, 0.0020, 0.000050
2817, -18.9773, 0.0008, 0.000050
2818, -19.3182, 0.0009, 0.000050
2819, -17.9545, 0.0009, 0.000050
2820, -19.8182, 0.0015, 0.000050
2821, -18.8182, 0.0007, 0.000050
2822, -23.3636, 0.0042, 0.000050
2823, -17.8409, 0.0140, 0.000050
2824, -21.2326, 0.0016, 0.000050
2825, -22.0682, 0.0009, 0.000050
2826, -18.2727, 0.0009, 0.000050
2827, -17.1818, 0.0007, 0.000050
2828, -16.9318, 0.0008, 0.000050
2829, -17.0909, 0.0007, 0.000050
2830, -20.0455, 0.0031, 0.000050
2831, -17.7955, 0.0008, 0.000050
2832, -18.3864, 0.0036, 0.000050
2833, -20.2045, 0.0014, 0.000050
2834, -22.2045, 0.0011, 0.000050
2835, -20.3864, 0.0049, 0.000050
2836, -26.0909, 0.0008, 0.000050
2837, -16.7273, 0.0008, 0.000050
2838, -19.7727, 0.0038, 0.000050
2839, -21.7273, 0.0026, 0.000050
2840, -20.7045, 0.0013, 0.000050
2841, -20.8636, 0.0019, 0.000050
2842, -21.7727, 0.0018, 0.000050
2843, -18.6818, 0.0012, 0.000050
2844, -19.0227, 0.0010, 0.000050
2845, -19.7045, 0.0008, 0.000050
2846, -20.0227, 0.0009, 0.000050
2847, -17.3864, 0.0027, 0.000050
2848, -18.9091, 0.0012, 0.000050
2849, -17.1364, 0.0007, 0.000050
2850, -19.0455, 0.0007, 0.000050
2851, -19.9318, 0.0013, 0.000050
2852, -18.5682, 0.0009, 0.000050
2853, -20.7045, 0.0039, 0.000050
2854, -17.1136, 0.0007, 0.000050
2855, -16.8409, 0.0008, 0.000050
2856, -21.6429, 0.0016, 0.000050
2857, -20.8864, 0.0017, 0.000050
2858, -20.5000, 0.0011, 0.000050
2859, -20.9773, 0.0009, 0.000050
2860, -22.1136, 0.0015, 0.000050
2861, -18.0000, 0.0009, 0.000050
2862, -18.9545, 0.0008, 0.000050
2863, -19.9318, 0.0009, 0.000050
2864, -16.9545, 0.0008, 0.000050
2865, -17.8864, 0.0026, 0.000050
2866, -17.7955, 0.0147, 0.000050
2867, -20.6818, 0.0015, 0.000050
2868, -17.3182, 0.0007, 0.000050
2869, -17.8409, 0.0130, 0.000050
2870, -17.9318, 0.0008, 0.000050
2871, -22.3864, 0.0028, 0.000050
2872, -18.0682, 0.0032, 0.000050
2873, -18.5682, 0.0009, 0.000050
2874, -20.0682, 0.0009, 0.000050
2875, -21.5349, 0.0015, 0.000050
2876, -16.7273, 0.0006, 0.000050
2877, -19.5952, 0.0009, 0.000050
2878, -20.0682, 0.0010, 0.000050
2879, -20.9091, 0.0010, 0.000050
2880, -17.2955, 0.0009, 0.000050
2881, -19.7500, 0.0067, 0.000050
2882, -17.0000, 0.0043, 0.000050
2883, -21.0227, 0.0013, 0.000050
2884, -19.9773, 0.0008, 0.000050
2885, -20.2727, 0.0013, 0.000050
2886, -21.3864, 0.0017, 0.000050
2887, -21.6818, 0.0029, 0.000050
2888, -18.5227, 0.0029, 0.000050
2889, -16.6364, 0.0010, 0.000050
2890, -15.3636, 0.0008, 0.000050
2891, -22.6136, 0.0012, 0.000050
2892, -14.9091, 0.0010, 0.000050
2893, -18.0227, 0.0008, 0.000050
2894, -24.7955, 0.0011, 0.000050
2895, -17.1364, 0.0008, 0.000050
2896, -20.2045, 0.0010, 0.000050
2897, -20.9773, 0.0021, 0.000050
2898, -17.0682, 0.0008, 0.000050
2899, -17.3636, 0.0007, 0.000050
2900, -16.7857, 0.0009, 0.000050
2901, -24.5000, 0.0010, 0.000050
2902, -18.6047, 0.0009, 0.000050
2903, -19.4318, 0.0145, 0.000050
2904, -20.1364, 0.0014, 0.000050
2905, -20.9773, 0.0014, 0.000050
2906, -19.2955, 0.0016, 0.000050
2907, -19.4651, 0.0036, 0.000050
2908, -15.9091, 0.0008, 0.000050
2909, -19.0909, 0.0014, 0.000050
2910, -17.0227, 0.0007, 0.000050
2911, -18.7955, 0.0008, 0.000050
2912, -16.5000, 0.0009, 0.000050
2913, -17.5227, 0.0018, 0.000050
2914, -20.2093, 0.0020, 0.000050
2915, -18.4773, 0.0009, 0.000050
2916, -20.4318, 0.0069, 0.000050
2917, -15.4318, 0.0006, 0.000050
2918, -18.8333, 0.0008, 0.000050
2919, -20.7727, 0.0045, 0.000050
2920, -22.2500, 0.0033, 0.000050
2921, -17.3182, 0.0008, 0.000050
2922, -20.0000, 0.0029, 0.000050
2923, -18.2045, 0.0010, 0.000050
2924, -19.6136, 0.0014, 0.000050
2925, -21.3864, 0.0013, 0.000050
2926, -19.1136, 0.0016, 0.000050
2927, -18.2955, 0.0007, 0.000050
2928, -18.0682, 0.0014, 0.000050
2929, -18.3409, 0.0009, 0.000050
2930, -23.0455, 0.0012, 0.000050
2931, -18.0000, 0.0008, 0.000050
2932, -18.5682, 0.0026, 0.000050
2933, -22.0227, 0.0069, 0.000050
2934, -19.1628, 0.0011, 0.000050
2935, -14.3864, 0.0008, 0.000050
2936, -18.6364, 0.0031, 0.000050
2937, -16.0455, 0.0010, 0.000050
2938, -16.2500, 0.0007, 0.000050
2939, -20.3864, 0.0008, 0.000050
2940, -20.3636, 0.0019, 0.000050
2941, -20.6136, 0.0012, 0.000050
2942, -18.5227, 0.0019, 0.000050
2943, -20.3636, 0.0047, 0.000050
2944, -22.0909, 0.0022, 0.000050
2945, -18.7727, 0.0014, 0.000050
2946, -21.0000, 0.0008, 0.000050
2947, -19.3864, 0.0009, 0.000050
2948, -15.3864, 0.0008, 0.000050
2949, -16.5227, 0.0010, 0.000050
2950, -20.0682, 0.0013, 0.000050
2951, -18.2045, 0.0049, 0.000050
2952, -21.1591, 0.0069, 0.000050
2953, -17.8182, 0.0009, 0.000050
2954, -19.9091, 0.0069, 0.000050
2955, -18.7727, 0.0035, 0.000050
2956, -19.9773, 0.0008, 0.000050
2957, -18.6364, 0.0008, 0.000050
2958, -21.2045, 0.0011, 0.000050
2959, -19.8636, 0.0014, 0.000050
2960, -20.5682, 0.0011, 0.000050
2961, -19.4545, 0.0008, 0.000050
2962, -15.1136, 0.0008, 0.000050
2963, -20.4545, 0.0013, 0.000050
2964, -17.0000, 0.0008, 0.000050
2965, -20.7500, 0.0048, 0.000050
2966, -19.5455, 0.0030, 0.000050
2967, -17.0682, 0.0130, 0.000050
2968, -19.5227, 0.0008, 0.000050
2969, -17.6591, 0.0033, 0.000050
2970, -21.2500, 0.0012, 0.000050
2971, -20.5909, 0.0063, 0.000050
2972, -17.5682, 0.0026, 0.000050
2973, -14.4091, 0.0009, 0.000050
2974, -16.3636, 0.0009, 0.000050
2975, -16.1818, 0.0009, 0.000050
2976, -16.1364, 0.0009, 0.000050
2977, -18.7955, 0.0027, 0.000050
2978, -15.3636, 0.0009, 0.000050
2979, -17.1818, 0.0007, 0.000050
2980, -15.9773, 0.0007, 0.000050
2981, -14.4091, 0.0008, 0.000050
2982, -16.3864, 0.0118, 0.000050
2983, -21.4773, 0.0008, 0.000050
2984, -18.2955, 0.0008, 0.000050
2985, -19.2727, 0.0008, 0.000050
2986, -21.2273, 0.0015, 0.000050
2987, -19.1364, 0.0061, 0.000050
2988, -14.7674, 0.0007, 0.000050
2989, -20.4091, 0.0012, 0.000050
2990, -19.5000, 0.0015, 0.000050
2991, -18.3636, 0.0008, 0.000050
2992, -18.8864, 0.0008, 0.000050
2993, -19.9318, 0.0042, 0.000050
2994, -18.6591, 0.0031, 0.000050
2995, -19.6591, 0.0014, 0.000050
2996, -15.2045, 0.0006, 0.000050
2997, -18.5227, 0.0007, 0.000050
2998, -16.9773, 0.0007, 0.000050
2999, -14.5682, 0.0007, 0.000050
3000, -20.8636, 0.0016, 0.000050
3001, -21.1136, 0.0064, 0.000050
3002, -17.4186, 0.0033, 0.000050
3003, -19.0455, 0.0007, 0.000050
3004, -16.3409, 0.0007, 0.000050
3005, -18.5909, 0.0010, 0.000050
3006, -16.2273, 0.0026, 0.000050
3007, -17.8864, 0.0009, 0.000050
3008, -16.3409, 0.0006, 0.000050
3009, -17.9091, 0.0045, 0.000050
3010, -18.5455, 0.0120, 0.000050
3011, -18.7955, 0.0010, 0.000050
3012, -20.4545, 0.0009, 0.000050
3013, -16.7442, 0.0009, 0.000050
3014, -21.3864, 0.0008, 0.000050
3015, -18.2273, 0.0015, 0.000050
3016, -17.2045, 0.0020, 0.000050
3017, -19.2045, 0.0042, 0.000050
3018, -17.2500, 0.0033, 0.000050
3019, -18.9545, 0.0026, 0.000050
3020, -21.8409, 0.0014, 0.000050
3021, -17.9773, 0.0014, 0.000050
3022, -17.4545, 0.0007, 0.000050
3023, -19.1136, 0.0010, 0.000050
3024, -17.7955, 0.0007, 0.000050
3025, -19.2273, 0.0012, 0.000050
3026, -20.5455, 0.0023, 0.000050
3027, -20.9302, 0.0011, 0.000050
3028, -19.8182, 0.0007, 0.000050
3029, -15.6591, 0.0011, 0.000050
3030, -15.9773, 0.0010, 0.000050
3031, -18.2955, 0.0007, 0.000050
3032, -16.8636, 0.0006, 0.000050
3033, -18.4762, 0.0008, 0.000050
3034, -19.3864, 0.0014, 0.000050
3035, -17.3864, 0.0068, 0.000050
3036, -17.0682, 0.0008, 0.000050
3037, -20.2273, 0.0026, 0.000050
3038, -18.5000, 0.0009, 0.000050
3039, -17.6591, 0.0064, 0.000050
3040, -17.0238, 0.0010, 0.000050
3041, -21.3636, 0.0016, 0.000050
3042, -18.8636, 0.0044, 0.000050
3043, -17.2955, 0.0042, 0.000050
3044, -19.4091, 0.0007, 0.000050
3045, -17.0227, 0.0007, 0.000050
3046, -19.9318, 0.0116, 0.000050
3047, -17.2955, 0.0007, 0.000050
3048, -19.6364, 0.0055, 0.000050
3049, -16.2955, 0.0021, 0.000050
3050, -23.3636, 0.0008, 0.000050
3051, -18.7273, 0.0054, 0.000050
3052, -20.8864, 0.0053, 0.000050
3053, -20.9773, 0.0011, 0.000050
3054, -19.6364, 0.0023, 0.000050
3055, -18.6818, 0.0028, 0.000050
3056, -20.4318, 0.0011, 0.000050
3057, -16.6818, 0.0008, 0.000050
3058, -17.1818, 0.0024, 0.000050
3059, -17.5000, 0.0037, 0.000050
3060, -17.9773, 0.0008, 0.000050
3061, -18.1818, 0.0008, 0.000050
3062, -19.7955, 0.0024, 0.000050
3063, -15.1364, 0.0009, 0.000050
3064, -18.1136, 0.0008, 0.000050
3065, -13.5000, 0.0007, 0.000050
3066, -13.5682, 0.0007, 0.000050
3067, -15.9545, 0.0007, 0.000050
3068, -16.2273, 0.0009, 0.000050
3069, -19.2273, 0.0011, 0.000050
3070, -18.3636, 0.0014, 0.000050
3071, -15.6364, 0.0021, 0.000050
3072, -17.4545, 0.0007, 0.000050
3073, -14.8182, 0.0008, 0.000050
3074, -15.7955, 0.0007, 0.000050
3075, -20.5455, 0.0008, 0.000050
3076, -15.5682, 0.0009, 0.000050
3077, -22.0455, 0.0035, 0.000050
3078, -20.2955, 0.0024, 0.000050
3079, -18.7500, 0.0007, 0.000050
3080, -20.7907, 0.0013, 0.000050
3081, -17.2500, 0.0010, 0.000050
3082, -19.9545, 0.0020, 0.000050
3083, -19.8636, 0.0024, 0.000050
3084, -18.6818, 0.0008, 0.000050
3085, -18.7955, 0.0023, 0.000050
3086, -20.9091, 0.0133, 0.000050
3087, -16.3636, 0.0008, 0.000050
3088, -19.9091, 0.0026, 0.000050
3089, -17.2727, 0.0007, 0.000050
3090, -19.2045, 0.0013, 0.000050
3091, -17.0682, 0.0062, 0.000050
3092, -16.2273, 0.0008, 0.000050
3093, -20.5116, 0.0013, 0.000050
3094, -19.0227, 0.0007, 0.000050
3095, -17.6818, 0.0010, 0.000050
3096, -21.2045, 0.0017, 0.000050
3097, -20.0227, 0.0007, 0.000050
3098, -20.0682, 0.0123, 0.000050
3099, -19.4545, 0.0016, 0.000050
3100, -21.2045, 0.0011, 0.000050
3101, -18.2273, 0.0022, 0.000050
3102, -16.9545, 0.0010, 0.000050
3103, -15.7955, 0.0042, 0.000050
3104, -19.0000, 0.0059, 0.000050
3105, -17.8636, 0.0110, 0.000050
3106, -17.8182, 0.0007, 0.000050
3107, -20.2500, 0.0024, 0.000050
3108, -23.0455, 0.0011, 0.000050
3109, -20.2273, 0.0008, 0.000050
3110, -18.7500, 0.0014, 0.000050
3111, -18.7500, 0.0008, 0.000050
3112, -19.4318, 0.0010, 0.000050
3113, -23.0000, 0.0019, 0.000050
3114, -22.6818, 0.0019, 0.000050
3115, -17.4318, 0.0009, 0.000050
3116, -15.7955, 0.0006, 0.000050
3117, -22.6364, 0.0009, 0.000050
3118, -22.3636, 0.0124, 0.000050
3119, -21.7273, 0.0008, 0.000050
3120, -17.2500, 0.0007, 0.000050
3121, -16.5455, 0.0010, 0.000050
3122, -14.7045, 0.0010, 0.000050
3123, -16.0233, 0.0011, 0.000050
3124, -20.6591, 0.0008, 0.000050
3125, -22.7907, 0.0008, 0.000050
3126, -24.9091, 0.0015, 0.000050
3127, -18.1136, 0.0007, 0.000050
3128, -17.5909, 0.0024, 0.000050
3129, -13.5238, 0.0008, 0.000050
3130, -18.7500, 0.0009, 0.000050
3131, -17.9318, 0.0009, 0.000050
3132, -22.0227, 0.0018, 0.000050
3133, -18.7045, 0.0047, 0.000050
3134, -16.1364, 0.0008, 0.000050
3135, -20.5455, 0.0008, 0.000050
3136, -20.2093, 0.0013, 0.000050
3137, -16.5909, 0.0010, 0.000050
3138, -20.1136, 0.0134, 0.000050
3139, -16.8864, 0.0007, 0.000050
3140, -17.6136, 0.0007, 0.000050
3141, -20.0455, 0.0008, 0.000050
3142, -16.0909, 0.0008, 0.000050
3143, -15.0455, 0.0009, 0.000050
3144, -19.5455, 0.0024, 0.000050
3145, -18.6818, 0.0048, 0.000050
3146, -19.6364, 0.0009, 0.000050
3147, -16.9318, 0.0007, 0.000050
3148, -21.5227, 0.0009, 0.000050
3149, -20.4318, 0.0046, 0.000050
3150, -16.2500, 0.0007, 0.000050
3151, -20.0909, 0.0007, 0.000050
3152, -16.8864, 0.0007, 0.000050
3153, -17.6818, 0.0009, 0.000050
3154, -19.1136, 0.0009, 0.000050
3155, -15.5227, 0.0009, 0.000050
3156, -20.9762, 0.0132, 0.000050
3157, -17.2727, 0.0007, 0.000050
3158, -20.7045, 0.0010, 0.000050
3159, -17.0227, 0.0007, 0.000050
3160, -21.9535, 0.0011, 0.000050
3161, -19.4773, 0.0125, 0.000050
3162, -17.2500, 0.0007, 0.000050
3163, -15.2045, 0.0007, 0.000050
3164, -18.6977, 0.0008, 0.000050
3165, -18.7045, 0.0041, 0.000050
3166, -16.9545, 0.0009, 0.000050
3167, -16.5227, 0.0008, 0.000050
3168, -16.2273, 0.0007, 0.000050
3169, -18.8409, 0.0008, 0.000050
3170, -20.0682, 0.0009, 0.000050
3171, -17.2273, 0.0007, 0.000050
3172, -16.0682, 0.0010, 0.000050
3173, -18.7273, 0.0025, 0.000050
3174, -20.3182, 0.0015, 0.000050
3175, -19.4048, 0.0018, 0.000050
3176, -24.6136, 0.0013, 0.000050
3177, -15.1818, 0.0007, 0.000050
3178, -15.7273, 0.0009, 0.000050
3179, -18.7045, 0.0042, 0.000050
3180, -21.2273, 0.0013, 0.000050
3181, -21.1136, 0.0026, 0.000050
3182, -15.7955, 0.0027, 0.000050
3183, -18.8182, 0.0061, 0.000050
3184, -18.3864, 0.0009, 0.000050
3185, -20.7273, 0.0011, 0.000050
3186, -24.2045, 0.0009, 0.000050
3187, -14.9318, 0.0008, 0.000050
3188, -17.4545, 0.0009, 0.000050
3189, -17.7273, 0.0007, 0.000050
3190, -19.7500, 0.0023, 0.000050
3191, -19.4545, 0.0008, 0.000050
3192, -22.6364, 0.0018, 0.000050
3193, -16.6364, 0.0008, 0.000050
3194, -18.6136, 0.0024, 0.000050
3195, -22.5909, 0.0008, 0.000050
3196, -18.9091, 0.0046, 0.000050
3197, -20.5227, 0.0007, 0.000050
3198, -21.0227, 0.0013, 0.000050
3199, -15.5000, 0.0007, 0.000050
3200, -21.0682, 0.0053, 0.000050
3201, -20.5455, 0.0063, 0.000050
3202, -17.1591, 0.0009, 0.000050
3203, -21.0227, 0.0009, 0.000050
3204, -19.2045, 0.0011, 0.000050
3205, -17.7045, 0.0015, 0.000050
3206, -17.0455, 0.0007, 0.000050
3207, -17.0909, 0.0121, 0.000050
3208, -20.0000, 0.0009, 0.000050
3209, -20.5909, 0.0009, 0.000050
3210, -19.5000, 0.0013, 0.000050
3211, -19.8636, 0.0007, 0.000050
3212, -17.4318, 0.0016, 0.000050
3213, -17.8182, 0.0023, 0.000050
3214, -19.0227, 0.0015, 0.000050
3215, -20.1818, 0.0008, 0.000050
3216, -15.4773, 0.0007, 0.000050
3217, -16.0909, 0.0007, 0.000050
3218, -17.0227, 0.0041, 0.000050
3219, -18.8605, 0.0007, 0.000050
3220, -16.3636, 0.0007, 0.000050
3221, -18.0465, 0.0035, 0.000050
3222, -18.2093, 0.0008, 0.000050
3223, -21.6364, 0.0014, 0.000050
3224, -21.7727, 0.0037, 0.000050
3225, -16.6364, 0.0031, 0.000050
3226, -16.8409, 0.0007, 0.000050
3227, -18.5455, 0.0018, 0.000050
3228, -21.8409, 0.0014, 0.000050
3229, -17.6136, 0.0011, 0.000050
3230, -20.3636, 0.0008, 0.000050
3231, -18.3182, 0.0067, 0.000050
3232, -19.0682, 0.0029, 0.000050
3233, -20.7045, 0.0009, 0.000050
3234, -17.8409, 0.0008, 0.000050
3235, -18.1818, 0.0007, 0.000050
3236, -18.8864, 0.0065, 0.000050
3237, -21.3256, 0.0009, 0.000050
3238, -19.8636, 0.0009, 0.000050
3239, -19.7500, 0.0021, 0.000050
3240, -19.1591, 0.0010, 0.000050
3241, -20.7273, 0.0015, 0.000050
3242, -19.3636, 0.0010, 0.000050
3243, -19.4773, 0.0016, 0.000050
3244, -20.2273, 0.0011, 0.000050
3245, -16.8636, 0.0008, 0.000050
3246, -19.1136, 0.0020, 0.000050
3247, -15.2500, 0.0008, 0.000050
3248, -15.3636, 0.0008, 0.000050
3249, -20.3182, 0.0038, 0.000050
3250, -19.0682, 0.0009, 0.000050
3251, -19.3182, 0.0011, 0.000050
3252, -20.7045, 0.0012, 0.000050
3253, -21.5682, 0.0010, 0.000050
3254, -16.6591, 0.0016, 0.000050
3255, -15.5909, 0.0009, 0.000050
3256, -17.0455, 0.0008, 0.000050
3257, -19.9762, 0.0014, 0.000050
3258, -16.8182, 0.0029, 0.000050
3259, -19.1364, 0.0009, 0.000050
3260, -17.5682, 0.0008, 0.000050
3261, -18.6136, 0.0048, 0.000050
3262, -17.9318, 0.0009, 0.000050
3263, -15.8636, 0.0009, 0.000050
3264, -13.2045, 0.0008, 0.000050
3265, -17.9318, 0.0067, 0.000050
3266, -19.1591, 0.0034, 0.000050
3267, -15.4773, 0.0008, 0.000050
3268, -16.8864, 0.0007, 0.000050
3269, -18.1136, 0.0020, 0.000050
3270, -18.6591, 0.0020, 0.000050
3271, -20.1591, 0.0022, 0.000050
3272, -17.0455, 0.0007, 0.000050
3273, -17.3409, 0.0046, 0.000050
3274, -18.1364, 0.0007, 0.000050
3275, -17.3721, 0.0009, 0.000050
3276, -14.9773, 0.0012, 0.000050
3277, -14.6364, 0.0009, 0.000050
3278, -18.5455, 0.0010, 0.000050
3279, -13.5909, 0.0008, 0.000050
3280, -13.0455, 0.0015, 0.000050
3281, -19.6818, 0.0127, 0.000050
3282, -18.5455, 0.0016, 0.000050
3283, -17.9091, 0.0008, 0.000050
3284, -17.4318, 0.0115, 0.000050
3285, -21.3636, 0.0013, 0.000050
3286, -18.7273, 0.0007, 0.000050
3287, -19.0227, 0.0056, 0.000050
3288, -15.4773, 0.0008, 0.000050
3289, -16.0455, 0.0011, 0.000050
3290, -21.4773, 0.0108, 0.000050
3291, -17.8182, 0.0006, 0.000050
3292, -19.8333, 0.0028, 0.000050
3293, -17.6364, 0.0007, 0.000050
3294, -15.4318, 0.0009, 0.000050
3295, -15.2955, 0.0006, 0.000050
3296, -18.7273, 0.0037, 0.000050
3297, -18.4318, 0.0008, 0.000050
3298, -18.4091, 0.0008, 0.000050
3299, -16.6591, 0.0008, 0.000050
3300, -15.9318, 0.0007, 0.000050
3301, -18.4091, 0.0006, 0.000050
3302, -18.6136, 0.0008, 0.000050
3303, -17.4773, 0.0008, 0.000050
3304, -19.9091, 0.0009, 0.000050
3305, -18.2045, 0.0016, 0.000050
3306, -17.8864, 0.0016, 0.000050
3307, -19.4884, 0.0114, 0.000050
3308, -22.5000, 0.0008, 0.000050
3309, -17.4091, 0.0006, 0.000050
3310, -12.7955, 0.0010, 0.000050
3311, -14.9773, 0.0011, 0.000050
3312, -20.9767, 0.0012, 0.000050
3313, -18.5682, 0.0010, 0.000050
3314, -21.7955, 0.0011, 0.000050
3315, -21.5455, 0.0008, 0.000050
3316, -19.1364, 0.0006, 0.000050
3317, -18.3864, 0.0061, 0.000050
3318, -17.1818, 0.0110, 0.000050
3319, -16.3409, 0.0006, 0.000050
3320, -18.4773, 0.0029, 0.000050
3321, -18.2727, 0.0007, 0.000050
3322, -23.9773, 0.0011, 0.000050
3323, -16.9318, 0.0008, 0.000050
3324, -18.8864, 0.0040, 0.000050
3325, -18.6818, 0.0011, 0.000050
3326, -19.5909, 0.0011, 0.000050
3327, -22.3636, 0.0007, 0.000050
3328, -17.1364, 0.0010, 0.000050
3329, -17.4318, 0.0041, 0.000050
3330, -14.3182, 0.0007, 0.000050
3331, -16.2727, 0.0108, 0.000050
3332, -20.7955, 0.0017, 0.000050
3333, -16.4545, 0.0009, 0.000050
3334, -15.0682, 0.0007, 0.000050
3335, -17.7045, 0.0006, 0.000050
3336, -18.5455, 0.0012, 0.000050
3337, -20.7727, 0.0010, 0.000050
3338, -16.9091, 0.0008, 0.000050
3339, -16.7955, 0.0007, 0.000050
3340, -15.7500, 0.0011, 0.000050
3341, -18.0909, 0.0010, 0.000050
3342, -20.7727, 0.0020, 0.000050
3343, -18.5682, 0.0018, 0.000050
3344, -18.2500, 0.0007, 0.000050
3345, -20.2727, 0.0011, 0.000050
3346, -17.5909, 0.0006, 0.000050
3347, -16.9767, 0.0007, 0.000050
3348, -16.7045, 0.0009, 0.000050
3349, -18.8864, 0.0009, 0.000050
3350, -16.6591, 0.0020, 0.000050
3351, -19.0909, 0.0007, 0.000050
3352, -20.6591, 0.0016, 0.000050
3353, -17.1591, 0.0010, 0.000050
3354, -19.4545, 0.0011, 0.000050
3355, -18.5909, 0.0061, 0.000050
3356, -13.1591, 0.0009, 0.000050
3357, -16.2727, 0.0013, 0.000050
3358, -16.4286, 0.0009, 0.000050
3359, -17.2326, 0.0008, 0.000050
3360, -15.8372, 0.0008, 0.000050
3361, -19.6591, 0.0023, 0.000050
3362, -18.9773, 0.0013, 0.000050
3363, -18.5455, 0.0048, 0.000050
3364, -19.3409, 0.0011, 0.000050
3365, -16.2143, 0.0010, 0.000050
3366, -16.9318, 0.0007, 0.000050
3367, -17.8636, 0.0035, 0.000050
3368, -21.5682, 0.0013, 0.000050
3369, -16.8864, 0.0019, 0.000050
3370, -20.2727, 0.0015, 0.000050
3371, -20.3636, 0.0026, 0.000050
3372, -20.3409, 0.0012, 0.000050
3373, -19.7727, 0.0019, 0.000050
3374, -18.9773, 0.0011, 0.000050
3375, -19.4318, 0.0047, 0.000050
3376, -19.3864, 0.0129, 0.000050
3377, -21.6818, 0.0015, 0.000050
3378, -23.1818, 0.0015, 0.000050
3379, -18.6977, 0.0007, 0.000050
3380, -17.3409, 0.0009, 0.000050
3381, -20.5682, 0.0007, 0.000050
3382, -18.2045, 0.0015, 0.000050
3383, -20.7500, 0.0007, 0.000050
3384, -16.7727, 0.0007, 0.000050
3385, -20.8409, 0.0014, 0.000050
3386, -18.2273, 0.0013, 0.000050
3387, -17.8864, 0.0065, 0.000050
3388, -20.5952, 0.0013, 0.000050
3389, -16.9318, 0.0006, 0.000050
3390, -20.6364, 0.0008, 0.000050
3391, -16.0714, 0.0007, 0.000050
3392, -17.4318, 0.0007, 0.000050
3393, -15.8864, 0.0007, 0.000050
3394, -18.7727, 0.0013, 0.000050
3395, -19.5227, 0.0009, 0.000050
3396, -16.2955, 0.0009, 0.000050
3397, -21.6591, 0.0013, 0.000050
3398, -17.8636, 0.0030, 0.000050
3399, -19.0682, 0.0010, 0.000050
3400, -19.7045, 0.0037, 0.000050
3401, -19.7273, 0.0014, 0.000050
3402, -16.9091, 0.0007, 0.000050
3403, -16.4773, 0.0008, 0.000050
3404, -19.3864, 0.0023, 0.000050
3405, -20.9773, 0.0024, 0.000050
3406, -18.7045, 0.0015, 0.000050
3407, -18.0909, 0.0015, 0.000050
3408, -18.9318, 0.0009, 0.000050
3409, -19.0930, 0.0009, 0.000050
3410, -22.6818, 0.0019, 0.000050
3411, -19.6591, 0.0009, 0.000050
3412, -22.3864, 0.0009, 0.000050
3413, -18.1591, 0.0010, 0.000050
3414, -17.7273, 0.0040, 0.000050
3415, -18.1136, 0.0013, 0.000050
3416, -15.6818, 0.0012, 0.000050
3417, -17.4773, 0.0008, 0.000050
3418, -19.1591, 0.0010, 0.000050
3419, -20.2500, 0.0017, 0.000050
3420, -15.6591, 0.0010, 0.000050
3421, -16.9773, 0.0008, 0.000050
3422, -18.9773, 0.0020, 0.000050
3423, -18.1395, 0.0009, 0.000050
3424, -19.3095, 0.0009, 0.000050
3425, -19.7727, 0.0019, 0.000050
3426, -17.2273, 0.0039, 0.000050
3427, -22.7727, 0.0011, 0.000050
3428, -15.0455, 0.0007, 0.000050
3429, -18.9545, 0.0027, 0.000050
3430, -18.6364, 0.0008, 0.000050
3431, -17.7955, 0.0009, 0.000050
3432, -14.1628, 0.0009, 0.000050
3433, -18.1860, 0.0009, 0.000050
3434, -17.5000, 0.0007, 0.000050
3435, -21.3182, 0.0011, 0.000050
3436, -18.8409, 0.0008, 0.000050
3437, -18.8182, 0.0008, 0.000050
3438, -23.1667, 0.0013, 0.000050
3439, -16.4773, 0.0007, 0.000050
3440, -17.1136, 0.0008, 0.000050
3441, -16.6818, 0.0040, 0.000050
3442, -19.9545, 0.0012, 0.000050
3443, -15.1818, 0.0009, 0.000050
3444, -18.3864, 0.0009, 0.000050
3445, -17.2727, 0.0008, 0.000050
3446, -23.2045, 0.0010, 0.000050
3447, -17.4773, 0.0075, 0.000050
3448, -15.9773, 0.0008, 0.000050
3449, -14.3636, 0.0007, 0.000050
3450, -19.1136, 0.0018, 0.000050
3451, -16.7273, 0.0008, 0.000050
3452, -15.2955, 0.0132, 0.000050
3453, -19.5909, 0.0023, 0.000050
3454, -20.1364, 0.0025, 0.000050
3455, -18.9318, 0.0010, 0.000050
3456, -16.4318, 0.0007, 0.000050
3457, -17.5000, 0.0009, 0.000050
3458, -20.3864, 0.0028, 0.000050
3459, -16.5455, 0.0032, 0.000050
3460, -20.8636, 0.0012, 0.000050
3461, -14.5455, 0.0007, 0.000050
3462, -15.8182, 0.0008, 0.000050
3463, -18.9318, 0.0016, 0.000050
3464, -18.3182, 0.0007, 0.000050
3465, -15.0227, 0.0009, 0.000050
3466, -20.0455, 0.0009, 0.000050
3467, -18.2500, 0.0017, 0.000050
3468, -20.6136, 0.0021, 0.000050
3469, -18.0682, 0.0010, 0.000050
3470, -16.0909, 0.0007, 0.000050
3471, -19.4545, 0.0027, 0.000050
3472, -18.8182, 0.0029, 0.000050
3473, -18.2558, 0.0008, 0.000050
3474, -16.2619, 0.0009, 0.000050
3475, -18.9318, 0.0037, 0.000050
3476, -17.7273, 0.0010, 0.000050
3477, -19.0227, 0.0011, 0.000050
3478, -18.0455, 0.0009, 0.000050
3479, -16.9773, 0.0007, 0.000050
3480, -20.3864, 0.0134, 0.000050
3481, -19.4091, 0.0027, 0.000050
3482, -16.3182, 0.0060, 0.000050
3483, -19.8864, 0.0017, 0.000050
3484, -15.3864, 0.0008, 0.000050
3485, -15.7955, 0.0113, 0.000050
3486, -18.0682, 0.0008, 0.000050
3487, -18.9091, 0.0007, 0.000050
3488, -20.9773, 0.0006, 0.000050
3489, -16.1190, 0.0040, 0.000050
3490, -21.4318, 0.0012, 0.000050
3491, -19.1136, 0.0019, 0.000050
3492, -18.2045, 0.0008, 0.000050
3493, -18.1818, 0.0042, 0.000050
3494, -17.8864, 0.0008, 0.000050
3495, -17.1190, 0.0009, 0.000050
3496, -17.8636, 0.0006, 0.000050
3497, -18.0909, 0.0007, 0.000050
3498, -17.0909, 0.0008, 0.000050
3499, -15.8409, 0.0008, 0.000050
3500, -20.0455, 0.0011, 0.000050
3501, -19.7273, 0.0010, 0.000050
3502, -19.1364, 0.0017, 0.000050
3503, -20.2045, 0.0009, 0.000050
3504, -20.1364, 0.0017, 0.000050
3505, -20.3636, 0.0012, 0.000050
3506, -20.6905, 0.0023, 0.000050
3507, -20.6364, 0.0009, 0.000050
3508, -17.5682, 0.0008, 0.000050
3509, -21.7500, 0.0010, 0.000050
3510, -17.1136, 0.0011, 0.000050
3511, -18.3864, 0.0008, 0.000050
3512, -18.6136, 0.0020, 0.000050
3513, -17.1818, 0.0007, 0.000050
3514, -18.4773, 0.0019, 0.000050
3515, -14.5909, 0.0010, 0.000050
3516, -17.0000, 0.0009, 0.000050
3517, -21.3953, 0.0016, 0.000050
3518, -22.0227, 0.0019, 0.000050
3519, -16.7727, 0.0147, 0.000050
3520, -18.1818, 0.0019, 0.000050
3521, -21.5909, 0.0027, 0.000050
3522, -19.5000, 0.0019, 0.000050
3523, -14.9545, 0.0033, 0.000050
3524, -22.2273, 0.0010, 0.000050
3525, -19.9773, 0.0015, 0.000050
3526, -18.8182, 0.0123, 0.000050
3527, -19.1818, 0.0010, 0.000050
3528, -18.5909, 0.0006, 0.000050
3529, -21.2500, 0.0009, 0.000050
3530, -14.8409, 0.0010, 0.000050
3531, -16.6136, 0.0007, 0.000050
3532, -20.6818, 0.0012, 0.000050
3533, -19.3864, 0.0042, 0.000050
3534, -17.2045, 0.0008, 0.000050
3535, -16.9773, 0.0023, 0.000050
3536, -15.0455, 0.0009, 0.000050
3537, -20.1364, 0.0012, 0.000050
3538, -17.8636, 0.0062, 0.000050
3539, -18.4773, 0.0009, 0.000050
3540, -20.7442, 0.0011, 0.000050
3541, -13.9545, 0.0008, 0.000050
3542, -15.8182, 0.0041, 0.000050
3543, -20.4773, 0.0007, 0.000050
3544, -19.9767, 0.0013, 0.000050
3545, -22.3636, 0.0009, 0.000050
3546, -16.1364, 0.0119, 0.000050
3547, -21.5455, 0.0109, 0.000050
3548, -17.4545, 0.0007, 0.000050
3549, -17.4545, 0.0022, 0.000050
3550, -17.9545, 0.0015, 0.000050
3551, -19.8605, 0.0039, 0.000050
3552, -20.8605, 0.0020, 0.000050
3553, -19.7273, 0.0006, 0.000050
3554, -18.0714, 0.0008, 0.000050
3555, -17.6591, 0.0021, 0.000050
3556, -17.7955, 0.0006, 0.000050
3557, -17.5000, 0.0106, 0.000050
3558, -17.6279, 0.0007, 0.000050
3559, -18.9091, 0.0024, 0.000050
3560, -19.3636, 0.0018, 0.000050
3561, -16.9545, 0.0007, 0.000050
3562, -20.8571, 0.0020, 0.000050
3563, -17.2727, 0.0008, 0.000050
3564, -20.4545, 0.0013, 0.000050
3565, -17.4091, 0.0008, 0.000050
3566, -22.8182, 0.0008, 0.000050
3567, -18.5227, 0.0008, 0.000050
3568, -20.2727, 0.0017, 0.000050
3569, -20.2955, 0.0010, 0.000050
3570, -19.3864, 0.0007, 0.000050
3571, -17.3864, 0.0008, 0.000050
3572, -14.4091, 0.0010, 0.000050
3573, -14.4773, 0.0118, 0.000050
3574, -16.3409, 0.0107, 0.000050
3575, -15.4091, 0.0008, 0.000050
3576, -16.6136, 0.0008, 0.000050
3577, -15.0000, 0.0007, 0.000050
3578, -18.9286, 0.0052, 0.000050
3579, -20.3182, 0.0028, 0.000050
3580, -19.4773, 0.0008, 0.000050
3581, -21.1860, 0.0037, 0.000050
3582, -16.3636, 0.0006, 0.000050
3583, -19.4091, 0.0011, 0.000050
3584, -20.0000, 0.0100, 0.000050
3585, -21.8182, 0.0011, 0.000050
3586, -20.0000, 0.0095, 0.000050
3587, -19.5349, 0.0017, 0.000050
3588, -21.7727, 0.0006, 0.000050
3589, -15.6818, 0.0006, 0.000050
3590, -16.7045, 0.0007, 0.000050
3591, -16.4773, 0.0010, 0.000050
3592, -20.0227, 0.0011, 0.000050
3593, -17.7955, 0.0007, 0.000050
3594, -17.0455, 0.0008, 0.000050
3595, -20.7500, 0.0033, 0.000050
3596, -17.3864, 0.0006, 0.000050
3597, -17.6591, 0.0012, 0.000050
3598, -19.6364, 0.0009, 0.000050
3599, -16.6364, 0.0006, 0.000050
3600, -18.4545, 0.0015, 0.000050
3601, -17.0682, 0.0016, 0.000050
3602, -17.5682, 0.0007, 0.000050
3603, -17.9091, 0.0007, 0.000050
3604, -17.8864, 0.0031, 0.000050
3605, -17.6818, 0.0006, 0.000050
3606, -20.2619, 0.0032, 0.000050
3607, -23.7273, 0.0018, 0.000050
3608, -16.8095, 0.0113, 0.000050
3609, -18.7955, 0.0007, 0.000050
3610, -19.1591, 0.0009, 0.000050
3611, -14.5909, 0.0007, 0.000050
3612, -18.2500, 0.0022, 0.000050
3613, -18.9091, 0.0031, 0.000050
3614, -17.7955, 0.0031, 0.000050
3615, -15.5227, 0.0011, 0.000050
3616, -17.7727, 0.0016, 0.000050
3617, -21.7857, 0.0031, 0.000050
3618, -16.2045, 0.0009, 0.000050
3619, -15.6364, 0.0008, 0.000050
3620, -18.7045, 0.0007, 0.000050
3621, -19.1136, 0.0012, 0.000050
3622, -18.9091, 0.0007, 0.000050
3623, -17.8864, 0.0013, 0.000050
3624, -17.0000, 0.0009, 0.000050
3625, -17.1818, 0.0007, 0.000050
3626, -14.5000, 0.0010, 0.000050
3627, -17.0465, 0.0012, 0.000050
3628, -18.1818, 0.0010, 0.000050
3629, -20.2955, 0.0020, 0.000050
3630, -21.4091, 0.0010, 0.000050
3631, -18.7955, 0.0030, 0.000050
3632, -18.7273, 0.0008, 0.000050
3633, -20.1591, 0.0047, 0.000050
3634, -19.5455, 0.0007, 0.000050
3635, -17.4318, 0.0021, 0.000050
3636, -12.0698, 0.0010, 0.000050
3637, -19.9091, 0.0008, 0.000050
3638, -16.9773, 0.0025, 0.000050
3639, -19.4773, 0.0016, 0.000050
3640, -16.8605, 0.0008, 0.000050
3641, -21.0909, 0.0026, 0.000050
3642, -18.0909, 0.0009, 0.000050
3643, -15.7500, 0.0008, 0.000050
3644, -18.6818, 0.0020, 0.000050
3645, -21.5714, 0.0014, 0.000050
3646, -17.0227, 0.0007, 0.000050
3647, -18.3182, 0.0009, 0.000050
3648, -20.2093, 0.0050, 0.000050
3649, -19.3409, 0.0010, 0.000050
3650, -17.5682, 0.0007, 0.000050
3651, -16.8409, 0.0009, 0.000050
3652, -16.9545, 0.0028, 0.000050
3653, -21.4091, 0.0069, 0.000050
3654, -18.9091, 0.0007, 0.000050
3655, -19.5227, 0.0031, 0.000050
3656, -16.7045, 0.0010, 0.000050
3657, -19.7273, 0.0007, 0.000050
3658, -16.2045, 0.0011, 0.000050
3659, -15.5000, 0.0009, 0.000050
3660, -14.6136, 0.0012, 0.000050
3661, -16.5909, 0.0010, 0.000050
3662, -16.9318, 0.0009, 0.000050
3663, -17.7674, 0.0007, 0.000050
3664, -17.4773, 0.0010, 0.000050
3665, -16.9091, 0.0011, 0.000050
3666, -18.9773, 0.0138, 0.000050
3667, -18.7045, 0.0011, 0.000050
3668, -16.3864, 0.0045, 0.000050
3669, -19.7955, 0.0011, 0.000050
3670, -20.9773, 0.0007, 0.000050
3671, -17.7273, 0.0007, 0.000050
3672, -16.0909, 0.0011, 0.000050
3673, -18.9545, 0.0006, 0.000050
3674, -16.5227, 0.0008, 0.000050
3675, -17.4419, 0.0009, 0.000050
3676, -20.5116, 0.0020, 0.000050
3677, -16.4091, 0.0007, 0.000050
3678, -20.7955, 0.0008, 0.000050
3679, -15.7727, 0.0010, 0.000050
3680, -16.4545, 0.0025, 0.000050
3681, -19.5227, 0.0068, 0.000050
3682, -14.7273, 0.0009, 0.000050
3683, -17.7045, 0.0006, 0.000050
3684, -16.9773, 0.0020, 0.000050
3685, -20.8333, 0.0009, 0.000050
3686, -18.6591, 0.0035, 0.000050
3687, -14.0227, 0.0013, 0.000050
3688, -18.1364, 0.0008, 0.000050
3689, -15.9773, 0.0006, 0.000050
3690, -18.3636, 0.0008, 0.000050
3691, -16.7727, 0.0008, 0.000050
3692, -18.0455, 0.0065, 0.000050
3693, -19.0455, 0.0023, 0.000050
3694, -16.3721, 0.0118, 0.000050
3695, -17.9318, 0.0031, 0.000050
3696, -13.1364, 0.0008, 0.000050
3697, -17.8182, 0.0007, 0.000050
3698, -15.4186, 0.0007, 0.000050
3699, -18.8864, 0.0008, 0.000050
3700, -16.1136, 0.0007, 0.000050
3701, -13.3409, 0.0009, 0.000050
3702, -22.9545, 0.0008, 0.000050
3703, -20.4091, 0.0025, 0.000050
3704, -21.0227, 0.0022, 0.000050
3705, -16.1591, 0.0007, 0.000050
3706, -19.6364, 0.0008, 0.000050
3707, -19.5227, 0.0029, 0.000050
3708, -17.0455, 0.0010, 0.000050
3709, -20.8182, 0.0009, 0.000050
3710, -22.3636, 0.0020, 0.000050
3711, -22.0000, 0.0007, 0.000050
3712, -16.7727, 0.0017, 0.000050
3713, -16.5000, 0.0010, 0.000050
3714, -17.2273, 0.0009, 0.000050
3715, -15.5455, 0.0012, 0.000050
3716, -19.9545, 0.0022, 0.000050
3717, -15.9773, 0.0008, 0.000050
3718, -16.0000, 0.0008, 0.000050
3719, -17.1136, 0.0038, 0.000050
3720, -19.0000, 0.0008, 0.000050
3721, -19.2955, 0.0007, 0.000050
3722, -14.3864, 0.0008, 0.000050
3723, -17.7955, 0.0010, 0.000050
3724, -18.0698, 0.0012, 0.000050
3725, -21.8864, 0.0019, 0.000050
3726, -19.5814, 0.0032, 0.000050
3727, -16.0682, 0.0009, 0.000050
3728, -14.1818, 0.0007, 0.000050
3729, -16.6591, 0.0008, 0.000050
3730, -22.2500, 0.0015, 0.000050
3731, -17.3182, 0.0009, 0.000050
3732, -19.0682, 0.0050, 0.000050
3733, -17.9545, 0.0025, 0.000050
3734, -19.1136, 0.0046, 0.000050
3735, -21.2273, 0.0067, 0.000050
3736, -15.2500, 0.0011, 0.000050
3737, -16.7727, 0.0008, 0.000050
3738, -16.4091, 0.0009, 0.000050
3739, -16.7273, 0.0010, 0.000050
3740, -20.1591, 0.0008, 0.000050
3741, -18.8409, 0.0044, 0.000050
3742, -19.2500, 0.0008, 0.000050
3743, -21.3409, 0.0010, 0.000050
3744, -21.3810, 0.0020, 0.000050
3745, -13.8182, 0.0007, 0.000050
3746, -19.8409, 0.0012, 0.000050
3747, -15.4318, 0.0034, 0.000050
3748, -18.4091, 0.0007, 0.000050
3749, -19.7273, 0.0010, 0.000050
3750, -18.2955, 0.0008, 0.000050
3751, -18.0930, 0.0008, 0.000050
3752, -17.9773, 0.0022, 0.000050
3753, -19.8636, 0.0011, 0.000050
3754, -15.1591, 0.0009, 0.000050
3755, -17.2045, 0.0008, 0.000050
3756, -18.3409, 0.0029, 0.000050
3757, -17.9318, 0.0025, 0.000050
3758, -24.7045, 0.0016, 0.000050
3759, -17.9545, 0.0010, 0.000050
3760, -17.2045, 0.0132, 0.000050
3761, -21.1818, 0.0025, 0.000050
3762, -18.6591, 0.0008, 0.000050
3763, -17.4773, 0.0010, 0.000050
3764, -20.3409, 0.0008, 0.000050
3765, -19.5909, 0.0009, 0.000050
3766, -17.5909, 0.0009, 0.000050
3767, -17.7500, 0.0010, 0.000050
3768, -17.7955, 0.0008, 0.000050
3769, -19.3864, 0.0011, 0.000050
3770, -20.0682, 0.0019, 0.000050
3771, -14.4091, 0.0007, 0.000050
3772, -19.0682, 0.0019, 0.000050
3773, -18.0227, 0.0128, 0.000050
3774, -14.7045, 0.0007, 0.000050
3775, -22.2955, 0.0007, 0.000050
3776, -17.1818, 0.0031, 0.000050
3777, -18.5000, 0.0006, 0.000050
3778, -19.7727, 0.0059, 0.000050
3779, -17.1860, 0.0031, 0.000050
3780, -19.4545, 0.0109, 0.000050
3781, -19.6364, 0.0008, 0.000050
3782, -20.5909, 0.0012, 0.000050
3783, -13.7500, 0.0009, 0.000050
3784, -21.2045, 0.0014, 0.000050
3785, -20.6364, 0.0011, 0.000050
3786, -18.3864, 0.0009, 0.000050
3787, -17.6364, 0.0008, 0.000050
3788, -17.5909, 0.0010, 0.000050
3789, -17.9091, 0.0109, 0.000050
3790, -22.9318, 0.0010, 0.000050
3791, -16.5909, 0.0028, 0.000050
3792, -17.9091, 0.0007, 0.000050
3793, -20.1818, 0.0016, 0.000050
3794, -19.2273, 0.0007, 0.000050
3795, -22.1628, 0.0032, 0.000050
3796, -15.8864, 0.0007, 0.000050
3797, -21.0455, 0.0015, 0.000050
3798, -18.0909, 0.0008, 0.000050
3799, -16.3182, 0.0014, 0.000050
3800, -16.5455, 0.0007, 0.000050
3801, -15.3636, 0.0007, 0.000050
3802, -20.7045, 0.0022, 0.000050
3803, -17.8182, 0.0007, 0.000050
3804, -18.7045, 0.0014, 0.000050
3805, -20.1429, 0.0025, 0.000050
3806, -19.9773, 0.0016, 0.000050
3807, -17.6591, 0.0008, 0.000050
3808, -19.3409, 0.0009, 0.000050
3809, -19.9545, 0.0008, 0.000050
3810, -16.6136, 0.0007, 0.000050
3811, -17.9545, 0.0009, 0.000050
3812, -21.1818, 0.0018, 0.000050
3813, -22.6364, 0.0019, 0.000050
3814, -18.2045, 0.0047, 0.000050
3815, -17.7273, 0.0045, 0.000050
3816, -16.9773, 0.0011, 0.000050
3817, -17.1364, 0.0009, 0.000050
3818, -19.4545, 0.0011, 0.000050
3819, -18.0000, 0.0014, 0.000050
3820, -19.0227, 0.0029, 0.000050
3821, -19.2045, 0.0008, 0.000050
3822, -20.6364, 0.0014, 0.000050
3823, -16.2791, 0.0011, 0.000050
3824, -17.8409, 0.0030, 0.000050
3825, -18.6136, 0.0013, 0.000050
3826, -15.9773, 0.0009, 0.000050
3827, -16.7045, 0.0007, 0.000050
3828, -14.6591, 0.0010, 0.000050
3829, -14.4545, 0.0007, 0.000050
3830, -15.7955, 0.0065, 0.000050
3831, -15.8409, 0.0010, 0.000050
3832, -18.0455, 0.0008, 0.000050
3833, -16.1591, 0.0119, 0.000050
3834, -15.1163, 0.0008, 0.000050
3835, -19.8095, 0.0009, 0.000050
3836, -15.1364, 0.0008, 0.000050
3837, -14.6591, 0.0008, 0.000050
3838, -19.5116, 0.0009, 0.000050
3839, -17.9318, 0.0008, 0.000050
3840, -18.7045, 0.0016, 0.000050
3841, -20.5455, 0.0019, 0.000050
3842, -19.2955, 0.0008, 0.000050
3843, -17.1364, 0.0021, 0.000050
3844, -17.2727, 0.0024, 0.000050
3845, -16.9091, 0.0008, 0.000050
3846, -18.2045, 0.0037, 0.000050
3847, -14.9773, 0.0010, 0.000050
3848, -13.9091, 0.0009, 0.000050
3849, -19.3409, 0.0009, 0.000050
3850, -18.2093, 0.0008, 0.000050
3851, -14.6591, 0.0010, 0.000050
3852, -19.5682, 0.0028, 0.000050
3853, -16.7500, 0.0008, 0.000050
3854, -16.7619, 0.0008, 0.000050
3855, -21.2045, 0.0012, 0.000050
3856, -18.9773, 0.0027, 0.000050
3857, -17.6591, 0.0008, 0.000050
3858, -13.0909, 0.0014, 0.000050
3859, -16.5455, 0.0008, 0.000050
3860, -22.8864, 0.0032, 0.000050
3861, -14.5227, 0.0010, 0.000050
3862, -17.7955, 0.0007, 0.000050
3863, -17.3864, 0.0008, 0.000050
3864, -16.2500, 0.0047, 0.000050
3865, -18.3182, 0.0129, 0.000050
3866, -16.1591, 0.0031, 0.000050
3867, -15.5814, 0.0009, 0.000050
3868, -15.3488, 0.0009, 0.000050
3869, -15.9091, 0.0009, 0.000050
3870, -17.4545, 0.0030, 0.000050
3871, -18.2273, 0.0009, 0.000050
3872, -14.1136, 0.0008, 0.000050
3873, -21.1628, 0.0022, 0.000050
3874, -16.9091, 0.0060, 0.000050
3875, -20.1860, 0.0031, 0.000050
3876, -19.2955, 0.0040, 0.000050
3877, -18.2273, 0.0041, 0.000050
3878, -17.5227, 0.0008, 0.000050
3879, -16.4318, 0.0008, 0.000050
3880, -22.2500, 0.0019, 0.000050
3881, -19.8636, 0.0059, 0.000050
3882, -17.1136, 0.0026, 0.000050
3883, -20.2955, 0.0056, 0.000050
3884, -17.2727, 0.0008, 0.000050
3885, -16.4545, 0.0008, 0.000050
3886, -19.8182, 0.0009, 0.000050
3887, -19.1136, 0.0009, 0.000050
3888, -16.0000, 0.0008, 0.000050
3889, -17.4318, 0.0010, 0.000050
3890, -17.9545, 0.0111, 0.000050
3891, -19.5455, 0.0023, 0.000050
3892, -15.1136, 0.0007, 0.000050
3893, -17.0227, 0.0103, 0.000050
3894, -16.7955, 0.0094, 0.000050
3895, -14.4545, 0.0006, 0.000050
3896, -18.0682, 0.0007, 0.000050
3897, -17.1905, 0.0009, 0.000050
3898, -17.2791, 0.0009, 0.000050
3899, -14.3409, 0.0007, 0.000050
3900, -21.0000, 0.0008, 0.000050
3901, -20.5000, 0.0026, 0.000050
3902, -19.7500, 0.0014, 0.000050
3903, -16.3182, 0.0014, 0.000050
3904, -16.3409, 0.0007, 0.000050
3905, -19.2727, 0.0051, 0.000050
3906, -16.1136, 0.0009, 0.000050
3907, -13.3409, 0.0007, 0.000050
3908, -17.6818, 0.0007, 0.000050
3909, -19.6364, 0.0009, 0.000050
3910, -14.5227, 0.0010, 0.000050
3911, -16.7500, 0.0007, 0.000050
3912, -19.3409, 0.0007, 0.000050
3913, -17.2727, 0.0007, 0.000050
3914, -22.2326, 0.0010, 0.000050
3915, -16.9318, 0.0008, 0.000050
3916, -16.5227, 0.0006, 0.000050
3917, -18.5000, 0.0007, 0.000050
3918, -17.8182, 0.0016, 0.000050
3919, -22.4419, 0.0008, 0.000050
3920, -18.2045, 0.0007, 0.000050
3921, -18.9773, 0.0042, 0.000050
3922, -15.4545, 0.0008, 0.000050
3923, -17.6047, 0.0007, 0.000050
3924, -20.9318, 0.0117, 0.000050
3925, -16.2500, 0.0007, 0.000050
3926, -15.7045, 0.0007, 0.000050
3927, -18.0000, 0.0011, 0.000050
3928, -15.5909, 0.0007, 0.000050
3929, -17.2558, 0.0010, 0.000050
3930, -18.7727, 0.0056, 0.000050
3931, -16.4318, 0.0106, 0.000050
3932, -16.9091, 0.0007, 0.000050
3933, -17.6591, 0.0006, 0.000050
3934, -17.4091, 0.0009, 0.000050
3935, -18.4773, 0.0009, 0.000050
3936, -16.0682, 0.0008, 0.000050
3937, -19.6591, 0.0104, 0.000050
3938, -18.1591, 0.0021, 0.000050
3939, -18.3488, 0.0018, 0.000050
3940, -18.5000, 0.0023, 0.000050
3941, -15.5000, 0.0007, 0.000050
3942, -20.3023, 0.0026, 0.000050
3943, -17.2955, 0.0019, 0.000050
3944, -18.0455, 0.0008, 0.000050
3945, -17.6591, 0.0008, 0.000050
3946, -18.2727, 0.0007, 0.000050
3947, -16.5455, 0.0007, 0.000050
3948, -19.4318, 0.0011, 0.000050
3949, -18.6591, 0.0008, 0.000050
3950, -16.2273, 0.0105, 0.000050
3951, -17.2045, 0.0007, 0.000050
3952, -18.7727, 0.0009, 0.000050
3953, -16.6591, 0.0007, 0.000050
3954, -16.5000, 0.0013, 0.000050
3955, -14.4186, 0.0007, 0.000050
3956, -17.8182, 0.0007, 0.000050
3957, -15.9535, 0.0007, 0.000050
3958, -16.8409, 0.0006, 0.000050
3959, -16.1591, 0.0007, 0.000050
3960, -16.7381, 0.0009, 0.000050
3961, -16.8182, 0.0105, 0.000050
3962, -20.4318, 0.0021, 0.000050
3963, -19.5952, 0.0008, 0.000050
3964, -17.4773, 0.0008, 0.000050
3965, -17.8864, 0.0101, 0.000050
3966, -17.0455, 0.0008, 0.000050
3967, -15.7727, 0.0006, 0.000050
3968, -15.3636, 0.0008, 0.000050
3969, -15.2273, 0.0011, 0.000050
3970, -22.4524, 0.0011, 0.000050
3971, -18.6136, 0.0008, 0.000050
3972, -17.9545, 0.0028, 0.000050
3973, -14.9773, 0.0010, 0.000050
3974, -15.2045, 0.0009, 0.000050
3975, -18.7727, 0.0010, 0.000050
3976, -19.8605, 0.0007, 0.000050
3977, -15.9773, 0.0008, 0.000050
3978, -22.9091, 0.0015, 0.000050
3979, -15.7442, 0.0025, 0.000050
3980, -16.8636, 0.0029, 0.000050
3981, -20.8409, 0.0107, 0.000050
3982, -17.0455, 0.0008, 0.000050
3983, -19.1136, 0.0035, 0.000050
3984, -16.0682, 0.0008, 0.000050
3985, -20.0227, 0.0015, 0.000050
3986, -16.6818, 0.0036, 0.000050
3987, -16.5455, 0.0008, 0.000050
3988, -20.2955, 0.0037, 0.000050
3989, -19.2273, 0.0013, 0.000050
3990, -19.1136, 0.0006, 0.000050
3991, -19.4773, 0.0015, 0.000050
3992, -18.2381, 0.0007, 0.000050
3993, -20.9545, 0.0024, 0.000050
3994, -13.2500, 0.0009, 0.000050
3995, -16.2727, 0.0010, 0.000050
3996, -15.6364, 0.0009, 0.000050
3997, -20.6591, 0.0016, 0.000050
3998, -19.0000, 0.0020, 0.000050
3999, -15.9318, 0.0010, 0.000050
4000, -14.4318, 0.0010, 0.000050
