episode, reward, loss, lr
1, -25.5455, 0.0009, 0.000050
2, -23.4091, 0.0007, 0.000050
3, -22.9091, 0.0007, 0.000050
4, -22.9091, 0.0011, 0.000050
5, -24.0227, 0.0011, 0.000050
6, -26.5682, 0.0015, 0.000050
7, -28.7500, 0.0010, 0.000050
8, -20.9773, 0.0009, 0.000050
9, -22.9545, 0.0019, 0.000050
10, -18.6364, 0.0011, 0.000050
11, -24.8182, 0.0036, 0.000050
12, -25.0000, 0.0041, 0.000050
13, -23.1364, 0.0023, 0.000050
14, -21.3409, 0.0009, 0.000050
15, -23.3636, 0.0024, 0.000050
16, -23.8636, 0.0010, 0.000050
17, -25.1591, 0.0011, 0.000050
18, -24.3864, 0.0025, 0.000050
19, -21.5909, 0.0010, 0.000050
20, -21.0227, 0.0012, 0.000050
21, -25.6977, 0.0031, 0.000050
22, -22.8837, 0.0024, 0.000050
23, -27.3409, 0.0024, 0.000050
24, -23.7500, 0.0012, 0.000050
25, -27.6364, 0.0017, 0.000050
26, -29.3488, 0.0040, 0.000050
27, -28.6818, 0.0013, 0.000050
28, -23.8636, 0.0183, 0.000050
29, -21.7045, 0.0016, 0.000050
30, -25.7045, 0.0018, 0.000050
31, -22.5909, 0.0029, 0.000050
32, -24.6512, 0.0013, 0.000050
33, -24.8837, 0.0037, 0.000050
34, -23.0909, 0.0010, 0.000050
35, -25.8864, 0.0018, 0.000050
36, -25.2955, 0.0070, 0.000050
37, -25.5227, 0.0020, 0.000050
38, -27.6512, 0.0026, 0.000050
39, -23.5455, 0.0090, 0.000050
40, -27.2727, 0.0014, 0.000050
41, -25.0909, 0.0011, 0.000050
42, -28.2500, 0.0017, 0.000050
43, -25.9091, 0.0024, 0.000050
44, -30.3488, 0.0014, 0.000050
45, -21.8636, 0.0027, 0.000050
46, -25.2558, 0.0020, 0.000050
47, -28.0465, 0.0015, 0.000050
48, -23.3182, 0.0017, 0.000050
49, -26.5909, 0.0016, 0.000050
50, -25.7273, 0.0018, 0.000050
51, -20.9091, 0.0097, 0.000050
52, -28.2273, 0.0018, 0.000050
53, -24.2500, 0.0037, 0.000050
54, -23.2955, 0.0021, 0.000050
55, -21.7727, 0.0171, 0.000050
56, -25.8864, 0.0041, 0.000050
57, -27.4773, 0.0012, 0.000050
58, -21.5227, 0.0011, 0.000050
59, -25.3636, 0.0055, 0.000050
60, -25.0682, 0.0016, 0.000050
61, -23.9091, 0.0027, 0.000050
62, -24.8636, 0.0013, 0.000050
63, -26.2727, 0.0022, 0.000050
64, -19.7273, 0.0011, 0.000050
65, -24.5814, 0.0045, 0.000050
66, -23.8864, 0.0020, 0.000050
67, -25.3409, 0.0022, 0.000050
68, -27.7727, 0.0013, 0.000050
69, -26.2955, 0.0015, 0.000050
70, -24.2727, 0.0042, 0.000050
71, -22.1136, 0.0013, 0.000050
72, -24.6364, 0.0012, 0.000050
73, -25.9773, 0.0058, 0.000050
74, -28.1591, 0.0010, 0.000050
75, -27.5581, 0.0015, 0.000050
76, -26.1364, 0.0027, 0.000050
77, -28.1818, 0.0019, 0.000050
78, -25.0682, 0.0016, 0.000050
79, -26.1591, 0.0023, 0.000050
80, -22.6136, 0.0033, 0.000050
81, -23.2955, 0.0030, 0.000050
82, -20.3182, 0.0063, 0.000050
83, -22.5455, 0.0087, 0.000050
84, -24.6136, 0.0032, 0.000050
85, -27.8409, 0.0017, 0.000050
86, -27.6977, 0.0014, 0.000050
87, -25.0227, 0.0024, 0.000050
88, -26.3182, 0.0016, 0.000050
89, -20.9773, 0.0012, 0.000050
90, -25.9091, 0.0029, 0.000050
91, -21.2500, 0.0169, 0.000050
92, -25.8182, 0.0017, 0.000050
93, -22.1364, 0.0131, 0.000050
94, -24.5682, 0.0019, 0.000050
95, -30.8605, 0.0011, 0.000050
96, -25.7500, 0.0019, 0.000050
97, -24.8864, 0.0024, 0.000050
98, -21.8182, 0.0009, 0.000050
99, -22.9773, 0.0009, 0.000050
100, -20.9318, 0.0073, 0.000050
101, -24.1364, 0.0015, 0.000050
102, -23.8636, 0.0131, 0.000050
103, -26.7727, 0.0014, 0.000050
104, -25.5682, 0.0021, 0.000050
105, -24.6136, 0.0014, 0.000050
106, -26.2955, 0.0014, 0.000050
107, -22.7045, 0.0011, 0.000050
108, -27.2273, 0.0022, 0.000050
109, -23.8864, 0.0010, 0.000050
110, -24.2093, 0.0024, 0.000050
111, -23.4773, 0.0040, 0.000050
112, -22.7955, 0.0030, 0.000050
113, -26.8636, 0.0012, 0.000050
114, -23.0227, 0.0010, 0.000050
115, -26.4773, 0.0014, 0.000050
116, -21.2955, 0.0020, 0.000050
117, -23.6591, 0.0016, 0.000050
118, -17.1136, 0.0012, 0.000050
119, -22.8182, 0.0023, 0.000050
120, -24.6667, 0.0033, 0.000050
121, -24.7209, 0.0016, 0.000050
122, -22.5227, 0.0016, 0.000050
123, -20.5682, 0.0010, 0.000050
124, -21.4419, 0.0015, 0.000050
125, -25.7727, 0.0041, 0.000050
126, -20.4419, 0.0033, 0.000050
127, -23.7955, 0.0056, 0.000050
128, -29.6977, 0.0014, 0.000050
129, -25.2045, 0.0015, 0.000050
130, -22.5227, 0.0010, 0.000050
131, -23.5909, 0.0038, 0.000050
132, -22.8182, 0.0093, 0.000050
133, -25.0227, 0.0024, 0.000050
134, -25.2381, 0.0014, 0.000050
135, -26.3182, 0.0020, 0.000050
136, -24.2045, 0.0040, 0.000050
137, -22.7955, 0.0023, 0.000050
138, -22.7045, 0.0088, 0.000050
139, -19.9302, 0.0021, 0.000050
140, -19.4318, 0.0036, 0.000050
141, -18.4773, 0.0010, 0.000050
142, -21.2045, 0.0025, 0.000050
143, -24.5000, 0.0012, 0.000050
144, -24.4773, 0.0015, 0.000050
145, -22.4545, 0.0152, 0.000050
146, -21.5682, 0.0020, 0.000050
147, -20.2955, 0.0009, 0.000050
148, -19.3953, 0.0008, 0.000050
149, -18.4318, 0.0009, 0.000050
150, -20.2273, 0.0047, 0.000050
151, -18.4545, 0.0010, 0.000050
152, -20.1818, 0.0010, 0.000050
153, -20.7045, 0.0014, 0.000050
154, -23.3409, 0.0018, 0.000050
155, -20.3636, 0.0018, 0.000050
156, -21.7727, 0.0013, 0.000050
157, -21.4545, 0.0024, 0.000050
158, -21.1818, 0.0076, 0.000050
159, -21.5909, 0.0009, 0.000050
160, -19.5682, 0.0129, 0.000050
161, -17.6364, 0.0010, 0.000050
162, -21.9318, 0.0016, 0.000050
163, -18.8182, 0.0007, 0.000050
164, -25.2955, 0.0022, 0.000050
165, -20.6818, 0.0009, 0.000050
166, -21.4773, 0.0015, 0.000050
167, -20.7500, 0.0016, 0.000050
168, -22.5000, 0.0012, 0.000050
169, -21.2727, 0.0011, 0.000050
170, -16.7727, 0.0023, 0.000050
171, -23.7500, 0.0023, 0.000050
172, -20.0000, 0.0024, 0.000050
173, -18.7500, 0.0010, 0.000050
174, -19.1364, 0.0038, 0.000050
175, -23.4091, 0.0039, 0.000050
176, -23.7955, 0.0010, 0.000050
177, -20.4545, 0.0025, 0.000050
178, -22.9318, 0.0012, 0.000050
179, -20.9091, 0.0018, 0.000050
180, -22.4091, 0.0012, 0.000050
181, -23.1136, 0.0151, 0.000050
182, -24.3864, 0.0017, 0.000050
183, -20.2727, 0.0015, 0.000050
184, -20.8182, 0.0030, 0.000050
185, -21.4545, 0.0047, 0.000050
186, -18.9318, 0.0009, 0.000050
187, -26.0682, 0.0015, 0.000050
188, -26.9773, 0.0010, 0.000050
189, -24.0227, 0.0012, 0.000050
190, -23.9286, 0.0058, 0.000050
191, -22.2273, 0.0021, 0.000050
192, -23.9070, 0.0015, 0.000050
193, -20.1818, 0.0008, 0.000050
194, -23.8182, 0.0081, 0.000050
195, -23.5455, 0.0010, 0.000050
196, -22.3810, 0.0015, 0.000050
197, -20.2045, 0.0054, 0.000050
198, -23.0465, 0.0033, 0.000050
199, -25.1591, 0.0010, 0.000050
200, -17.3636, 0.0008, 0.000050
201, -22.4884, 0.0033, 0.000050
202, -22.2093, 0.0139, 0.000050
203, -22.0909, 0.0014, 0.000050
204, -22.9545, 0.0009, 0.000050
205, -23.2500, 0.0013, 0.000050
206, -20.9091, 0.0119, 0.000050
207, -22.9545, 0.0013, 0.000050
208, -22.8864, 0.0015, 0.000050
209, -20.1136, 0.0014, 0.000050
210, -24.1136, 0.0008, 0.000050
211, -24.0000, 0.0014, 0.000050
212, -22.4318, 0.0009, 0.000050
213, -25.9545, 0.0017, 0.000050
214, -25.5227, 0.0009, 0.000050
215, -19.3636, 0.0008, 0.000050
216, -20.4545, 0.0009, 0.000050
217, -26.9773, 0.0017, 0.000050
218, -19.0465, 0.0010, 0.000050
219, -22.8409, 0.0015, 0.000050
220, -24.2727, 0.0012, 0.000050
221, -25.7955, 0.0013, 0.000050
222, -23.9286, 0.0018, 0.000050
223, -23.6190, 0.0011, 0.000050
224, -22.5682, 0.0018, 0.000050
225, -19.3864, 0.0011, 0.000050
226, -22.5952, 0.0030, 0.000050
227, -20.1136, 0.0010, 0.000050
228, -23.5682, 0.0019, 0.000050
229, -19.8864, 0.0010, 0.000050
230, -22.0455, 0.0028, 0.000050
231, -18.6818, 0.0059, 0.000050
232, -20.2955, 0.0031, 0.000050
233, -20.7500, 0.0012, 0.000050
234, -19.6818, 0.0011, 0.000050
235, -21.4773, 0.0017, 0.000050
236, -19.4186, 0.0010, 0.000050
237, -18.0698, 0.0009, 0.000050
238, -18.1818, 0.0020, 0.000050
239, -22.9091, 0.0019, 0.000050
240, -20.1364, 0.0017, 0.000050
241, -21.6591, 0.0010, 0.000050
242, -20.7273, 0.0014, 0.000050
243, -21.8636, 0.0017, 0.000050
244, -19.7273, 0.0031, 0.000050
245, -19.1860, 0.0011, 0.000050
246, -17.3636, 0.0009, 0.000050
247, -23.8182, 0.0014, 0.000050
248, -19.9091, 0.0027, 0.000050
249, -24.2273, 0.0046, 0.000050
250, -20.9524, 0.0010, 0.000050
251, -15.6591, 0.0009, 0.000050
252, -18.1364, 0.0008, 0.000050
253, -19.5000, 0.0010, 0.000050
254, -21.2500, 0.0015, 0.000050
255, -23.4318, 0.0010, 0.000050
256, -18.7727, 0.0030, 0.000050
257, -20.6364, 0.0016, 0.000050
258, -26.4091, 0.0008, 0.000050
259, -16.9545, 0.0009, 0.000050
260, -21.0682, 0.0010, 0.000050
261, -19.3636, 0.0010, 0.000050
262, -18.9545, 0.0054, 0.000050
263, -18.7955, 0.0070, 0.000050
264, -19.3636, 0.0009, 0.000050
265, -20.3409, 0.0045, 0.000050
266, -21.0909, 0.0016, 0.000050
267, -19.9318, 0.0010, 0.000050
268, -18.7273, 0.0010, 0.000050
269, -18.9318, 0.0020, 0.000050
270, -20.0682, 0.0010, 0.000050
271, -19.1860, 0.0009, 0.000050
272, -23.7273, 0.0010, 0.000050
273, -16.7273, 0.0009, 0.000050
274, -16.0909, 0.0007, 0.000050
275, -17.5227, 0.0009, 0.000050
276, -23.6364, 0.0010, 0.000050
277, -24.9545, 0.0018, 0.000050
278, -17.6591, 0.0010, 0.000050
279, -17.4773, 0.0026, 0.000050
280, -20.8409, 0.0032, 0.000050
281, -20.4773, 0.0016, 0.000050
282, -19.4545, 0.0020, 0.000050
283, -15.7045, 0.0009, 0.000050
284, -14.8409, 0.0012, 0.000050
285, -21.0227, 0.0027, 0.000050
286, -19.9318, 0.0009, 0.000050
287, -18.7727, 0.0012, 0.000050
288, -20.4091, 0.0013, 0.000050
289, -18.3182, 0.0008, 0.000050
290, -16.1136, 0.0007, 0.000050
291, -20.8864, 0.0010, 0.000050
292, -24.8864, 0.0017, 0.000050
293, -23.1364, 0.0038, 0.000050
294, -19.8182, 0.0021, 0.000050
295, -21.3636, 0.0019, 0.000050
296, -17.9091, 0.0075, 0.000050
297, -17.3636, 0.0009, 0.000050
298, -26.5227, 0.0008, 0.000050
299, -17.0000, 0.0010, 0.000050
300, -21.2955, 0.0016, 0.000050
301, -18.9545, 0.0030, 0.000050
302, -22.3571, 0.0024, 0.000050
303, -28.1364, 0.0013, 0.000050
304, -22.9318, 0.0018, 0.000050
305, -22.8182, 0.0013, 0.000050
306, -23.4091, 0.0016, 0.000050
307, -21.1364, 0.0010, 0.000050
308, -20.2273, 0.0019, 0.000050
309, -22.2273, 0.0023, 0.000050
310, -18.2619, 0.0013, 0.000050
311, -18.3636, 0.0010, 0.000050
312, -20.5227, 0.0150, 0.000050
313, -23.9773, 0.0012, 0.000050
314, -25.1628, 0.0016, 0.000050
315, -17.9318, 0.0008, 0.000050
316, -19.2727, 0.0016, 0.000050
317, -21.0233, 0.0032, 0.000050
318, -25.3409, 0.0013, 0.000050
319, -18.2727, 0.0025, 0.000050
320, -19.0455, 0.0018, 0.000050
321, -19.5227, 0.0010, 0.000050
322, -19.6136, 0.0011, 0.000050
323, -22.6818, 0.0024, 0.000050
324, -28.4419, 0.0015, 0.000050
325, -20.9091, 0.0013, 0.000050
326, -18.1136, 0.0008, 0.000050
327, -20.6364, 0.0009, 0.000050
328, -24.5455, 0.0018, 0.000050
329, -20.9545, 0.0008, 0.000050
330, -20.5455, 0.0011, 0.000050
331, -18.2045, 0.0079, 0.000050
332, -21.3182, 0.0015, 0.000050
333, -26.8182, 0.0012, 0.000050
334, -19.3636, 0.0010, 0.000050
335, -24.1364, 0.0010, 0.000050
336, -16.9545, 0.0077, 0.000050
337, -23.3409, 0.0015, 0.000050
338, -22.7727, 0.0023, 0.000050
339, -17.4545, 0.0008, 0.000050
340, -24.5909, 0.0011, 0.000050
341, -18.5581, 0.0008, 0.000050
342, -22.4773, 0.0011, 0.000050
343, -15.4318, 0.0010, 0.000050
344, -23.9535, 0.0023, 0.000050
345, -20.9545, 0.0035, 0.000050
346, -19.1364, 0.0010, 0.000050
347, -19.0455, 0.0009, 0.000050
348, -23.2727, 0.0013, 0.000050
349, -18.3636, 0.0009, 0.000050
350, -25.2273, 0.0010, 0.000050
351, -22.6591, 0.0011, 0.000050
352, -19.1136, 0.0043, 0.000050
353, -23.7727, 0.0018, 0.000050
354, -17.6136, 0.0077, 0.000050
355, -22.8409, 0.0026, 0.000050
356, -21.7045, 0.0016, 0.000050
357, -23.4318, 0.0014, 0.000050
358, -20.1818, 0.0032, 0.000050
359, -21.3864, 0.0015, 0.000050
360, -21.9091, 0.0016, 0.000050
361, -20.3864, 0.0026, 0.000050
362, -18.5909, 0.0011, 0.000050
363, -17.7500, 0.0008, 0.000050
364, -17.0233, 0.0010, 0.000050
365, -19.4884, 0.0141, 0.000050
366, -22.4545, 0.0107, 0.000050
367, -23.2273, 0.0025, 0.000050
368, -20.1136, 0.0009, 0.000050
369, -18.6818, 0.0009, 0.000050
370, -16.9773, 0.0031, 0.000050
371, -20.0930, 0.0033, 0.000050
372, -21.0227, 0.0012, 0.000050
373, -17.8182, 0.0008, 0.000050
374, -25.5455, 0.0010, 0.000050
375, -18.7727, 0.0009, 0.000050
376, -18.2791, 0.0008, 0.000050
377, -23.7045, 0.0014, 0.000050
378, -18.8140, 0.0010, 0.000050
379, -20.9773, 0.0045, 0.000050
380, -20.9545, 0.0009, 0.000050
381, -17.5909, 0.0062, 0.000050
382, -17.9091, 0.0009, 0.000050
383, -18.8636, 0.0011, 0.000050
384, -17.4419, 0.0009, 0.000050
385, -16.1818, 0.0008, 0.000050
386, -20.2791, 0.0009, 0.000050
387, -19.5000, 0.0030, 0.000050
388, -21.8409, 0.0013, 0.000050
389, -23.9773, 0.0008, 0.000050
390, -21.8409, 0.0045, 0.000050
391, -22.0000, 0.0045, 0.000050
392, -19.5000, 0.0010, 0.000050
393, -23.5000, 0.0016, 0.000050
394, -17.9545, 0.0024, 0.000050
395, -21.5909, 0.0009, 0.000050
396, -26.1364, 0.0013, 0.000050
397, -21.7727, 0.0017, 0.000050
398, -15.2500, 0.0123, 0.000050
399, -22.1591, 0.0011, 0.000050
400, -22.5455, 0.0023, 0.000050
401, -15.3721, 0.0009, 0.000050
402, -21.5682, 0.0014, 0.000050
403, -21.5814, 0.0017, 0.000050
404, -27.0682, 0.0013, 0.000050
405, -18.2955, 0.0009, 0.000050
406, -20.5000, 0.0007, 0.000050
407, -18.5227, 0.0009, 0.000050
408, -21.8864, 0.0009, 0.000050
409, -20.2727, 0.0008, 0.000050
410, -21.3810, 0.0011, 0.000050
411, -20.7500, 0.0022, 0.000050
412, -21.4773, 0.0014, 0.000050
413, -19.4773, 0.0015, 0.000050
414, -19.6591, 0.0009, 0.000050
415, -23.9545, 0.0012, 0.000050
416, -18.4884, 0.0033, 0.000050
417, -25.3636, 0.0011, 0.000050
418, -21.4318, 0.0009, 0.000050
419, -23.2955, 0.0015, 0.000050
420, -24.3409, 0.0018, 0.000050
421, -20.5952, 0.0041, 0.000050
422, -18.7045, 0.0139, 0.000050
423, -19.7727, 0.0034, 0.000050
424, -28.4773, 0.0009, 0.000050
425, -22.5455, 0.0010, 0.000050
426, -20.9545, 0.0008, 0.000050
427, -16.1136, 0.0011, 0.000050
428, -22.4884, 0.0018, 0.000050
429, -27.9545, 0.0010, 0.000050
430, -20.3864, 0.0008, 0.000050
431, -22.4048, 0.0015, 0.000050
432, -20.8182, 0.0011, 0.000050
433, -19.6591, 0.0014, 0.000050
434, -21.1591, 0.0034, 0.000050
435, -20.7045, 0.0031, 0.000050
436, -21.7045, 0.0021, 0.000050
437, -19.5227, 0.0019, 0.000050
438, -18.4091, 0.0011, 0.000050
439, -16.0455, 0.0008, 0.000050
440, -23.0952, 0.0013, 0.000050
441, -23.8636, 0.0013, 0.000050
442, -22.8810, 0.0024, 0.000050
443, -21.1136, 0.0075, 0.000050
444, -18.1628, 0.0010, 0.000050
445, -21.4545, 0.0011, 0.000050
446, -23.0227, 0.0019, 0.000050
447, -18.6591, 0.0024, 0.000050
448, -22.6591, 0.0019, 0.000050
449, -19.0682, 0.0032, 0.000050
450, -17.3636, 0.0008, 0.000050
451, -26.8864, 0.0061, 0.000050
452, -15.4773, 0.0012, 0.000050
453, -15.2273, 0.0009, 0.000050
454, -20.0000, 0.0014, 0.000050
455, -21.4545, 0.0010, 0.000050
456, -19.6818, 0.0008, 0.000050
457, -24.9545, 0.0021, 0.000050
458, -24.4318, 0.0016, 0.000050
459, -18.6364, 0.0049, 0.000050
460, -18.6047, 0.0011, 0.000050
461, -20.5455, 0.0037, 0.000050
462, -23.3636, 0.0015, 0.000050
463, -17.8864, 0.0010, 0.000050
464, -24.2143, 0.0015, 0.000050
465, -23.4545, 0.0011, 0.000050
466, -20.3409, 0.0009, 0.000050
467, -21.8864, 0.0020, 0.000050
468, -22.9318, 0.0013, 0.000050
469, -20.1136, 0.0023, 0.000050
470, -21.0000, 0.0051, 0.000050
471, -20.9318, 0.0027, 0.000050
472, -20.2955, 0.0011, 0.000050
473, -22.2273, 0.0015, 0.000050
474, -20.4773, 0.0028, 0.000050
475, -18.3864, 0.0011, 0.000050
476, -22.6136, 0.0016, 0.000050
477, -22.9773, 0.0010, 0.000050
478, -22.2727, 0.0016, 0.000050
479, -21.1818, 0.0014, 0.000050
480, -18.1818, 0.0009, 0.000050
481, -28.0909, 0.0009, 0.000050
482, -17.9545, 0.0008, 0.000050
483, -17.7727, 0.0011, 0.000050
484, -22.7727, 0.0019, 0.000050
485, -19.1395, 0.0010, 0.000050
486, -17.8182, 0.0012, 0.000050
487, -22.1591, 0.0031, 0.000050
488, -26.2045, 0.0014, 0.000050
489, -22.5227, 0.0016, 0.000050
490, -21.6818, 0.0084, 0.000050
491, -19.5455, 0.0030, 0.000050
492, -19.7045, 0.0050, 0.000050
493, -19.2045, 0.0010, 0.000050
494, -22.2045, 0.0067, 0.000050
495, -18.0000, 0.0010, 0.000050
496, -20.0000, 0.0034, 0.000050
497, -18.2727, 0.0009, 0.000050
498, -21.2273, 0.0010, 0.000050
499, -17.3864, 0.0012, 0.000050
500, -15.9773, 0.0012, 0.000050
501, -23.5455, 0.0016, 0.000050
502, -17.8864, 0.0132, 0.000050
503, -22.1818, 0.0011, 0.000050
504, -22.4318, 0.0011, 0.000050
505, -20.0682, 0.0009, 0.000050
506, -22.2500, 0.0013, 0.000050
507, -23.6364, 0.0011, 0.000050
508, -20.5455, 0.0017, 0.000050
509, -15.7955, 0.0010, 0.000050
510, -16.7045, 0.0009, 0.000050
511, -24.7955, 0.0021, 0.000050
512, -21.0227, 0.0016, 0.000050
513, -24.8636, 0.0008, 0.000050
514, -18.1364, 0.0010, 0.000050
515, -19.4318, 0.0011, 0.000050
516, -20.3721, 0.0020, 0.000050
517, -19.8409, 0.0040, 0.000050
518, -25.7273, 0.0011, 0.000050
519, -20.3636, 0.0029, 0.000050
520, -17.2727, 0.0009, 0.000050
521, -19.5000, 0.0014, 0.000050
522, -20.8409, 0.0017, 0.000050
523, -19.6364, 0.0009, 0.000050
524, -22.1818, 0.0021, 0.000050
525, -15.6591, 0.0143, 0.000050
526, -19.0455, 0.0035, 0.000050
527, -21.3182, 0.0039, 0.000050
528, -20.4091, 0.0021, 0.000050
529, -17.1136, 0.0053, 0.000050
530, -23.0000, 0.0011, 0.000050
531, -22.6136, 0.0016, 0.000050
532, -18.0227, 0.0016, 0.000050
533, -18.1591, 0.0008, 0.000050
534, -22.0682, 0.0011, 0.000050
535, -16.9318, 0.0009, 0.000050
536, -24.5682, 0.0118, 0.000050
537, -23.2045, 0.0011, 0.000050
538, -20.0455, 0.0008, 0.000050
539, -21.1364, 0.0015, 0.000050
540, -16.1136, 0.0008, 0.000050
541, -16.6591, 0.0009, 0.000050
542, -24.3636, 0.0026, 0.000050
543, -17.6364, 0.0011, 0.000050
544, -22.0000, 0.0012, 0.000050
545, -23.5000, 0.0012, 0.000050
546, -21.9773, 0.0019, 0.000050
547, -20.5581, 0.0068, 0.000050
548, -19.3409, 0.0009, 0.000050
549, -18.2955, 0.0019, 0.000050
550, -19.3409, 0.0009, 0.000050
551, -25.2045, 0.0030, 0.000050
552, -17.4773, 0.0010, 0.000050
553, -16.3182, 0.0008, 0.000050
554, -21.0909, 0.0017, 0.000050
555, -24.2500, 0.0011, 0.000050
556, -23.0698, 0.0014, 0.000050
557, -18.8409, 0.0010, 0.000050
558, -23.4091, 0.0014, 0.000050
559, -23.7857, 0.0010, 0.000050
560, -28.0682, 0.0016, 0.000050
561, -18.3409, 0.0010, 0.000050
562, -22.7727, 0.0010, 0.000050
563, -23.0000, 0.0021, 0.000050
564, -16.7955, 0.0010, 0.000050
565, -20.2273, 0.0013, 0.000050
566, -16.9773, 0.0011, 0.000050
567, -23.9091, 0.0010, 0.000050
568, -14.1818, 0.0008, 0.000050
569, -20.5000, 0.0009, 0.000050
570, -24.8409, 0.0038, 0.000050
571, -20.3636, 0.0018, 0.000050
572, -19.5455, 0.0008, 0.000050
573, -20.0227, 0.0010, 0.000050
574, -19.8182, 0.0011, 0.000050
575, -20.6136, 0.0010, 0.000050
576, -20.5455, 0.0023, 0.000050
577, -20.5455, 0.0035, 0.000050
578, -23.5000, 0.0043, 0.000050
579, -17.3182, 0.0008, 0.000050
580, -20.0227, 0.0016, 0.000050
581, -18.2727, 0.0009, 0.000050
582, -22.2500, 0.0013, 0.000050
583, -23.1591, 0.0023, 0.000050
584, -18.8409, 0.0078, 0.000050
585, -24.4091, 0.0019, 0.000050
586, -20.2045, 0.0051, 0.000050
587, -21.2955, 0.0011, 0.000050
588, -22.1364, 0.0016, 0.000050
589, -19.2500, 0.0017, 0.000050
590, -23.0000, 0.0018, 0.000050
591, -21.0909, 0.0025, 0.000050
592, -21.2500, 0.0032, 0.000050
593, -21.8372, 0.0073, 0.000050
594, -19.2045, 0.0021, 0.000050
595, -19.7955, 0.0064, 0.000050
596, -19.0455, 0.0009, 0.000050
597, -25.9545, 0.0010, 0.000050
598, -18.4318, 0.0012, 0.000050
599, -17.2500, 0.0121, 0.000050
600, -18.2955, 0.0009, 0.000050
601, -16.8864, 0.0010, 0.000050
602, -19.2500, 0.0023, 0.000050
603, -26.1818, 0.0012, 0.000050
604, -20.0909, 0.0018, 0.000050
605, -21.8636, 0.0017, 0.000050
606, -16.3409, 0.0008, 0.000050
607, -16.4651, 0.0011, 0.000050
608, -19.3409, 0.0029, 0.000050
609, -22.0227, 0.0034, 0.000050
610, -21.7955, 0.0007, 0.000050
611, -21.0455, 0.0025, 0.000050
612, -24.0238, 0.0022, 0.000050
613, -20.0227, 0.0020, 0.000050
614, -21.9318, 0.0066, 0.000050
615, -19.6591, 0.0011, 0.000050
616, -24.0909, 0.0017, 0.000050
617, -25.0000, 0.0011, 0.000050
618, -24.4091, 0.0009, 0.000050
619, -22.2500, 0.0028, 0.000050
620, -18.0227, 0.0010, 0.000050
621, -20.5227, 0.0009, 0.000050
622, -16.3636, 0.0010, 0.000050
623, -21.5000, 0.0010, 0.000050
624, -18.0714, 0.0007, 0.000050
625, -21.7955, 0.0021, 0.000050
626, -16.6136, 0.0139, 0.000050
627, -21.0455, 0.0110, 0.000050
628, -20.8864, 0.0011, 0.000050
629, -19.0682, 0.0022, 0.000050
630, -25.3182, 0.0010, 0.000050
631, -21.2381, 0.0013, 0.000050
632, -19.5909, 0.0024, 0.000050
633, -24.6364, 0.0025, 0.000050
634, -20.0698, 0.0008, 0.000050
635, -18.1136, 0.0008, 0.000050
636, -19.9773, 0.0027, 0.000050
637, -18.5227, 0.0016, 0.000050
638, -20.6591, 0.0015, 0.000050
639, -22.3182, 0.0016, 0.000050
640, -22.3182, 0.0036, 0.000050
641, -22.5227, 0.0067, 0.000050
642, -19.4091, 0.0008, 0.000050
643, -16.5227, 0.0010, 0.000050
644, -21.5682, 0.0010, 0.000050
645, -17.5000, 0.0010, 0.000050
646, -20.8636, 0.0012, 0.000050
647, -17.3333, 0.0024, 0.000050
648, -21.8864, 0.0020, 0.000050
649, -24.1136, 0.0014, 0.000050
650, -18.1818, 0.0066, 0.000050
651, -16.7273, 0.0115, 0.000050
652, -23.4545, 0.0009, 0.000050
653, -19.5227, 0.0098, 0.000050
654, -21.9070, 0.0009, 0.000050
655, -22.3636, 0.0018, 0.000050
656, -20.1190, 0.0009, 0.000050
657, -19.0000, 0.0008, 0.000050
658, -21.5000, 0.0015, 0.000050
659, -25.1364, 0.0009, 0.000050
660, -21.1136, 0.0011, 0.000050
661, -21.8182, 0.0019, 0.000050
662, -22.3409, 0.0009, 0.000050
663, -23.1591, 0.0010, 0.000050
664, -19.3409, 0.0008, 0.000050
665, -19.1364, 0.0066, 0.000050
666, -20.5909, 0.0061, 0.000050
667, -21.4545, 0.0012, 0.000050
668, -23.7907, 0.0014, 0.000050
669, -17.7500, 0.0013, 0.000050
670, -21.2045, 0.0012, 0.000050
671, -21.4773, 0.0009, 0.000050
672, -22.0455, 0.0009, 0.000050
673, -16.3953, 0.0008, 0.000050
674, -26.1136, 0.0023, 0.000050
675, -22.6364, 0.0019, 0.000050
676, -20.2727, 0.0072, 0.000050
677, -21.8409, 0.0034, 0.000050
678, -18.0227, 0.0035, 0.000050
679, -20.2045, 0.0012, 0.000050
680, -22.9302, 0.0026, 0.000050
681, -22.8409, 0.0014, 0.000050
682, -21.1364, 0.0015, 0.000050
683, -25.1395, 0.0013, 0.000050
684, -21.6364, 0.0009, 0.000050
685, -20.3182, 0.0009, 0.000050
686, -18.6364, 0.0010, 0.000050
687, -23.0682, 0.0055, 0.000050
688, -18.2727, 0.0011, 0.000050
689, -18.4091, 0.0010, 0.000050
690, -17.3409, 0.0009, 0.000050
691, -23.0000, 0.0016, 0.000050
692, -22.0000, 0.0023, 0.000050
693, -21.5814, 0.0009, 0.000050
694, -23.3636, 0.0019, 0.000050
695, -21.5909, 0.0009, 0.000050
696, -17.7273, 0.0010, 0.000050
697, -26.1136, 0.0010, 0.000050
698, -25.3182, 0.0015, 0.000050
699, -25.6429, 0.0015, 0.000050
700, -20.3636, 0.0009, 0.000050
701, -17.3488, 0.0010, 0.000050
702, -20.0455, 0.0012, 0.000050
703, -20.3182, 0.0019, 0.000050
704, -20.1136, 0.0056, 0.000050
705, -19.1591, 0.0011, 0.000050
706, -21.0909, 0.0013, 0.000050
707, -24.7500, 0.0036, 0.000050
708, -18.1818, 0.0014, 0.000050
709, -17.5000, 0.0010, 0.000050
710, -21.4545, 0.0053, 0.000050
711, -22.4545, 0.0019, 0.000050
712, -22.1136, 0.0018, 0.000050
713, -15.3636, 0.0011, 0.000050
714, -20.3864, 0.0019, 0.000050
715, -22.1429, 0.0021, 0.000050
716, -21.8636, 0.0013, 0.000050
717, -20.9545, 0.0009, 0.000050
718, -17.5909, 0.0009, 0.000050
719, -20.9773, 0.0011, 0.000050
720, -18.4318, 0.0076, 0.000050
721, -26.1136, 0.0011, 0.000050
722, -23.2045, 0.0014, 0.000050
723, -18.2500, 0.0009, 0.000050
724, -21.6364, 0.0025, 0.000050
725, -22.2727, 0.0012, 0.000050
726, -24.5909, 0.0020, 0.000050
727, -21.1364, 0.0054, 0.000050
728, -18.2045, 0.0008, 0.000050
729, -22.1818, 0.0023, 0.000050
730, -18.0682, 0.0026, 0.000050
731, -19.9318, 0.0037, 0.000050
732, -17.5682, 0.0010, 0.000050
733, -17.1591, 0.0008, 0.000050
734, -24.4318, 0.0013, 0.000050
735, -20.1667, 0.0008, 0.000050
736, -23.7500, 0.0011, 0.000050
737, -19.3182, 0.0010, 0.000050
738, -22.0227, 0.0012, 0.000050
739, -17.0227, 0.0011, 0.000050
740, -16.5227, 0.0139, 0.000050
741, -20.5000, 0.0013, 0.000050
742, -21.3182, 0.0010, 0.000050
743, -23.0455, 0.0014, 0.000050
744, -16.7727, 0.0010, 0.000050
745, -21.3636, 0.0014, 0.000050
746, -16.0909, 0.0010, 0.000050
747, -22.3409, 0.0017, 0.000050
748, -15.4091, 0.0009, 0.000050
749, -19.1591, 0.0032, 0.000050
750, -24.7273, 0.0019, 0.000050
751, -18.6136, 0.0130, 0.000050
752, -23.5227, 0.0014, 0.000050
753, -19.7273, 0.0019, 0.000050
754, -17.3864, 0.0007, 0.000050
755, -18.0952, 0.0009, 0.000050
756, -19.5909, 0.0028, 0.000050
757, -21.3409, 0.0016, 0.000050
758, -24.4545, 0.0011, 0.000050
759, -24.1818, 0.0015, 0.000050
760, -18.9545, 0.0007, 0.000050
761, -16.3864, 0.0008, 0.000050
762, -20.0455, 0.0038, 0.000050
763, -20.4773, 0.0011, 0.000050
764, -18.7500, 0.0036, 0.000050
765, -18.1818, 0.0028, 0.000050
766, -21.1364, 0.0019, 0.000050
767, -24.9767, 0.0046, 0.000050
768, -20.0000, 0.0010, 0.000050
769, -21.8636, 0.0010, 0.000050
770, -25.2273, 0.0011, 0.000050
771, -20.3409, 0.0009, 0.000050
772, -23.7955, 0.0037, 0.000050
773, -20.2326, 0.0010, 0.000050
774, -23.8409, 0.0013, 0.000050
775, -22.2273, 0.0014, 0.000050
776, -19.8409, 0.0040, 0.000050
777, -19.4091, 0.0010, 0.000050
778, -19.1364, 0.0011, 0.000050
779, -18.6136, 0.0009, 0.000050
780, -20.9091, 0.0018, 0.000050
781, -25.6818, 0.0024, 0.000050
782, -26.8864, 0.0012, 0.000050
783, -23.6190, 0.0013, 0.000050
784, -23.9048, 0.0019, 0.000050
785, -26.0455, 0.0008, 0.000050
786, -27.4773, 0.0014, 0.000050
787, -22.0682, 0.0025, 0.000050
788, -15.5682, 0.0009, 0.000050
789, -16.2558, 0.0010, 0.000050
790, -18.4884, 0.0035, 0.000050
791, -21.9545, 0.0010, 0.000050
792, -15.9318, 0.0010, 0.000050
793, -23.6818, 0.0024, 0.000050
794, -20.8636, 0.0011, 0.000050
795, -24.1818, 0.0010, 0.000050
796, -20.6136, 0.0086, 0.000050
797, -17.2500, 0.0009, 0.000050
798, -25.5909, 0.0012, 0.000050
799, -19.2273, 0.0015, 0.000050
800, -25.5455, 0.0014, 0.000050
801, -20.8636, 0.0009, 0.000050
802, -23.0455, 0.0085, 0.000050
803, -21.6047, 0.0011, 0.000050
804, -22.2955, 0.0015, 0.000050
805, -15.6136, 0.0010, 0.000050
806, -15.5455, 0.0007, 0.000050
807, -22.4545, 0.0022, 0.000050
808, -15.3864, 0.0012, 0.000050
809, -23.7273, 0.0034, 0.000050
810, -17.9773, 0.0009, 0.000050
811, -21.0682, 0.0079, 0.000050
812, -20.0000, 0.0011, 0.000050
813, -24.3864, 0.0013, 0.000050
814, -18.4091, 0.0009, 0.000050
815, -19.9545, 0.0043, 0.000050
816, -18.5682, 0.0025, 0.000050
817, -21.9091, 0.0009, 0.000050
818, -27.1136, 0.0013, 0.000050
819, -18.4091, 0.0008, 0.000050
820, -21.7045, 0.0026, 0.000050
821, -17.7273, 0.0034, 0.000050
822, -19.2045, 0.0010, 0.000050
823, -18.9070, 0.0075, 0.000050
824, -19.5227, 0.0009, 0.000050
825, -17.6818, 0.0022, 0.000050
826, -24.5000, 0.0039, 0.000050
827, -19.2045, 0.0009, 0.000050
828, -23.0930, 0.0023, 0.000050
829, -21.9091, 0.0018, 0.000050
830, -23.7955, 0.0010, 0.000050
831, -19.1591, 0.0008, 0.000050
832, -23.9318, 0.0035, 0.000050
833, -24.9545, 0.0011, 0.000050
834, -18.9318, 0.0008, 0.000050
835, -22.2500, 0.0022, 0.000050
836, -21.6136, 0.0009, 0.000050
837, -19.4545, 0.0009, 0.000050
838, -22.0227, 0.0031, 0.000050
839, -24.8182, 0.0010, 0.000050
840, -16.6364, 0.0042, 0.000050
841, -24.9318, 0.0019, 0.000050
842, -21.4091, 0.0075, 0.000050
843, -26.3953, 0.0022, 0.000050
844, -19.7955, 0.0012, 0.000050
845, -21.0455, 0.0016, 0.000050
846, -23.5909, 0.0010, 0.000050
847, -15.8837, 0.0012, 0.000050
848, -28.1136, 0.0011, 0.000050
849, -21.8409, 0.0024, 0.000050
850, -21.1136, 0.0010, 0.000050
851, -24.7955, 0.0012, 0.000050
852, -19.2727, 0.0012, 0.000050
853, -22.2955, 0.0016, 0.000050
854, -24.7955, 0.0013, 0.000050
855, -19.2500, 0.0014, 0.000050
856, -20.6364, 0.0028, 0.000050
857, -23.1818, 0.0018, 0.000050
858, -19.7955, 0.0011, 0.000050
859, -18.0000, 0.0008, 0.000050
860, -21.9318, 0.0025, 0.000050
861, -22.8409, 0.0016, 0.000050
862, -15.8182, 0.0011, 0.000050
863, -21.5000, 0.0077, 0.000050
864, -17.5909, 0.0067, 0.000050
865, -20.7955, 0.0008, 0.000050
866, -16.3864, 0.0007, 0.000050
867, -19.5682, 0.0018, 0.000050
868, -24.6136, 0.0021, 0.000050
869, -19.1364, 0.0021, 0.000050
870, -22.7273, 0.0011, 0.000050
871, -30.4773, 0.0063, 0.000050
872, -17.3636, 0.0008, 0.000050
873, -20.0227, 0.0010, 0.000050
874, -20.3182, 0.0049, 0.000050
875, -18.9773, 0.0009, 0.000050
876, -16.0909, 0.0007, 0.000050
877, -24.6905, 0.0015, 0.000050
878, -18.3182, 0.0010, 0.000050
879, -20.5682, 0.0014, 0.000050
880, -18.0000, 0.0013, 0.000050
881, -19.2439, 0.0009, 0.000050
882, -18.3409, 0.0009, 0.000050
883, -24.9545, 0.0041, 0.000050
884, -16.6818, 0.0010, 0.000050
885, -23.9091, 0.0014, 0.000050
886, -19.4545, 0.0026, 0.000050
887, -23.2955, 0.0016, 0.000050
888, -21.4091, 0.0077, 0.000050
889, -21.9048, 0.0020, 0.000050
890, -21.2955, 0.0070, 0.000050
891, -25.5455, 0.0013, 0.000050
892, -21.7273, 0.0013, 0.000050
893, -17.2955, 0.0008, 0.000050
894, -20.7045, 0.0017, 0.000050
895, -17.7500, 0.0009, 0.000050
896, -18.1364, 0.0011, 0.000050
897, -21.8636, 0.0021, 0.000050
898, -21.6136, 0.0011, 0.000050
899, -23.3864, 0.0016, 0.000050
900, -17.7955, 0.0008, 0.000050
901, -25.1136, 0.0009, 0.000050
902, -21.9773, 0.0013, 0.000050
903, -22.2500, 0.0025, 0.000050
904, -21.1136, 0.0012, 0.000050
905, -22.9535, 0.0041, 0.000050
906, -26.9318, 0.0010, 0.000050
907, -18.0227, 0.0014, 0.000050
908, -19.3636, 0.0010, 0.000050
909, -16.7727, 0.0008, 0.000050
910, -22.9773, 0.0019, 0.000050
911, -18.6364, 0.0009, 0.000050
912, -21.8810, 0.0013, 0.000050
913, -19.6591, 0.0009, 0.000050
914, -18.3182, 0.0152, 0.000050
915, -18.2326, 0.0012, 0.000050
916, -23.3636, 0.0025, 0.000050
917, -16.4091, 0.0009, 0.000050
918, -20.7955, 0.0067, 0.000050
919, -21.0000, 0.0024, 0.000050
920, -19.4773, 0.0008, 0.000050
921, -19.3636, 0.0009, 0.000050
922, -26.0714, 0.0017, 0.000050
923, -20.2955, 0.0010, 0.000050
924, -22.9545, 0.0014, 0.000050
925, -18.4318, 0.0011, 0.000050
926, -20.1591, 0.0009, 0.000050
927, -18.8409, 0.0031, 0.000050
928, -15.5116, 0.0011, 0.000050
929, -23.0000, 0.0023, 0.000050
930, -21.5581, 0.0011, 0.000050
931, -18.2955, 0.0013, 0.000050
932, -21.8605, 0.0014, 0.000050
933, -23.2500, 0.0013, 0.000050
934, -18.7955, 0.0141, 0.000050
935, -22.4091, 0.0016, 0.000050
936, -22.5909, 0.0016, 0.000050
937, -18.2727, 0.0018, 0.000050
938, -21.9091, 0.0008, 0.000050
939, -22.4419, 0.0011, 0.000050
940, -24.0682, 0.0015, 0.000050
941, -26.2500, 0.0021, 0.000050
942, -24.0455, 0.0020, 0.000050
943, -21.6047, 0.0021, 0.000050
944, -23.9318, 0.0011, 0.000050
945, -23.2727, 0.0010, 0.000050
946, -25.6818, 0.0020, 0.000050
947, -15.7955, 0.0009, 0.000050
948, -22.4318, 0.0019, 0.000050
949, -16.3864, 0.0014, 0.000050
950, -25.7045, 0.0011, 0.000050
951, -18.6364, 0.0011, 0.000050
952, -24.2955, 0.0022, 0.000050
953, -19.5227, 0.0012, 0.000050
954, -17.4091, 0.0009, 0.000050
955, -24.5682, 0.0017, 0.000050
956, -21.8837, 0.0026, 0.000050
957, -25.6136, 0.0011, 0.000050
958, -21.5909, 0.0038, 0.000050
959, -22.6136, 0.0034, 0.000050
960, -21.9091, 0.0020, 0.000050
961, -17.5227, 0.0008, 0.000050
962, -16.7907, 0.0013, 0.000050
963, -15.9545, 0.0011, 0.000050
964, -27.3182, 0.0013, 0.000050
965, -20.6818, 0.0014, 0.000050
966, -16.8636, 0.0010, 0.000050
967, -19.5455, 0.0019, 0.000050
968, -15.9091, 0.0011, 0.000050
969, -15.1818, 0.0013, 0.000050
970, -19.8636, 0.0009, 0.000050
971, -20.9773, 0.0031, 0.000050
972, -21.3864, 0.0031, 0.000050
973, -25.4318, 0.0015, 0.000050
974, -16.7045, 0.0014, 0.000050
975, -20.0909, 0.0026, 0.000050
976, -17.7727, 0.0009, 0.000050
977, -25.2045, 0.0014, 0.000050
978, -19.0682, 0.0010, 0.000050
979, -21.6364, 0.0019, 0.000050
980, -19.6136, 0.0152, 0.000050
981, -19.8636, 0.0011, 0.000050
982, -18.2045, 0.0010, 0.000050
983, -18.4884, 0.0009, 0.000050
984, -20.9091, 0.0037, 0.000050
985, -22.0909, 0.0027, 0.000050
986, -13.8409, 0.0007, 0.000050
987, -18.0909, 0.0037, 0.000050
988, -19.2955, 0.0016, 0.000050
989, -24.0909, 0.0026, 0.000050
990, -21.3182, 0.0135, 0.000050
991, -18.6818, 0.0008, 0.000050
992, -19.1860, 0.0008, 0.000050
993, -17.0455, 0.0011, 0.000050
994, -17.8864, 0.0007, 0.000050
995, -18.9773, 0.0008, 0.000050
996, -24.4545, 0.0013, 0.000050
997, -21.3182, 0.0008, 0.000050
998, -26.6364, 0.0012, 0.000050
999, -12.9767, 0.0008, 0.000050
1000, -20.6591, 0.0071, 0.000050
1001, -26.7727, 0.0009, 0.000050
1002, -18.8182, 0.0008, 0.000050
1003, -21.1364, 0.0068, 0.000050
1004, -20.9545, 0.0020, 0.000050
1005, -17.6591, 0.0009, 0.000050
1006, -25.9767, 0.0015, 0.000050
1007, -15.4091, 0.0011, 0.000050
1008, -23.8571, 0.0012, 0.000050
1009, -15.7955, 0.0010, 0.000050
1010, -21.1818, 0.0048, 0.000050
1011, -23.2500, 0.0017, 0.000050
1012, -24.4545, 0.0010, 0.000050
1013, -17.2727, 0.0010, 0.000050
1014, -19.5000, 0.0009, 0.000050
1015, -18.8182, 0.0008, 0.000050
1016, -18.6364, 0.0072, 0.000050
1017, -17.7273, 0.0010, 0.000050
1018, -22.1591, 0.0069, 0.000050
1019, -17.2273, 0.0010, 0.000050
1020, -26.4545, 0.0012, 0.000050
1021, -16.5682, 0.0009, 0.000050
1022, -19.4545, 0.0009, 0.000050
1023, -21.3023, 0.0009, 0.000050
1024, -24.1591, 0.0016, 0.000050
1025, -18.5000, 0.0141, 0.000050
1026, -20.5000, 0.0009, 0.000050
1027, -22.7273, 0.0011, 0.000050
1028, -19.3636, 0.0007, 0.000050
1029, -19.9318, 0.0012, 0.000050
1030, -22.2273, 0.0008, 0.000050
1031, -20.3409, 0.0010, 0.000050
1032, -21.9091, 0.0010, 0.000050
1033, -24.5000, 0.0016, 0.000050
1034, -15.3182, 0.0068, 0.000050
1035, -22.6429, 0.0048, 0.000050
1036, -21.8605, 0.0012, 0.000050
1037, -17.8182, 0.0011, 0.000050
1038, -23.2273, 0.0012, 0.000050
1039, -17.2500, 0.0008, 0.000050
1040, -22.5909, 0.0024, 0.000050
1041, -18.5909, 0.0008, 0.000050
1042, -20.8409, 0.0071, 0.000050
1043, -17.8864, 0.0009, 0.000050
1044, -23.6818, 0.0013, 0.000050
1045, -15.7955, 0.0009, 0.000050
1046, -16.2955, 0.0008, 0.000050
1047, -21.2955, 0.0017, 0.000050
1048, -27.4545, 0.0011, 0.000050
1049, -18.1136, 0.0009, 0.000050
1050, -18.2727, 0.0033, 0.000050
1051, -19.1591, 0.0034, 0.000050
1052, -18.8182, 0.0010, 0.000050
1053, -20.2273, 0.0013, 0.000050
1054, -19.5000, 0.0017, 0.000050
1055, -19.5909, 0.0024, 0.000050
1056, -19.0682, 0.0009, 0.000050
1057, -14.3409, 0.0010, 0.000050
1058, -22.2045, 0.0012, 0.000050
1059, -20.5909, 0.0139, 0.000050
1060, -22.7273, 0.0013, 0.000050
1061, -24.4091, 0.0022, 0.000050
1062, -21.0909, 0.0021, 0.000050
1063, -19.3182, 0.0007, 0.000050
1064, -25.7273, 0.0010, 0.000050
1065, -20.7500, 0.0009, 0.000050
1066, -17.6591, 0.0072, 0.000050
1067, -21.9286, 0.0047, 0.000050
1068, -25.6279, 0.0021, 0.000050
1069, -18.1136, 0.0008, 0.000050
1070, -20.2727, 0.0017, 0.000050
1071, -21.3864, 0.0015, 0.000050
1072, -19.0682, 0.0009, 0.000050
1073, -21.0455, 0.0024, 0.000050
1074, -24.0455, 0.0011, 0.000050
1075, -20.2955, 0.0014, 0.000050
1076, -19.3409, 0.0011, 0.000050
1077, -20.4286, 0.0014, 0.000050
1078, -16.1591, 0.0009, 0.000050
1079, -16.0455, 0.0008, 0.000050
1080, -18.4318, 0.0009, 0.000050
1081, -27.1364, 0.0009, 0.000050
1082, -20.2045, 0.0012, 0.000050
1083, -22.8182, 0.0012, 0.000050
1084, -18.5682, 0.0053, 0.000050
1085, -21.8864, 0.0025, 0.000050
1086, -24.7273, 0.0011, 0.000050
1087, -24.0909, 0.0010, 0.000050
1088, -22.4545, 0.0012, 0.000050
1089, -22.2727, 0.0017, 0.000050
1090, -23.8636, 0.0014, 0.000050
1091, -19.3636, 0.0032, 0.000050
1092, -17.0682, 0.0009, 0.000050
1093, -18.9773, 0.0010, 0.000050
1094, -19.8182, 0.0014, 0.000050
1095, -18.7955, 0.0142, 0.000050
1096, -25.6136, 0.0013, 0.000050
1097, -17.4773, 0.0010, 0.000050
1098, -17.3023, 0.0010, 0.000050
1099, -21.4318, 0.0011, 0.000050
1100, -15.6818, 0.0009, 0.000050
1101, -19.1818, 0.0065, 0.000050
1102, -18.2273, 0.0018, 0.000050
1103, -22.6818, 0.0025, 0.000050
1104, -18.4884, 0.0122, 0.000050
1105, -20.1818, 0.0009, 0.000050
1106, -23.8636, 0.0012, 0.000050
1107, -21.6364, 0.0013, 0.000050
1108, -19.2045, 0.0112, 0.000050
1109, -21.2727, 0.0010, 0.000050
1110, -18.5909, 0.0007, 0.000050
1111, -20.2045, 0.0019, 0.000050
1112, -25.1591, 0.0012, 0.000050
1113, -23.1591, 0.0017, 0.000050
1114, -24.3636, 0.0011, 0.000050
1115, -16.5909, 0.0008, 0.000050
1116, -18.9773, 0.0008, 0.000050
1117, -19.8864, 0.0009, 0.000050
1118, -14.8864, 0.0009, 0.000050
1119, -19.1136, 0.0019, 0.000050
1120, -22.4091, 0.0014, 0.000050
1121, -18.9767, 0.0010, 0.000050
1122, -26.4091, 0.0019, 0.000050
1123, -18.3864, 0.0019, 0.000050
1124, -20.6136, 0.0019, 0.000050
1125, -17.7500, 0.0010, 0.000050
1126, -20.1591, 0.0008, 0.000050
1127, -19.6591, 0.0020, 0.000050
1128, -22.1364, 0.0025, 0.000050
1129, -25.9767, 0.0012, 0.000050
1130, -18.7500, 0.0074, 0.000050
1131, -21.7500, 0.0015, 0.000050
1132, -19.8409, 0.0013, 0.000050
1133, -16.9318, 0.0009, 0.000050
1134, -23.2727, 0.0011, 0.000050
1135, -16.8182, 0.0011, 0.000050
1136, -17.5455, 0.0009, 0.000050
1137, -22.8182, 0.0018, 0.000050
1138, -23.9318, 0.0016, 0.000050
1139, -19.3864, 0.0034, 0.000050
1140, -18.0682, 0.0012, 0.000050
1141, -19.0455, 0.0009, 0.000050
1142, -17.7273, 0.0011, 0.000050
1143, -20.9773, 0.0013, 0.000050
1144, -20.9318, 0.0025, 0.000050
1145, -17.9773, 0.0013, 0.000050
1146, -20.6818, 0.0017, 0.000050
1147, -24.2955, 0.0017, 0.000050
1148, -22.1591, 0.0020, 0.000050
1149, -21.8182, 0.0031, 0.000050
1150, -17.5455, 0.0011, 0.000050
1151, -18.2045, 0.0010, 0.000050
1152, -14.7955, 0.0009, 0.000050
1153, -20.7727, 0.0028, 0.000050
1154, -17.6818, 0.0009, 0.000050
1155, -18.0227, 0.0008, 0.000050
1156, -22.5000, 0.0021, 0.000050
1157, -25.1395, 0.0010, 0.000050
1158, -19.5455, 0.0035, 0.000050
1159, -20.4884, 0.0020, 0.000050
1160, -22.7727, 0.0152, 0.000050
1161, -22.5227, 0.0067, 0.000050
1162, -18.6429, 0.0008, 0.000050
1163, -17.2273, 0.0008, 0.000050
1164, -20.2045, 0.0008, 0.000050
1165, -17.4773, 0.0009, 0.000050
1166, -21.8409, 0.0065, 0.000050
1167, -16.3864, 0.0022, 0.000050
1168, -21.2093, 0.0011, 0.000050
1169, -25.0909, 0.0008, 0.000050
1170, -21.9091, 0.0011, 0.000050
1171, -20.7209, 0.0018, 0.000050
1172, -15.3864, 0.0010, 0.000050
1173, -16.2273, 0.0007, 0.000050
1174, -23.1364, 0.0022, 0.000050
1175, -22.7500, 0.0014, 0.000050
1176, -23.2727, 0.0015, 0.000050
1177, -24.3409, 0.0022, 0.000050
1178, -20.1364, 0.0036, 0.000050
1179, -16.6364, 0.0019, 0.000050
1180, -24.7500, 0.0021, 0.000050
1181, -25.5227, 0.0014, 0.000050
1182, -19.2273, 0.0032, 0.000050
1183, -23.2727, 0.0025, 0.000050
1184, -26.4318, 0.0011, 0.000050
1185, -17.5909, 0.0008, 0.000050
1186, -22.4773, 0.0012, 0.000050
1187, -20.2045, 0.0145, 0.000050
1188, -18.5238, 0.0010, 0.000050
1189, -20.3182, 0.0008, 0.000050
1190, -15.4773, 0.0010, 0.000050
1191, -20.1818, 0.0019, 0.000050
1192, -21.7500, 0.0009, 0.000050
1193, -19.3182, 0.0011, 0.000050
1194, -23.8636, 0.0011, 0.000050
1195, -20.0455, 0.0070, 0.000050
1196, -19.3864, 0.0009, 0.000050
1197, -20.0227, 0.0026, 0.000050
1198, -17.5682, 0.0009, 0.000050
1199, -20.7209, 0.0026, 0.000050
1200, -25.5116, 0.0010, 0.000050
1201, -19.0909, 0.0030, 0.000050
1202, -17.8182, 0.0011, 0.000050
1203, -19.5682, 0.0022, 0.000050
1204, -25.0682, 0.0009, 0.000050
1205, -22.0682, 0.0019, 0.000050
1206, -17.1364, 0.0011, 0.000050
1207, -21.6364, 0.0011, 0.000050
1208, -20.0682, 0.0014, 0.000050
1209, -18.1364, 0.0010, 0.000050
1210, -22.6279, 0.0012, 0.000050
1211, -19.5349, 0.0073, 0.000050
1212, -17.5000, 0.0009, 0.000050
1213, -27.5000, 0.0009, 0.000050
1214, -19.9773, 0.0010, 0.000050
1215, -18.1136, 0.0137, 0.000050
1216, -24.3182, 0.0015, 0.000050
1217, -19.2045, 0.0008, 0.000050
1218, -21.5814, 0.0019, 0.000050
1219, -16.4318, 0.0011, 0.000050
1220, -14.8636, 0.0008, 0.000050
1221, -15.8864, 0.0014, 0.000050
1222, -19.7727, 0.0066, 0.000050
1223, -21.3182, 0.0118, 0.000050
1224, -16.4545, 0.0008, 0.000050
1225, -21.5116, 0.0019, 0.000050
1226, -23.2273, 0.0012, 0.000050
1227, -16.1136, 0.0007, 0.000050
1228, -19.8372, 0.0110, 0.000050
1229, -22.8182, 0.0017, 0.000050
1230, -17.4186, 0.0009, 0.000050
1231, -21.2727, 0.0014, 0.000050
1232, -25.3864, 0.0019, 0.000050
1233, -22.6364, 0.0010, 0.000050
1234, -20.7500, 0.0046, 0.000050
1235, -20.6818, 0.0020, 0.000050
1236, -19.0909, 0.0010, 0.000050
1237, -18.5000, 0.0115, 0.000050
1238, -23.7045, 0.0014, 0.000050
1239, -19.0909, 0.0010, 0.000050
1240, -22.3182, 0.0024, 0.000050
1241, -21.7500, 0.0011, 0.000050
1242, -23.0909, 0.0024, 0.000050
1243, -19.7955, 0.0060, 0.000050
1244, -21.3636, 0.0011, 0.000050
1245, -21.5682, 0.0013, 0.000050
1246, -20.1136, 0.0009, 0.000050
1247, -23.3864, 0.0012, 0.000050
1248, -17.1818, 0.0009, 0.000050
1249, -25.2273, 0.0011, 0.000050
1250, -18.2500, 0.0007, 0.000050
1251, -16.7955, 0.0008, 0.000050
1252, -19.1136, 0.0027, 0.000050
1253, -20.0455, 0.0047, 0.000050
1254, -14.0000, 0.0008, 0.000050
1255, -23.2727, 0.0015, 0.000050
1256, -23.6591, 0.0011, 0.000050
1257, -20.1364, 0.0025, 0.000050
1258, -18.6591, 0.0030, 0.000050
1259, -23.8864, 0.0009, 0.000050
1260, -19.5227, 0.0017, 0.000050
1261, -15.9318, 0.0010, 0.000050
1262, -21.6136, 0.0022, 0.000050
1263, -17.8182, 0.0009, 0.000050
1264, -16.0227, 0.0126, 0.000050
1265, -21.2955, 0.0013, 0.000050
1266, -16.1818, 0.0021, 0.000050
1267, -23.0000, 0.0020, 0.000050
1268, -18.2500, 0.0030, 0.000050
1269, -22.2955, 0.0021, 0.000050
1270, -20.5455, 0.0040, 0.000050
1271, -15.3864, 0.0010, 0.000050
1272, -21.8409, 0.0014, 0.000050
1273, -20.1591, 0.0037, 0.000050
1274, -21.4773, 0.0019, 0.000050
1275, -18.9773, 0.0010, 0.000050
1276, -23.0682, 0.0023, 0.000050
1277, -22.3636, 0.0012, 0.000050
1278, -17.5227, 0.0008, 0.000050
1279, -20.2500, 0.0046, 0.000050
1280, -18.9318, 0.0018, 0.000050
1281, -21.2273, 0.0023, 0.000050
1282, -22.7727, 0.0038, 0.000050
1283, -24.8182, 0.0010, 0.000050
1284, -17.8409, 0.0008, 0.000050
1285, -26.1818, 0.0009, 0.000050
1286, -18.2955, 0.0009, 0.000050
1287, -15.5227, 0.0007, 0.000050
1288, -17.3409, 0.0026, 0.000050
1289, -18.5227, 0.0009, 0.000050
1290, -19.7727, 0.0069, 0.000050
1291, -17.3636, 0.0009, 0.000050
1292, -21.4318, 0.0126, 0.000050
1293, -15.4884, 0.0012, 0.000050
1294, -18.9773, 0.0109, 0.000050
1295, -22.6136, 0.0013, 0.000050
1296, -18.0455, 0.0096, 0.000050
1297, -19.0682, 0.0010, 0.000050
1298, -16.2500, 0.0006, 0.000050
1299, -23.0476, 0.0015, 0.000050
1300, -24.7500, 0.0018, 0.000050
1301, -19.6136, 0.0012, 0.000050
1302, -18.5000, 0.0015, 0.000050
1303, -21.3636, 0.0100, 0.000050
1304, -24.4318, 0.0013, 0.000050
1305, -21.5227, 0.0011, 0.000050
1306, -14.5227, 0.0009, 0.000050
1307, -13.2955, 0.0008, 0.000050
1308, -24.2500, 0.0010, 0.000050
1309, -22.8636, 0.0013, 0.000050
1310, -19.3409, 0.0016, 0.000050
1311, -19.6136, 0.0009, 0.000050
1312, -19.5227, 0.0024, 0.000050
1313, -18.5682, 0.0016, 0.000050
1314, -15.5000, 0.0010, 0.000050
1315, -21.7500, 0.0041, 0.000050
1316, -19.4091, 0.0010, 0.000050
1317, -20.8864, 0.0031, 0.000050
1318, -19.1136, 0.0012, 0.000050
1319, -22.0000, 0.0008, 0.000050
1320, -20.4419, 0.0062, 0.000050
1321, -19.5227, 0.0011, 0.000050
1322, -19.7955, 0.0008, 0.000050
1323, -21.3256, 0.0034, 0.000050
1324, -18.4318, 0.0008, 0.000050
1325, -21.7955, 0.0028, 0.000050
1326, -24.5227, 0.0019, 0.000050
1327, -22.7727, 0.0017, 0.000050
1328, -19.4545, 0.0009, 0.000050
1329, -16.0000, 0.0063, 0.000050
1330, -24.7500, 0.0010, 0.000050
1331, -21.1136, 0.0013, 0.000050
1332, -16.6136, 0.0008, 0.000050
1333, -18.5455, 0.0010, 0.000050
1334, -23.1364, 0.0066, 0.000050
1335, -24.5227, 0.0025, 0.000050
1336, -17.5909, 0.0010, 0.000050
1337, -19.6818, 0.0008, 0.000050
1338, -21.0682, 0.0029, 0.000050
1339, -22.2955, 0.0011, 0.000050
1340, -18.6136, 0.0010, 0.000050
1341, -18.7045, 0.0008, 0.000050
1342, -18.9773, 0.0008, 0.000050
1343, -19.4091, 0.0020, 0.000050
1344, -22.3182, 0.0011, 0.000050
1345, -16.2500, 0.0008, 0.000050
1346, -23.2500, 0.0013, 0.000050
1347, -13.6818, 0.0008, 0.000050
1348, -25.7045, 0.0012, 0.000050
1349, -17.7045, 0.0036, 0.000050
1350, -17.1591, 0.0008, 0.000050
1351, -18.9091, 0.0008, 0.000050
1352, -15.7500, 0.0007, 0.000050
1353, -23.2727, 0.0019, 0.000050
1354, -16.2500, 0.0134, 0.000050
1355, -16.0909, 0.0010, 0.000050
1356, -14.8636, 0.0007, 0.000050
1357, -22.8636, 0.0010, 0.000050
1358, -16.0000, 0.0008, 0.000050
1359, -17.1628, 0.0011, 0.000050
1360, -21.5227, 0.0012, 0.000050
1361, -18.9773, 0.0010, 0.000050
1362, -21.7955, 0.0019, 0.000050
1363, -17.9091, 0.0008, 0.000050
1364, -20.8810, 0.0017, 0.000050
1365, -20.2273, 0.0015, 0.000050
1366, -19.7273, 0.0011, 0.000050
1367, -18.2273, 0.0008, 0.000050
1368, -18.3182, 0.0012, 0.000050
1369, -17.9091, 0.0011, 0.000050
1370, -18.0682, 0.0009, 0.000050
1371, -24.5455, 0.0012, 0.000050
1372, -16.9091, 0.0008, 0.000050
1373, -22.5000, 0.0010, 0.000050
1374, -19.5909, 0.0009, 0.000050
1375, -16.1136, 0.0008, 0.000050
1376, -20.2727, 0.0008, 0.000050
1377, -17.5000, 0.0009, 0.000050
1378, -20.7273, 0.0027, 0.000050
1379, -18.5227, 0.0011, 0.000050
1380, -15.1591, 0.0012, 0.000050
1381, -19.4773, 0.0051, 0.000050
1382, -21.9070, 0.0014, 0.000050
1383, -22.5000, 0.0018, 0.000050
1384, -20.9773, 0.0073, 0.000050
1385, -22.6744, 0.0010, 0.000050
1386, -15.2955, 0.0015, 0.000050
1387, -15.6364, 0.0010, 0.000050
1388, -17.6591, 0.0068, 0.000050
1389, -14.6364, 0.0008, 0.000050
1390, -17.4091, 0.0008, 0.000050
1391, -19.4318, 0.0065, 0.000050
1392, -19.3636, 0.0064, 0.000050
1393, -22.3636, 0.0012, 0.000050
1394, -15.8636, 0.0010, 0.000050
1395, -20.2955, 0.0021, 0.000050
1396, -18.7045, 0.0008, 0.000050
1397, -24.3023, 0.0010, 0.000050
1398, -20.6136, 0.0030, 0.000050
1399, -20.0465, 0.0011, 0.000050
1400, -24.1860, 0.0032, 0.000050
1401, -21.3864, 0.0026, 0.000050
1402, -18.2273, 0.0020, 0.000050
1403, -21.8409, 0.0038, 0.000050
1404, -21.8409, 0.0009, 0.000050
1405, -18.5682, 0.0036, 0.000050
1406, -17.6591, 0.0008, 0.000050
1407, -16.5455, 0.0011, 0.000050
1408, -18.7727, 0.0132, 0.000050
1409, -15.8864, 0.0006, 0.000050
1410, -26.1860, 0.0021, 0.000050
1411, -20.2955, 0.0012, 0.000050
1412, -23.0909, 0.0021, 0.000050
1413, -23.3409, 0.0008, 0.000050
1414, -16.5000, 0.0009, 0.000050
1415, -20.6364, 0.0016, 0.000050
1416, -20.5682, 0.0019, 0.000050
1417, -23.1818, 0.0014, 0.000050
1418, -18.4318, 0.0015, 0.000050
1419, -22.9091, 0.0010, 0.000050
1420, -22.1591, 0.0016, 0.000050
1421, -19.7500, 0.0008, 0.000050
1422, -19.4091, 0.0008, 0.000050
1423, -23.2045, 0.0021, 0.000050
1424, -22.0455, 0.0015, 0.000050
1425, -18.9318, 0.0026, 0.000050
1426, -19.8864, 0.0009, 0.000050
1427, -25.0227, 0.0017, 0.000050
1428, -21.9773, 0.0020, 0.000050
1429, -16.1818, 0.0009, 0.000050
1430, -18.3864, 0.0020, 0.000050
1431, -21.2273, 0.0025, 0.000050
1432, -14.9091, 0.0007, 0.000050
1433, -18.1364, 0.0074, 0.000050
1434, -20.6136, 0.0030, 0.000050
1435, -16.9091, 0.0066, 0.000050
1436, -15.5227, 0.0012, 0.000050
1437, -18.7674, 0.0009, 0.000050
1438, -21.6591, 0.0013, 0.000050
1439, -15.8636, 0.0018, 0.000050
1440, -18.1136, 0.0007, 0.000050
1441, -18.0682, 0.0009, 0.000050
1442, -19.1163, 0.0017, 0.000050
1443, -20.2727, 0.0010, 0.000050
1444, -18.5000, 0.0008, 0.000050
1445, -14.7045, 0.0012, 0.000050
1446, -14.6591, 0.0009, 0.000050
1447, -19.6047, 0.0067, 0.000050
1448, -19.2727, 0.0063, 0.000050
1449, -19.5227, 0.0018, 0.000050
1450, -17.6136, 0.0009, 0.000050
1451, -22.7273, 0.0015, 0.000050
1452, -19.2791, 0.0063, 0.000050
1453, -19.9091, 0.0008, 0.000050
1454, -18.8864, 0.0007, 0.000050
1455, -23.3636, 0.0008, 0.000050
1456, -17.3721, 0.0009, 0.000050
1457, -18.9091, 0.0009, 0.000050
1458, -22.0000, 0.0024, 0.000050
1459, -20.9773, 0.0026, 0.000050
1460, -17.9318, 0.0046, 0.000050
1461, -18.6591, 0.0019, 0.000050
1462, -22.6136, 0.0011, 0.000050
1463, -18.8182, 0.0067, 0.000050
1464, -15.2045, 0.0008, 0.000050
1465, -18.5909, 0.0013, 0.000050
1466, -21.2273, 0.0009, 0.000050
1467, -20.2045, 0.0035, 0.000050
1468, -17.7045, 0.0019, 0.000050
1469, -18.7500, 0.0012, 0.000050
1470, -17.8182, 0.0022, 0.000050
1471, -18.7045, 0.0008, 0.000050
1472, -20.7273, 0.0009, 0.000050
1473, -14.7727, 0.0012, 0.000050
1474, -16.7045, 0.0009, 0.000050
1475, -18.2500, 0.0010, 0.000050
1476, -17.4545, 0.0130, 0.000050
1477, -14.9091, 0.0012, 0.000050
1478, -19.2727, 0.0008, 0.000050
1479, -19.5455, 0.0027, 0.000050
1480, -18.1136, 0.0012, 0.000050
1481, -20.8182, 0.0020, 0.000050
1482, -17.5455, 0.0008, 0.000050
1483, -22.0000, 0.0013, 0.000050
1484, -22.0465, 0.0020, 0.000050
1485, -21.0714, 0.0013, 0.000050
1486, -18.7500, 0.0047, 0.000050
1487, -21.4524, 0.0011, 0.000050
1488, -19.1136, 0.0007, 0.000050
1489, -23.7209, 0.0030, 0.000050
1490, -21.8409, 0.0026, 0.000050
1491, -17.5227, 0.0016, 0.000050
1492, -17.9773, 0.0012, 0.000050
1493, -20.1395, 0.0046, 0.000050
1494, -16.7045, 0.0008, 0.000050
1495, -17.1818, 0.0009, 0.000050
1496, -24.4091, 0.0012, 0.000050
1497, -19.9767, 0.0008, 0.000050
1498, -16.5455, 0.0009, 0.000050
1499, -19.7500, 0.0008, 0.000050
1500, -24.4773, 0.0016, 0.000050
1501, -20.8864, 0.0021, 0.000050
1502, -20.1136, 0.0017, 0.000050
1503, -16.7955, 0.0010, 0.000050
1504, -16.6818, 0.0009, 0.000050
1505, -16.5909, 0.0009, 0.000050
1506, -17.7500, 0.0009, 0.000050
1507, -16.6136, 0.0010, 0.000050
1508, -17.9070, 0.0009, 0.000050
1509, -18.8636, 0.0014, 0.000050
1510, -16.3636, 0.0010, 0.000050
1511, -15.1591, 0.0009, 0.000050
1512, -18.1591, 0.0009, 0.000050
1513, -18.8636, 0.0072, 0.000050
1514, -17.4091, 0.0025, 0.000050
1515, -19.1364, 0.0044, 0.000050
1516, -18.7727, 0.0045, 0.000050
1517, -21.3864, 0.0021, 0.000050
1518, -19.3953, 0.0008, 0.000050
1519, -20.5000, 0.0012, 0.000050
1520, -16.5000, 0.0009, 0.000050
1521, -23.1364, 0.0011, 0.000050
1522, -15.3182, 0.0009, 0.000050
1523, -13.2727, 0.0009, 0.000050
1524, -19.6364, 0.0044, 0.000050
1525, -17.6136, 0.0008, 0.000050
1526, -19.0455, 0.0008, 0.000050
1527, -16.5814, 0.0007, 0.000050
1528, -15.5000, 0.0009, 0.000050
1529, -22.8864, 0.0011, 0.000050
1530, -18.6591, 0.0010, 0.000050
1531, -20.2500, 0.0020, 0.000050
1532, -20.2955, 0.0023, 0.000050
1533, -15.3182, 0.0009, 0.000050
1534, -16.3864, 0.0009, 0.000050
1535, -19.4545, 0.0012, 0.000050
1536, -19.3953, 0.0017, 0.000050
1537, -18.5000, 0.0071, 0.000050
1538, -20.4545, 0.0021, 0.000050
1539, -14.0682, 0.0007, 0.000050
1540, -20.9318, 0.0017, 0.000050
1541, -18.9773, 0.0030, 0.000050
1542, -15.9318, 0.0010, 0.000050
1543, -17.8636, 0.0008, 0.000050
1544, -18.7273, 0.0008, 0.000050
1545, -19.3636, 0.0045, 0.000050
1546, -18.6136, 0.0009, 0.000050
1547, -17.5909, 0.0032, 0.000050
1548, -18.9762, 0.0010, 0.000050
1549, -20.6136, 0.0034, 0.000050
1550, -20.8182, 0.0010, 0.000050
1551, -18.5909, 0.0007, 0.000050
1552, -16.3864, 0.0010, 0.000050
1553, -20.2727, 0.0037, 0.000050
1554, -19.4318, 0.0035, 0.000050
1555, -17.9545, 0.0009, 0.000050
1556, -20.1136, 0.0014, 0.000050
1557, -19.2727, 0.0023, 0.000050
1558, -21.6364, 0.0015, 0.000050
1559, -19.1136, 0.0026, 0.000050
1560, -20.9545, 0.0009, 0.000050
1561, -18.1364, 0.0014, 0.000050
1562, -22.1818, 0.0022, 0.000050
1563, -19.9773, 0.0028, 0.000050
1564, -24.3409, 0.0012, 0.000050
1565, -17.3810, 0.0010, 0.000050
1566, -14.3182, 0.0013, 0.000050
1567, -21.0909, 0.0049, 0.000050
1568, -17.8636, 0.0012, 0.000050
1569, -23.4545, 0.0020, 0.000050
1570, -15.4545, 0.0009, 0.000050
1571, -16.0000, 0.0007, 0.000050
1572, -14.8864, 0.0008, 0.000050
1573, -19.9091, 0.0048, 0.000050
1574, -19.8409, 0.0019, 0.000050
1575, -21.7955, 0.0020, 0.000050
1576, -19.6364, 0.0025, 0.000050
1577, -17.5455, 0.0027, 0.000050
1578, -16.7273, 0.0008, 0.000050
1579, -18.4318, 0.0008, 0.000050
1580, -20.6591, 0.0046, 0.000050
1581, -19.3409, 0.0008, 0.000050
1582, -26.6136, 0.0011, 0.000050
1583, -20.9091, 0.0013, 0.000050
1584, -18.2727, 0.0008, 0.000050
1585, -15.7955, 0.0010, 0.000050
1586, -22.9318, 0.0049, 0.000050
1587, -17.2143, 0.0011, 0.000050
1588, -21.1163, 0.0023, 0.000050
1589, -19.0227, 0.0008, 0.000050
1590, -18.9545, 0.0132, 0.000050
1591, -28.4318, 0.0012, 0.000050
1592, -19.4545, 0.0011, 0.000050
1593, -25.7727, 0.0018, 0.000050
1594, -20.9318, 0.0026, 0.000050
1595, -21.1591, 0.0011, 0.000050
1596, -18.5000, 0.0014, 0.000050
1597, -15.5682, 0.0010, 0.000050
1598, -22.6818, 0.0009, 0.000050
1599, -24.0233, 0.0016, 0.000050
1600, -23.0455, 0.0033, 0.000050
1601, -18.2273, 0.0007, 0.000050
1602, -17.9773, 0.0011, 0.000050
1603, -21.0000, 0.0022, 0.000050
1604, -17.5455, 0.0008, 0.000050
1605, -20.0682, 0.0015, 0.000050
1606, -15.7500, 0.0048, 0.000050
1607, -17.4773, 0.0008, 0.000050
1608, -19.2955, 0.0021, 0.000050
1609, -15.2955, 0.0065, 0.000050
1610, -26.4651, 0.0012, 0.000050
1611, -17.8864, 0.0063, 0.000050
1612, -18.5909, 0.0059, 0.000050
1613, -20.7727, 0.0024, 0.000050
1614, -19.8864, 0.0018, 0.000050
1615, -19.6818, 0.0010, 0.000050
1616, -22.5682, 0.0011, 0.000050
1617, -15.7500, 0.0008, 0.000050
1618, -22.4091, 0.0063, 0.000050
1619, -18.6977, 0.0109, 0.000050
1620, -17.7045, 0.0009, 0.000050
1621, -19.5682, 0.0051, 0.000050
1622, -18.4048, 0.0092, 0.000050
1623, -15.3636, 0.0010, 0.000050
1624, -19.1136, 0.0024, 0.000050
1625, -16.8182, 0.0008, 0.000050
1626, -22.4286, 0.0016, 0.000050
1627, -22.7273, 0.0009, 0.000050
1628, -17.3182, 0.0010, 0.000050
1629, -17.2045, 0.0009, 0.000050
1630, -17.0455, 0.0008, 0.000050
1631, -17.4545, 0.0008, 0.000050
1632, -20.2500, 0.0053, 0.000050
1633, -21.0000, 0.0020, 0.000050
1634, -19.1860, 0.0007, 0.000050
1635, -24.5682, 0.0011, 0.000050
1636, -16.1818, 0.0008, 0.000050
1637, -18.3636, 0.0056, 0.000050
1638, -20.5227, 0.0009, 0.000050
1639, -20.1818, 0.0037, 0.000050
1640, -21.0455, 0.0019, 0.000050
1641, -18.0952, 0.0009, 0.000050
1642, -20.0455, 0.0014, 0.000050
1643, -18.2273, 0.0010, 0.000050
1644, -17.1364, 0.0006, 0.000050
1645, -23.8864, 0.0012, 0.000050
1646, -17.3409, 0.0011, 0.000050
1647, -18.6818, 0.0114, 0.000050
1648, -20.9545, 0.0014, 0.000050
1649, -15.3636, 0.0009, 0.000050
1650, -18.5455, 0.0007, 0.000050
1651, -19.9302, 0.0009, 0.000050
1652, -20.2955, 0.0057, 0.000050
1653, -22.7045, 0.0011, 0.000050
1654, -24.0000, 0.0057, 0.000050
1655, -14.2500, 0.0011, 0.000050
1656, -16.4773, 0.0028, 0.000050
1657, -22.5455, 0.0039, 0.000050
1658, -15.0455, 0.0009, 0.000050
1659, -16.4318, 0.0019, 0.000050
1660, -25.2045, 0.0012, 0.000050
1661, -18.0455, 0.0008, 0.000050
1662, -19.2727, 0.0011, 0.000050
1663, -18.5000, 0.0015, 0.000050
1664, -21.7500, 0.0020, 0.000050
1665, -14.9318, 0.0006, 0.000050
1666, -23.7955, 0.0014, 0.000050
1667, -13.6047, 0.0010, 0.000050
1668, -17.2273, 0.0058, 0.000050
1669, -21.2273, 0.0009, 0.000050
1670, -20.4318, 0.0020, 0.000050
1671, -19.3409, 0.0008, 0.000050
1672, -18.3409, 0.0009, 0.000050
1673, -18.7045, 0.0008, 0.000050
1674, -17.0455, 0.0043, 0.000050
1675, -21.5000, 0.0011, 0.000050
1676, -17.8636, 0.0017, 0.000050
1677, -17.8409, 0.0028, 0.000050
1678, -17.3864, 0.0012, 0.000050
1679, -17.6136, 0.0021, 0.000050
1680, -22.9318, 0.0010, 0.000050
1681, -21.4186, 0.0008, 0.000050
1682, -22.8409, 0.0008, 0.000050
1683, -15.8636, 0.0008, 0.000050
1684, -15.1860, 0.0010, 0.000050
1685, -17.6364, 0.0044, 0.000050
1686, -23.4773, 0.0012, 0.000050
1687, -19.7500, 0.0024, 0.000050
1688, -23.0227, 0.0018, 0.000050
1689, -23.1364, 0.0021, 0.000050
1690, -20.0227, 0.0129, 0.000050
1691, -15.6136, 0.0009, 0.000050
1692, -18.0682, 0.0018, 0.000050
1693, -21.2273, 0.0017, 0.000050
1694, -17.2273, 0.0008, 0.000050
1695, -18.6047, 0.0008, 0.000050
1696, -20.0455, 0.0008, 0.000050
1697, -14.8409, 0.0009, 0.000050
1698, -18.2500, 0.0006, 0.000050
1699, -16.0000, 0.0008, 0.000050
1700, -21.9091, 0.0037, 0.000050
1701, -15.9091, 0.0007, 0.000050
1702, -18.0698, 0.0010, 0.000050
1703, -19.2955, 0.0046, 0.000050
1704, -18.2093, 0.0008, 0.000050
1705, -20.9773, 0.0014, 0.000050
1706, -26.2045, 0.0010, 0.000050
1707, -21.7273, 0.0018, 0.000050
1708, -18.7273, 0.0008, 0.000050
1709, -15.6136, 0.0008, 0.000050
1710, -15.0682, 0.0010, 0.000050
1711, -19.0682, 0.0015, 0.000050
1712, -14.9767, 0.0012, 0.000050
1713, -18.0233, 0.0011, 0.000050
1714, -20.7500, 0.0012, 0.000050
1715, -22.5952, 0.0023, 0.000050
1716, -18.2727, 0.0072, 0.000050
1717, -20.6591, 0.0008, 0.000050
1718, -20.5814, 0.0009, 0.000050
1719, -20.6591, 0.0009, 0.000050
1720, -21.2727, 0.0039, 0.000050
1721, -21.5682, 0.0010, 0.000050
1722, -19.7273, 0.0009, 0.000050
1723, -16.5000, 0.0007, 0.000050
1724, -17.1364, 0.0008, 0.000050
1725, -23.2273, 0.0023, 0.000050
1726, -17.3182, 0.0011, 0.000050
1727, -19.4773, 0.0016, 0.000050
1728, -20.4545, 0.0017, 0.000050
1729, -17.8636, 0.0022, 0.000050
1730, -21.1136, 0.0009, 0.000050
1731, -12.9545, 0.0009, 0.000050
1732, -22.1818, 0.0029, 0.000050
1733, -17.1429, 0.0011, 0.000050
1734, -16.5682, 0.0022, 0.000050
1735, -23.9545, 0.0012, 0.000050
1736, -17.0682, 0.0009, 0.000050
1737, -17.9091, 0.0034, 0.000050
1738, -21.1364, 0.0010, 0.000050
1739, -25.5000, 0.0011, 0.000050
1740, -20.5909, 0.0013, 0.000050
1741, -24.4318, 0.0014, 0.000050
1742, -19.1136, 0.0051, 0.000050
1743, -17.6364, 0.0017, 0.000050
1744, -20.2045, 0.0008, 0.000050
1745, -19.0682, 0.0031, 0.000050
1746, -20.0227, 0.0015, 0.000050
1747, -16.5682, 0.0009, 0.000050
1748, -21.4545, 0.0014, 0.000050
1749, -21.3864, 0.0023, 0.000050
1750, -19.1136, 0.0011, 0.000050
1751, -23.7907, 0.0010, 0.000050
1752, -19.2045, 0.0029, 0.000050
1753, -17.7500, 0.0008, 0.000050
1754, -20.2045, 0.0020, 0.000050
1755, -20.1136, 0.0013, 0.000050
1756, -15.5227, 0.0010, 0.000050
1757, -18.8636, 0.0010, 0.000050
1758, -16.7273, 0.0010, 0.000050
1759, -18.5455, 0.0022, 0.000050
1760, -19.9318, 0.0009, 0.000050
1761, -21.4318, 0.0013, 0.000050
1762, -19.6591, 0.0007, 0.000050
1763, -18.8636, 0.0024, 0.000050
1764, -18.6364, 0.0009, 0.000050
1765, -21.7727, 0.0023, 0.000050
1766, -20.4318, 0.0008, 0.000050
1767, -19.3409, 0.0009, 0.000050
1768, -17.7955, 0.0052, 0.000050
1769, -21.2727, 0.0013, 0.000050
1770, -22.0698, 0.0016, 0.000050
1771, -25.2045, 0.0013, 0.000050
1772, -18.0698, 0.0017, 0.000050
1773, -20.7500, 0.0028, 0.000050
1774, -22.7727, 0.0011, 0.000050
1775, -20.9091, 0.0018, 0.000050
1776, -24.4318, 0.0014, 0.000050
1777, -20.8182, 0.0013, 0.000050
1778, -19.5682, 0.0023, 0.000050
1779, -18.5227, 0.0150, 0.000050
1780, -16.4318, 0.0009, 0.000050
1781, -17.3182, 0.0009, 0.000050
1782, -20.5455, 0.0012, 0.000050
1783, -20.2727, 0.0066, 0.000050
1784, -20.9091, 0.0121, 0.000050
1785, -18.4318, 0.0037, 0.000050
1786, -14.0455, 0.0011, 0.000050
1787, -18.0227, 0.0053, 0.000050
1788, -18.8636, 0.0010, 0.000050
1789, -19.2045, 0.0015, 0.000050
1790, -18.3636, 0.0012, 0.000050
1791, -18.7727, 0.0020, 0.000050
1792, -19.5349, 0.0053, 0.000050
1793, -15.8864, 0.0007, 0.000050
1794, -17.6818, 0.0007, 0.000050
1795, -17.5227, 0.0058, 0.000050
1796, -21.6364, 0.0010, 0.000050
1797, -17.5455, 0.0020, 0.000050
1798, -21.3864, 0.0020, 0.000050
1799, -16.0682, 0.0009, 0.000050
1800, -17.6818, 0.0007, 0.000050
1801, -19.5455, 0.0008, 0.000050
1802, -17.6364, 0.0009, 0.000050
1803, -20.7955, 0.0008, 0.000050
1804, -17.5000, 0.0007, 0.000050
1805, -22.3182, 0.0020, 0.000050
1806, -20.8636, 0.0015, 0.000050
1807, -22.7727, 0.0015, 0.000050
1808, -17.2955, 0.0010, 0.000050
1809, -17.4318, 0.0007, 0.000050
1810, -16.0227, 0.0029, 0.000050
1811, -24.2273, 0.0012, 0.000050
1812, -18.3182, 0.0048, 0.000050
1813, -17.1136, 0.0007, 0.000050
1814, -29.0682, 0.0106, 0.000050
1815, -19.0000, 0.0009, 0.000050
1816, -19.5455, 0.0024, 0.000050
1817, -17.0000, 0.0060, 0.000050
1818, -17.7500, 0.0008, 0.000050
1819, -15.2045, 0.0008, 0.000050
1820, -18.2727, 0.0009, 0.000050
1821, -16.0455, 0.0010, 0.000050
1822, -19.8864, 0.0022, 0.000050
1823, -17.9318, 0.0020, 0.000050
1824, -16.8182, 0.0006, 0.000050
1825, -24.7727, 0.0017, 0.000050
1826, -20.9773, 0.0063, 0.000050
1827, -21.7273, 0.0011, 0.000050
1828, -20.9091, 0.0021, 0.000050
1829, -17.4773, 0.0007, 0.000050
1830, -16.5000, 0.0007, 0.000050
1831, -17.7045, 0.0007, 0.000050
1832, -19.9318, 0.0010, 0.000050
1833, -16.7500, 0.0009, 0.000050
1834, -16.7045, 0.0008, 0.000050
1835, -17.7727, 0.0018, 0.000050
1836, -17.7273, 0.0034, 0.000050
1837, -16.2727, 0.0007, 0.000050
1838, -16.6591, 0.0010, 0.000050
1839, -22.9773, 0.0013, 0.000050
1840, -14.1136, 0.0007, 0.000050
1841, -17.7500, 0.0009, 0.000050
1842, -19.2500, 0.0029, 0.000050
1843, -19.1591, 0.0068, 0.000050
1844, -20.2727, 0.0013, 0.000050
1845, -18.7955, 0.0033, 0.000050
1846, -19.1591, 0.0033, 0.000050
1847, -14.0227, 0.0009, 0.000050
1848, -19.6364, 0.0010, 0.000050
1849, -21.8333, 0.0010, 0.000050
1850, -17.1364, 0.0008, 0.000050
1851, -17.2045, 0.0009, 0.000050
1852, -18.7273, 0.0009, 0.000050
1853, -17.0682, 0.0008, 0.000050
1854, -16.5952, 0.0009, 0.000050
1855, -15.5455, 0.0009, 0.000050
1856, -20.8636, 0.0012, 0.000050
1857, -21.1190, 0.0019, 0.000050
1858, -21.0909, 0.0069, 0.000050
1859, -18.4773, 0.0010, 0.000050
1860, -22.2045, 0.0009, 0.000050
1861, -19.1364, 0.0008, 0.000050
1862, -17.2045, 0.0008, 0.000050
1863, -20.9773, 0.0035, 0.000050
1864, -17.4318, 0.0009, 0.000050
1865, -17.0682, 0.0009, 0.000050
1866, -15.8636, 0.0012, 0.000050
1867, -19.0909, 0.0013, 0.000050
1868, -16.6136, 0.0009, 0.000050
1869, -19.2500, 0.0138, 0.000050
1870, -14.0227, 0.0009, 0.000050
1871, -18.2045, 0.0044, 0.000050
1872, -20.5227, 0.0015, 0.000050
1873, -15.4091, 0.0009, 0.000050
1874, -20.9773, 0.0013, 0.000050
1875, -18.6364, 0.0023, 0.000050
1876, -18.8837, 0.0007, 0.000050
1877, -15.6591, 0.0009, 0.000050
1878, -18.6591, 0.0012, 0.000050
1879, -16.1364, 0.0007, 0.000050
1880, -18.8182, 0.0008, 0.000050
1881, -16.1364, 0.0009, 0.000050
1882, -14.2273, 0.0012, 0.000050
1883, -18.0930, 0.0010, 0.000050
1884, -20.5000, 0.0008, 0.000050
1885, -23.0909, 0.0013, 0.000050
1886, -20.8182, 0.0009, 0.000050
1887, -16.1136, 0.0007, 0.000050
1888, -17.5455, 0.0012, 0.000050
1889, -14.4091, 0.0008, 0.000050
1890, -18.7674, 0.0007, 0.000050
1891, -22.2273, 0.0010, 0.000050
1892, -16.8636, 0.0008, 0.000050
1893, -19.5227, 0.0137, 0.000050
1894, -20.3636, 0.0118, 0.000050
1895, -20.2045, 0.0008, 0.000050
1896, -18.0233, 0.0007, 0.000050
1897, -15.7955, 0.0006, 0.000050
1898, -19.6136, 0.0020, 0.000050
1899, -13.4773, 0.0009, 0.000050
1900, -16.0682, 0.0006, 0.000050
1901, -19.2093, 0.0007, 0.000050
1902, -23.5909, 0.0015, 0.000050
1903, -18.4091, 0.0026, 0.000050
1904, -19.8636, 0.0012, 0.000050
1905, -17.8605, 0.0009, 0.000050
1906, -13.2045, 0.0008, 0.000050
1907, -21.7500, 0.0007, 0.000050
1908, -16.7727, 0.0009, 0.000050
1909, -18.9318, 0.0008, 0.000050
1910, -14.1136, 0.0009, 0.000050
1911, -14.3864, 0.0007, 0.000050
1912, -21.2500, 0.0011, 0.000050
1913, -15.0714, 0.0009, 0.000050
1914, -20.2727, 0.0009, 0.000050
1915, -17.2955, 0.0007, 0.000050
1916, -22.0909, 0.0009, 0.000050
1917, -13.3409, 0.0007, 0.000050
1918, -16.8636, 0.0014, 0.000050
1919, -19.0455, 0.0029, 0.000050
1920, -19.9318, 0.0015, 0.000050
1921, -20.4091, 0.0019, 0.000050
1922, -18.7955, 0.0007, 0.000050
1923, -17.6818, 0.0024, 0.000050
1924, -21.7273, 0.0010, 0.000050
1925, -19.7955, 0.0008, 0.000050
1926, -16.1136, 0.0008, 0.000050
1927, -19.5227, 0.0048, 0.000050
1928, -17.9545, 0.0126, 0.000050
1929, -19.5682, 0.0019, 0.000050
1930, -20.6136, 0.0059, 0.000050
1931, -19.5116, 0.0031, 0.000050
1932, -14.2273, 0.0009, 0.000050
1933, -13.6364, 0.0006, 0.000050
1934, -20.3864, 0.0021, 0.000050
1935, -21.2727, 0.0016, 0.000050
1936, -21.9767, 0.0008, 0.000050
1937, -19.0909, 0.0008, 0.000050
1938, -15.9318, 0.0007, 0.000050
1939, -16.5682, 0.0010, 0.000050
1940, -19.8864, 0.0017, 0.000050
1941, -18.8636, 0.0015, 0.000050
1942, -17.1364, 0.0008, 0.000050
1943, -17.8409, 0.0008, 0.000050
1944, -20.8537, 0.0010, 0.000050
1945, -17.0227, 0.0014, 0.000050
1946, -18.4091, 0.0020, 0.000050
1947, -15.1591, 0.0010, 0.000050
1948, -20.4545, 0.0017, 0.000050
1949, -17.0233, 0.0039, 0.000050
1950, -16.4318, 0.0009, 0.000050
1951, -19.2045, 0.0025, 0.000050
1952, -21.4318, 0.0009, 0.000050
1953, -16.7500, 0.0009, 0.000050
1954, -20.2045, 0.0023, 0.000050
1955, -15.1136, 0.0010, 0.000050
1956, -18.8636, 0.0016, 0.000050
1957, -21.0455, 0.0010, 0.000050
1958, -19.5227, 0.0010, 0.000050
1959, -18.4545, 0.0009, 0.000050
1960, -14.4545, 0.0009, 0.000050
1961, -15.5909, 0.0008, 0.000050
1962, -18.1136, 0.0015, 0.000050
1963, -17.0000, 0.0011, 0.000050
1964, -17.6136, 0.0129, 0.000050
1965, -16.3864, 0.0007, 0.000050
1966, -16.5455, 0.0007, 0.000050
1967, -17.4091, 0.0059, 0.000050
1968, -14.4773, 0.0007, 0.000050
1969, -16.2273, 0.0021, 0.000050
1970, -14.9091, 0.0007, 0.000050
1971, -21.8864, 0.0026, 0.000050
1972, -16.6591, 0.0008, 0.000050
1973, -19.9070, 0.0016, 0.000050
1974, -18.4091, 0.0009, 0.000050
1975, -17.4545, 0.0020, 0.000050
1976, -20.8182, 0.0015, 0.000050
1977, -15.3182, 0.0008, 0.000050
1978, -15.6136, 0.0009, 0.000050
1979, -16.5000, 0.0022, 0.000050
1980, -22.9302, 0.0010, 0.000050
1981, -17.7045, 0.0016, 0.000050
1982, -16.8182, 0.0008, 0.000050
1983, -15.3409, 0.0008, 0.000050
1984, -13.4318, 0.0006, 0.000050
1985, -19.6818, 0.0009, 0.000050
1986, -17.2273, 0.0024, 0.000050
1987, -17.6136, 0.0009, 0.000050
1988, -16.9535, 0.0007, 0.000050
1989, -18.5909, 0.0011, 0.000050
1990, -18.0455, 0.0010, 0.000050
1991, -18.1818, 0.0009, 0.000050
1992, -17.4773, 0.0020, 0.000050
1993, -14.9535, 0.0027, 0.000050
1994, -21.8182, 0.0009, 0.000050
1995, -16.3636, 0.0010, 0.000050
1996, -19.8636, 0.0010, 0.000050
1997, -18.3721, 0.0008, 0.000050
1998, -17.4545, 0.0007, 0.000050
1999, -17.7500, 0.0128, 0.000050
2000, -22.1364, 0.0013, 0.000050
2001, -15.8864, 0.0007, 0.000050
2002, -21.0455, 0.0014, 0.000050
2003, -19.1364, 0.0009, 0.000050
2004, -18.0000, 0.0026, 0.000050
2005, -16.0227, 0.0118, 0.000050
2006, -18.0909, 0.0009, 0.000050
2007, -20.6136, 0.0012, 0.000050
2008, -18.5227, 0.0007, 0.000050
2009, -17.8182, 0.0008, 0.000050
2010, -15.7045, 0.0008, 0.000050
2011, -21.2045, 0.0032, 0.000050
2012, -16.9318, 0.0109, 0.000050
2013, -15.3636, 0.0007, 0.000050
2014, -20.3636, 0.0013, 0.000050
2015, -15.5909, 0.0009, 0.000050
2016, -16.1591, 0.0008, 0.000050
2017, -13.6818, 0.0010, 0.000050
2018, -16.9091, 0.0102, 0.000050
2019, -15.5227, 0.0006, 0.000050
2020, -16.4091, 0.0008, 0.000050
2021, -17.5455, 0.0007, 0.000050
2022, -16.8409, 0.0007, 0.000050
2023, -16.3182, 0.0009, 0.000050
2024, -16.6364, 0.0051, 0.000050
2025, -16.3409, 0.0008, 0.000050
2026, -20.8409, 0.0010, 0.000050
2027, -20.0000, 0.0008, 0.000050
2028, -20.2045, 0.0007, 0.000050
2029, -17.1818, 0.0007, 0.000050
2030, -20.6429, 0.0020, 0.000050
2031, -18.7500, 0.0008, 0.000050
2032, -17.7273, 0.0027, 0.000050
2033, -17.8605, 0.0009, 0.000050
2034, -16.4091, 0.0007, 0.000050
2035, -15.1591, 0.0010, 0.000050
2036, -18.3721, 0.0112, 0.000050
2037, -16.5682, 0.0079, 0.000050
2038, -16.4773, 0.0008, 0.000050
2039, -15.5227, 0.0007, 0.000050
2040, -17.2500, 0.0052, 0.000050
2041, -16.1905, 0.0008, 0.000050
2042, -15.1364, 0.0009, 0.000050
2043, -13.1364, 0.0008, 0.000050
2044, -18.4286, 0.0015, 0.000050
2045, -21.6047, 0.0014, 0.000050
2046, -18.7727, 0.0011, 0.000050
2047, -15.4419, 0.0010, 0.000050
2048, -15.7674, 0.0007, 0.000050
2049, -19.4773, 0.0007, 0.000050
2050, -19.2045, 0.0057, 0.000050
2051, -16.7500, 0.0008, 0.000050
2052, -20.8182, 0.0008, 0.000050
2053, -15.9773, 0.0007, 0.000050
2054, -19.0227, 0.0010, 0.000050
2055, -17.7500, 0.0031, 0.000050
2056, -20.0000, 0.0020, 0.000050
2057, -17.5682, 0.0008, 0.000050
2058, -18.1818, 0.0006, 0.000050
2059, -16.2500, 0.0009, 0.000050
2060, -17.8409, 0.0007, 0.000050
2061, -15.2045, 0.0007, 0.000050
2062, -19.8636, 0.0009, 0.000050
2063, -17.6364, 0.0061, 0.000050
2064, -15.7045, 0.0007, 0.000050
2065, -18.6591, 0.0011, 0.000050
2066, -16.8182, 0.0006, 0.000050
2067, -16.7045, 0.0008, 0.000050
2068, -16.2045, 0.0009, 0.000050
2069, -15.3864, 0.0007, 0.000050
2070, -16.3636, 0.0009, 0.000050
2071, -15.8409, 0.0007, 0.000050
2072, -15.3182, 0.0009, 0.000050
2073, -17.6364, 0.0014, 0.000050
2074, -16.5000, 0.0007, 0.000050
2075, -17.5581, 0.0009, 0.000050
2076, -18.9091, 0.0008, 0.000050
2077, -21.1364, 0.0044, 0.000050
2078, -16.4286, 0.0008, 0.000050
2079, -15.3409, 0.0114, 0.000050
2080, -20.8864, 0.0011, 0.000050
2081, -18.5000, 0.0006, 0.000050
2082, -15.7045, 0.0006, 0.000050
2083, -16.1136, 0.0009, 0.000050
2084, -17.2955, 0.0016, 0.000050
2085, -19.6591, 0.0009, 0.000050
2086, -19.8182, 0.0036, 0.000050
2087, -16.2273, 0.0056, 0.000050
2088, -17.2273, 0.0006, 0.000050
2089, -16.1818, 0.0007, 0.000050
2090, -18.4091, 0.0008, 0.000050
2091, -17.5909, 0.0008, 0.000050
2092, -20.2727, 0.0059, 0.000050
2093, -14.0227, 0.0008, 0.000050
2094, -17.4318, 0.0006, 0.000050
2095, -16.3182, 0.0008, 0.000050
2096, -20.2045, 0.0026, 0.000050
2097, -14.7442, 0.0008, 0.000050
2098, -15.2273, 0.0007, 0.000050
2099, -15.8864, 0.0007, 0.000050
2100, -17.7045, 0.0059, 0.000050
2101, -17.9545, 0.0022, 0.000050
2102, -21.5909, 0.0006, 0.000050
2103, -14.3864, 0.0007, 0.000050
2104, -13.9091, 0.0007, 0.000050
2105, -17.4545, 0.0016, 0.000050
2106, -17.2500, 0.0008, 0.000050
2107, -15.7045, 0.0009, 0.000050
2108, -18.2500, 0.0031, 0.000050
2109, -18.6136, 0.0007, 0.000050
2110, -18.3636, 0.0008, 0.000050
2111, -17.2273, 0.0014, 0.000050
2112, -17.7045, 0.0007, 0.000050
2113, -15.9318, 0.0008, 0.000050
2114, -20.3182, 0.0009, 0.000050
2115, -18.2273, 0.0008, 0.000050
2116, -20.4773, 0.0008, 0.000050
2117, -19.5455, 0.0018, 0.000050
2118, -16.1818, 0.0008, 0.000050
2119, -16.8636, 0.0010, 0.000050
2120, -19.5455, 0.0018, 0.000050
2121, -15.9545, 0.0007, 0.000050
2122, -19.8182, 0.0128, 0.000050
2123, -17.0000, 0.0008, 0.000050
2124, -16.0000, 0.0009, 0.000050
2125, -19.9545, 0.0014, 0.000050
2126, -14.6136, 0.0009, 0.000050
2127, -16.7955, 0.0039, 0.000050
2128, -14.9091, 0.0007, 0.000050
2129, -14.9318, 0.0010, 0.000050
2130, -14.7727, 0.0007, 0.000050
2131, -15.7727, 0.0009, 0.000050
2132, -27.5349, 0.0009, 0.000050
2133, -16.3864, 0.0006, 0.000050
2134, -21.1818, 0.0019, 0.000050
2135, -17.0455, 0.0010, 0.000050
2136, -22.0227, 0.0020, 0.000050
2137, -19.6136, 0.0012, 0.000050
2138, -18.6818, 0.0043, 0.000050
2139, -18.5000, 0.0007, 0.000050
2140, -14.3864, 0.0008, 0.000050
2141, -15.5909, 0.0009, 0.000050
2142, -21.2955, 0.0063, 0.000050
2143, -18.3409, 0.0013, 0.000050
2144, -18.3636, 0.0008, 0.000050
2145, -15.5000, 0.0008, 0.000050
2146, -19.1364, 0.0021, 0.000050
2147, -15.0227, 0.0007, 0.000050
2148, -17.7273, 0.0018, 0.000050
2149, -19.6591, 0.0011, 0.000050
2150, -17.0682, 0.0117, 0.000050
2151, -18.7727, 0.0103, 0.000050
2152, -17.4318, 0.0009, 0.000050
2153, -20.5455, 0.0009, 0.000050
2154, -21.9302, 0.0009, 0.000050
2155, -13.7955, 0.0007, 0.000050
2156, -16.1136, 0.0096, 0.000050
2157, -18.2727, 0.0026, 0.000050
2158, -24.7857, 0.0008, 0.000050
2159, -15.4545, 0.0006, 0.000050
2160, -20.7273, 0.0007, 0.000050
2161, -19.3409, 0.0030, 0.000050
2162, -20.0000, 0.0017, 0.000050
2163, -20.6591, 0.0008, 0.000050
2164, -15.6136, 0.0007, 0.000050
2165, -16.8182, 0.0007, 0.000050
2166, -20.3864, 0.0010, 0.000050
2167, -16.6136, 0.0006, 0.000050
2168, -13.4318, 0.0008, 0.000050
2169, -23.6591, 0.0008, 0.000050
2170, -14.3409, 0.0007, 0.000050
2171, -21.3409, 0.0013, 0.000050
2172, -23.1364, 0.0010, 0.000050
2173, -24.9318, 0.0018, 0.000050
2174, -16.5909, 0.0008, 0.000050
2175, -18.5000, 0.0008, 0.000050
2176, -17.2727, 0.0032, 0.000050
2177, -16.5455, 0.0065, 0.000050
2178, -17.3409, 0.0008, 0.000050
2179, -18.9091, 0.0007, 0.000050
2180, -15.2045, 0.0012, 0.000050
2181, -13.2955, 0.0009, 0.000050
2182, -15.8636, 0.0007, 0.000050
2183, -20.6591, 0.0009, 0.000050
2184, -15.8864, 0.0008, 0.000050
2185, -16.7500, 0.0008, 0.000050
2186, -15.6591, 0.0008, 0.000050
2187, -17.2500, 0.0009, 0.000050
2188, -14.3636, 0.0007, 0.000050
2189, -19.3864, 0.0036, 0.000050
2190, -16.1136, 0.0010, 0.000050
2191, -18.6364, 0.0035, 0.000050
2192, -17.6818, 0.0007, 0.000050
2193, -17.6591, 0.0008, 0.000050
2194, -24.6364, 0.0010, 0.000050
2195, -14.8182, 0.0009, 0.000050
2196, -15.9773, 0.0024, 0.000050
2197, -15.2500, 0.0008, 0.000050
2198, -16.1860, 0.0009, 0.000050
2199, -17.6279, 0.0009, 0.000050
2200, -14.7273, 0.0008, 0.000050
2201, -18.5909, 0.0009, 0.000050
2202, -18.6136, 0.0014, 0.000050
2203, -19.8409, 0.0009, 0.000050
2204, -23.0227, 0.0023, 0.000050
2205, -19.8636, 0.0014, 0.000050
2206, -22.0000, 0.0009, 0.000050
2207, -17.2955, 0.0010, 0.000050
2208, -15.9318, 0.0008, 0.000050
2209, -15.2500, 0.0008, 0.000050
2210, -15.4091, 0.0011, 0.000050
2211, -14.8864, 0.0013, 0.000050
2212, -17.5455, 0.0009, 0.000050
2213, -14.3182, 0.0008, 0.000050
2214, -17.6744, 0.0027, 0.000050
2215, -14.5227, 0.0008, 0.000050
2216, -18.2791, 0.0131, 0.000050
2217, -18.3864, 0.0016, 0.000050
2218, -20.3182, 0.0011, 0.000050
2219, -18.3864, 0.0058, 0.000050
2220, -16.8140, 0.0009, 0.000050
2221, -20.7727, 0.0017, 0.000050
2222, -18.2273, 0.0039, 0.000050
2223, -18.3182, 0.0013, 0.000050
2224, -16.2273, 0.0104, 0.000050
2225, -17.4091, 0.0009, 0.000050
2226, -17.8864, 0.0006, 0.000050
2227, -20.9773, 0.0013, 0.000050
2228, -15.7045, 0.0006, 0.000050
2229, -15.8636, 0.0006, 0.000050
2230, -16.9318, 0.0009, 0.000050
2231, -17.7619, 0.0008, 0.000050
2232, -19.6591, 0.0008, 0.000050
2233, -21.4091, 0.0008, 0.000050
2234, -17.5909, 0.0011, 0.000050
2235, -18.0682, 0.0006, 0.000050
2236, -18.7955, 0.0042, 0.000050
2237, -17.9091, 0.0029, 0.000050
2238, -19.0455, 0.0008, 0.000050
2239, -16.1364, 0.0007, 0.000050
2240, -20.0000, 0.0110, 0.000050
2241, -17.8182, 0.0012, 0.000050
2242, -18.0909, 0.0008, 0.000050
2243, -15.5909, 0.0008, 0.000050
2244, -15.9545, 0.0009, 0.000050
2245, -18.4318, 0.0020, 0.000050
2246, -14.5227, 0.0007, 0.000050
2247, -16.3409, 0.0007, 0.000050
2248, -21.4545, 0.0012, 0.000050
2249, -18.0227, 0.0008, 0.000050
2250, -16.4545, 0.0012, 0.000050
2251, -17.7955, 0.0011, 0.000050
2252, -14.2500, 0.0011, 0.000050
2253, -16.6818, 0.0007, 0.000050
2254, -15.7273, 0.0006, 0.000050
2255, -16.5682, 0.0008, 0.000050
2256, -17.4091, 0.0007, 0.000050
2257, -19.5227, 0.0009, 0.000050
2258, -18.3636, 0.0022, 0.000050
2259, -15.7500, 0.0023, 0.000050
2260, -18.5682, 0.0008, 0.000050
2261, -21.9048, 0.0011, 0.000050
2262, -18.5227, 0.0125, 0.000050
2263, -15.3023, 0.0010, 0.000050
2264, -17.4318, 0.0007, 0.000050
2265, -17.1818, 0.0057, 0.000050
2266, -15.2045, 0.0036, 0.000050
2267, -17.9091, 0.0019, 0.000050
2268, -15.2500, 0.0019, 0.000050
2269, -16.3636, 0.0006, 0.000050
2270, -17.0682, 0.0018, 0.000050
2271, -17.5000, 0.0007, 0.000050
2272, -19.8837, 0.0010, 0.000050
2273, -18.0682, 0.0006, 0.000050
2274, -17.9773, 0.0016, 0.000050
2275, -20.0455, 0.0008, 0.000050
2276, -15.0000, 0.0008, 0.000050
2277, -14.1136, 0.0006, 0.000050
2278, -21.4318, 0.0046, 0.000050
2279, -19.5581, 0.0011, 0.000050
2280, -15.5455, 0.0008, 0.000050
2281, -17.0909, 0.0008, 0.000050
2282, -16.9091, 0.0007, 0.000050
2283, -17.1136, 0.0022, 0.000050
2284, -21.6136, 0.0012, 0.000050
2285, -19.3095, 0.0007, 0.000050
2286, -13.7273, 0.0007, 0.000050
2287, -14.4773, 0.0007, 0.000050
2288, -17.6136, 0.0110, 0.000050
2289, -20.5455, 0.0012, 0.000050
2290, -20.7273, 0.0008, 0.000050
2291, -14.8409, 0.0006, 0.000050
2292, -13.9773, 0.0009, 0.000050
2293, -17.7273, 0.0053, 0.000050
2294, -18.9773, 0.0012, 0.000050
2295, -17.1818, 0.0006, 0.000050
2296, -15.7500, 0.0008, 0.000050
2297, -19.9773, 0.0007, 0.000050
2298, -16.4773, 0.0008, 0.000050
2299, -20.5682, 0.0013, 0.000050
2300, -19.4091, 0.0009, 0.000050
2301, -13.4773, 0.0009, 0.000050
2302, -20.2955, 0.0060, 0.000050
2303, -16.3953, 0.0056, 0.000050
2304, -15.2500, 0.0099, 0.000050
2305, -17.0455, 0.0005, 0.000050
2306, -17.4186, 0.0006, 0.000050
2307, -17.5455, 0.0008, 0.000050
2308, -14.8864, 0.0009, 0.000050
2309, -20.1136, 0.0009, 0.000050
2310, -17.0000, 0.0017, 0.000050
2311, -19.5476, 0.0017, 0.000050
2312, -14.9091, 0.0006, 0.000050
2313, -20.2500, 0.0009, 0.000050
2314, -13.7955, 0.0007, 0.000050
2315, -18.5238, 0.0009, 0.000050
2316, -15.5682, 0.0008, 0.000050
2317, -14.7500, 0.0007, 0.000050
2318, -17.7500, 0.0014, 0.000050
2319, -17.1364, 0.0030, 0.000050
2320, -17.7045, 0.0010, 0.000050
2321, -15.7381, 0.0009, 0.000050
2322, -17.6977, 0.0007, 0.000050
2323, -16.7273, 0.0006, 0.000050
2324, -18.6136, 0.0007, 0.000050
2325, -17.1818, 0.0008, 0.000050
2326, -15.0455, 0.0011, 0.000050
2327, -15.4773, 0.0007, 0.000050
2328, -13.8182, 0.0008, 0.000050
2329, -14.9545, 0.0007, 0.000050
2330, -20.0000, 0.0015, 0.000050
2331, -16.1818, 0.0009, 0.000050
2332, -16.3488, 0.0009, 0.000050
2333, -18.7857, 0.0064, 0.000050
2334, -18.1364, 0.0017, 0.000050
2335, -15.6364, 0.0008, 0.000050
2336, -16.7045, 0.0007, 0.000050
2337, -17.8810, 0.0061, 0.000050
2338, -18.5000, 0.0018, 0.000050
2339, -18.1364, 0.0007, 0.000050
2340, -14.4884, 0.0011, 0.000050
2341, -17.1591, 0.0007, 0.000050
2342, -14.9545, 0.0007, 0.000050
2343, -16.5814, 0.0009, 0.000050
2344, -18.7273, 0.0009, 0.000050
2345, -17.6136, 0.0010, 0.000050
2346, -20.6818, 0.0008, 0.000050
2347, -17.9773, 0.0027, 0.000050
2348, -20.3182, 0.0010, 0.000050
2349, -18.5455, 0.0009, 0.000050
2350, -22.2727, 0.0012, 0.000050
2351, -17.6364, 0.0045, 0.000050
2352, -21.2045, 0.0009, 0.000050
2353, -17.5227, 0.0010, 0.000050
2354, -16.9545, 0.0007, 0.000050
2355, -21.3409, 0.0009, 0.000050
2356, -17.7273, 0.0009, 0.000050
2357, -17.3182, 0.0007, 0.000050
2358, -17.8182, 0.0031, 0.000050
2359, -14.5000, 0.0011, 0.000050
2360, -16.6591, 0.0008, 0.000050
2361, -17.5909, 0.0009, 0.000050
2362, -19.7955, 0.0008, 0.000050
2363, -13.2955, 0.0008, 0.000050
2364, -15.5227, 0.0008, 0.000050
2365, -19.5227, 0.0013, 0.000050
2366, -17.2500, 0.0008, 0.000050
2367, -16.0455, 0.0007, 0.000050
2368, -13.6818, 0.0008, 0.000050
2369, -19.2727, 0.0022, 0.000050
2370, -16.7955, 0.0009, 0.000050
2371, -20.1364, 0.0016, 0.000050
2372, -19.0909, 0.0009, 0.000050
2373, -17.5682, 0.0009, 0.000050
2374, -14.6591, 0.0009, 0.000050
2375, -18.7381, 0.0010, 0.000050
2376, -16.7727, 0.0008, 0.000050
2377, -17.2045, 0.0008, 0.000050
2378, -17.9545, 0.0013, 0.000050
2379, -15.7273, 0.0007, 0.000050
2380, -18.5455, 0.0009, 0.000050
2381, -21.5227, 0.0015, 0.000050
2382, -17.6818, 0.0008, 0.000050
2383, -18.4773, 0.0008, 0.000050
2384, -19.9318, 0.0052, 0.000050
2385, -19.1364, 0.0009, 0.000050
2386, -14.1136, 0.0067, 0.000050
2387, -21.6818, 0.0014, 0.000050
2388, -18.8636, 0.0027, 0.000050
2389, -16.9545, 0.0012, 0.000050
2390, -17.3409, 0.0011, 0.000050
2391, -14.3864, 0.0011, 0.000050
2392, -18.2955, 0.0031, 0.000050
2393, -19.0682, 0.0010, 0.000050
2394, -16.2500, 0.0011, 0.000050
2395, -15.9545, 0.0007, 0.000050
2396, -15.0909, 0.0032, 0.000050
2397, -18.5227, 0.0012, 0.000050
2398, -15.3182, 0.0041, 0.000050
2399, -15.0455, 0.0008, 0.000050
2400, -22.5000, 0.0032, 0.000050
2401, -17.0455, 0.0022, 0.000050
2402, -19.2955, 0.0016, 0.000050
2403, -17.2273, 0.0009, 0.000050
2404, -19.1364, 0.0012, 0.000050
2405, -15.0455, 0.0006, 0.000050
2406, -15.8864, 0.0007, 0.000050
2407, -16.2955, 0.0011, 0.000050
2408, -13.3864, 0.0010, 0.000050
2409, -21.5227, 0.0007, 0.000050
2410, -17.3409, 0.0008, 0.000050
2411, -22.5227, 0.0012, 0.000050
2412, -18.0909, 0.0014, 0.000050
2413, -16.2045, 0.0009, 0.000050
2414, -19.6190, 0.0016, 0.000050
2415, -17.2273, 0.0008, 0.000050
2416, -15.5455, 0.0009, 0.000050
2417, -17.8182, 0.0007, 0.000050
2418, -18.6364, 0.0031, 0.000050
2419, -14.8182, 0.0007, 0.000050
2420, -18.3182, 0.0008, 0.000050
2421, -18.6047, 0.0023, 0.000050
2422, -12.5227, 0.0008, 0.000050
2423, -16.8636, 0.0025, 0.000050
2424, -16.0455, 0.0009, 0.000050
2425, -19.7273, 0.0009, 0.000050
2426, -18.0227, 0.0008, 0.000050
2427, -17.5455, 0.0036, 0.000050
2428, -14.6591, 0.0008, 0.000050
2429, -18.5000, 0.0014, 0.000050
2430, -15.8182, 0.0125, 0.000050
2431, -14.7500, 0.0006, 0.000050
2432, -18.2273, 0.0010, 0.000050
2433, -16.5455, 0.0007, 0.000050
2434, -16.8636, 0.0011, 0.000050
2435, -16.9545, 0.0008, 0.000050
2436, -18.7500, 0.0022, 0.000050
2437, -14.4773, 0.0007, 0.000050
2438, -17.3409, 0.0007, 0.000050
2439, -18.7045, 0.0010, 0.000050
2440, -21.5909, 0.0011, 0.000050
2441, -14.1591, 0.0008, 0.000050
2442, -18.2326, 0.0044, 0.000050
2443, -22.5455, 0.0011, 0.000050
2444, -23.4318, 0.0013, 0.000050
2445, -18.0455, 0.0013, 0.000050
2446, -13.1364, 0.0011, 0.000050
2447, -15.7381, 0.0008, 0.000050
2448, -17.5227, 0.0007, 0.000050
2449, -16.8182, 0.0043, 0.000050
2450, -16.0682, 0.0007, 0.000050
2451, -16.1591, 0.0008, 0.000050
2452, -15.6591, 0.0006, 0.000050
2453, -17.3182, 0.0008, 0.000050
2454, -15.3636, 0.0007, 0.000050
2455, -15.8409, 0.0062, 0.000050
2456, -17.6136, 0.0007, 0.000050
2457, -17.3409, 0.0010, 0.000050
2458, -18.1136, 0.0009, 0.000050
2459, -15.3182, 0.0007, 0.000050
2460, -16.7045, 0.0008, 0.000050
2461, -17.4545, 0.0010, 0.000050
2462, -17.5455, 0.0008, 0.000050
2463, -16.6744, 0.0008, 0.000050
2464, -18.2727, 0.0065, 0.000050
2465, -15.8636, 0.0009, 0.000050
2466, -16.8182, 0.0007, 0.000050
2467, -22.0682, 0.0010, 0.000050
2468, -17.7273, 0.0008, 0.000050
2469, -18.4318, 0.0015, 0.000050
2470, -19.6136, 0.0029, 0.000050
2471, -17.3864, 0.0118, 0.000050
2472, -18.8409, 0.0017, 0.000050
2473, -13.4091, 0.0008, 0.000050
2474, -17.0000, 0.0007, 0.000050
2475, -14.4318, 0.0008, 0.000050
2476, -14.9318, 0.0105, 0.000050
2477, -17.8864, 0.0007, 0.000050
2478, -18.2955, 0.0019, 0.000050
2479, -15.1364, 0.0008, 0.000050
2480, -18.4091, 0.0009, 0.000050
2481, -20.1591, 0.0011, 0.000050
2482, -16.8140, 0.0006, 0.000050
2483, -14.9773, 0.0007, 0.000050
2484, -15.8095, 0.0008, 0.000050
2485, -20.0000, 0.0009, 0.000050
2486, -17.7727, 0.0010, 0.000050
2487, -15.9773, 0.0007, 0.000050
2488, -18.7955, 0.0008, 0.000050
2489, -16.5909, 0.0110, 0.000050
2490, -15.4524, 0.0008, 0.000050
2491, -12.5227, 0.0006, 0.000050
2492, -13.8864, 0.0007, 0.000050
2493, -20.8636, 0.0007, 0.000050
2494, -15.4091, 0.0007, 0.000050
2495, -15.2727, 0.0009, 0.000050
2496, -16.1818, 0.0027, 0.000050
2497, -18.2500, 0.0053, 0.000050
2498, -17.3488, 0.0007, 0.000050
2499, -19.4091, 0.0036, 0.000050
2500, -19.7727, 0.0015, 0.000050
2501, -14.8864, 0.0006, 0.000050
2502, -14.7045, 0.0008, 0.000050
2503, -18.9070, 0.0007, 0.000050
2504, -19.6818, 0.0018, 0.000050
2505, -16.6364, 0.0037, 0.000050
2506, -16.9091, 0.0008, 0.000050
2507, -18.0930, 0.0007, 0.000050
2508, -16.5455, 0.0007, 0.000050
2509, -18.5000, 0.0106, 0.000050
2510, -20.3182, 0.0019, 0.000050
2511, -18.4773, 0.0016, 0.000050
2512, -22.5682, 0.0008, 0.000050
2513, -19.8409, 0.0100, 0.000050
2514, -21.7500, 0.0009, 0.000050
2515, -12.0909, 0.0007, 0.000050
2516, -18.5000, 0.0010, 0.000050
2517, -20.5682, 0.0007, 0.000050
2518, -16.6818, 0.0008, 0.000050
2519, -19.2273, 0.0007, 0.000050
2520, -20.1136, 0.0013, 0.000050
2521, -20.1136, 0.0013, 0.000050
2522, -15.5682, 0.0020, 0.000050
2523, -17.7500, 0.0007, 0.000050
2524, -17.1364, 0.0020, 0.000050
2525, -16.2727, 0.0007, 0.000050
2526, -19.5909, 0.0025, 0.000050
2527, -21.6818, 0.0010, 0.000050
2528, -16.7045, 0.0013, 0.000050
2529, -17.0000, 0.0009, 0.000050
2530, -18.8182, 0.0041, 0.000050
2531, -19.5227, 0.0006, 0.000050
2532, -17.6591, 0.0010, 0.000050
2533, -15.1818, 0.0108, 0.000050
2534, -20.7955, 0.0007, 0.000050
2535, -22.6364, 0.0007, 0.000050
2536, -14.6818, 0.0008, 0.000050
2537, -17.8864, 0.0021, 0.000050
2538, -18.3636, 0.0014, 0.000050
2539, -21.1364, 0.0021, 0.000050
2540, -19.3864, 0.0014, 0.000050
2541, -18.2500, 0.0009, 0.000050
2542, -15.3409, 0.0009, 0.000050
2543, -23.2500, 0.0010, 0.000050
2544, -17.7955, 0.0109, 0.000050
2545, -18.8864, 0.0009, 0.000050
2546, -17.0238, 0.0009, 0.000050
2547, -17.9318, 0.0008, 0.000050
2548, -21.3182, 0.0011, 0.000050
2549, -16.4545, 0.0008, 0.000050
2550, -18.0227, 0.0018, 0.000050
2551, -21.8864, 0.0022, 0.000050
2552, -20.4773, 0.0016, 0.000050
2553, -21.7500, 0.0011, 0.000050
2554, -15.7500, 0.0110, 0.000050
2555, -21.5682, 0.0006, 0.000050
2556, -16.4773, 0.0008, 0.000050
2557, -19.0455, 0.0012, 0.000050
2558, -14.6136, 0.0006, 0.000050
2559, -20.8182, 0.0007, 0.000050
2560, -17.3953, 0.0008, 0.000050
2561, -18.7727, 0.0008, 0.000050
2562, -18.5909, 0.0008, 0.000050
2563, -18.0682, 0.0010, 0.000050
2564, -15.2727, 0.0008, 0.000050
2565, -16.8636, 0.0111, 0.000050
2566, -17.3182, 0.0007, 0.000050
2567, -17.5000, 0.0008, 0.000050
2568, -16.9545, 0.0012, 0.000050
2569, -20.2727, 0.0007, 0.000050
2570, -16.5682, 0.0106, 0.000050
2571, -19.8409, 0.0008, 0.000050
2572, -21.0682, 0.0009, 0.000050
2573, -17.9091, 0.0009, 0.000050
2574, -18.6818, 0.0015, 0.000050
2575, -19.1136, 0.0008, 0.000050
2576, -17.7273, 0.0038, 0.000050
2577, -20.0227, 0.0016, 0.000050
2578, -19.6136, 0.0007, 0.000050
2579, -17.2955, 0.0008, 0.000050
2580, -19.8409, 0.0010, 0.000050
2581, -18.0000, 0.0007, 0.000050
2582, -13.0000, 0.0007, 0.000050
2583, -14.0909, 0.0106, 0.000050
2584, -16.1136, 0.0019, 0.000050
2585, -16.6818, 0.0010, 0.000050
2586, -17.2273, 0.0050, 0.000050
2587, -16.3636, 0.0009, 0.000050
2588, -18.7045, 0.0007, 0.000050
2589, -16.6977, 0.0006, 0.000050
2590, -14.4091, 0.0006, 0.000050
2591, -17.2326, 0.0027, 0.000050
2592, -14.1364, 0.0009, 0.000050
2593, -21.6136, 0.0014, 0.000050
2594, -14.5000, 0.0006, 0.000050
2595, -17.0000, 0.0006, 0.000050
2596, -14.8182, 0.0006, 0.000050
2597, -17.9773, 0.0008, 0.000050
2598, -17.3636, 0.0007, 0.000050
2599, -19.0227, 0.0009, 0.000050
2600, -17.2045, 0.0008, 0.000050
2601, -18.5455, 0.0031, 0.000050
2602, -18.0455, 0.0006, 0.000050
2603, -16.0682, 0.0007, 0.000050
2604, -14.5909, 0.0007, 0.000050
2605, -21.0000, 0.0017, 0.000050
2606, -15.4318, 0.0010, 0.000050
2607, -17.1136, 0.0007, 0.000050
2608, -16.1136, 0.0010, 0.000050
2609, -16.1591, 0.0115, 0.000050
2610, -18.2727, 0.0014, 0.000050
2611, -16.5349, 0.0007, 0.000050
2612, -18.7273, 0.0030, 0.000050
2613, -16.8864, 0.0016, 0.000050
2614, -19.6136, 0.0010, 0.000050
2615, -16.5682, 0.0013, 0.000050
2616, -20.7273, 0.0019, 0.000050
2617, -15.3182, 0.0029, 0.000050
2618, -16.3864, 0.0006, 0.000050
2619, -13.9545, 0.0006, 0.000050
2620, -16.4773, 0.0024, 0.000050
2621, -16.7500, 0.0006, 0.000050
2622, -15.2955, 0.0006, 0.000050
2623, -15.1591, 0.0009, 0.000050
2624, -13.7500, 0.0009, 0.000050
2625, -18.2955, 0.0032, 0.000050
2626, -17.6591, 0.0009, 0.000050
2627, -20.0233, 0.0009, 0.000050
2628, -16.1136, 0.0009, 0.000050
2629, -17.5682, 0.0008, 0.000050
2630, -18.1364, 0.0012, 0.000050
2631, -18.8182, 0.0014, 0.000050
2632, -20.0682, 0.0023, 0.000050
2633, -18.6591, 0.0017, 0.000050
2634, -20.6818, 0.0014, 0.000050
2635, -15.8409, 0.0007, 0.000050
2636, -16.6136, 0.0009, 0.000050
2637, -18.9773, 0.0033, 0.000050
2638, -18.0000, 0.0018, 0.000050
2639, -19.3864, 0.0012, 0.000050
2640, -15.3182, 0.0008, 0.000050
2641, -20.2273, 0.0010, 0.000050
2642, -14.8864, 0.0006, 0.000050
2643, -16.3864, 0.0007, 0.000050
2644, -16.8182, 0.0008, 0.000050
2645, -18.0000, 0.0064, 0.000050
2646, -15.7500, 0.0040, 0.000050
2647, -17.6364, 0.0008, 0.000050
2648, -16.9545, 0.0009, 0.000050
2649, -22.0227, 0.0013, 0.000050
2650, -14.0909, 0.0009, 0.000050
2651, -16.1591, 0.0007, 0.000050
2652, -18.1818, 0.0018, 0.000050
2653, -20.5227, 0.0020, 0.000050
2654, -19.9545, 0.0010, 0.000050
2655, -15.5682, 0.0043, 0.000050
2656, -15.6591, 0.0008, 0.000050
2657, -15.6136, 0.0010, 0.000050
2658, -20.8636, 0.0012, 0.000050
2659, -20.2727, 0.0012, 0.000050
2660, -15.3182, 0.0008, 0.000050
2661, -17.2045, 0.0008, 0.000050
2662, -16.5000, 0.0009, 0.000050
2663, -18.2955, 0.0023, 0.000050
2664, -16.0682, 0.0007, 0.000050
2665, -17.6591, 0.0024, 0.000050
2666, -16.7500, 0.0120, 0.000050
2667, -16.5227, 0.0010, 0.000050
2668, -18.1364, 0.0029, 0.000050
2669, -19.2727, 0.0026, 0.000050
2670, -19.1818, 0.0011, 0.000050
2671, -18.5682, 0.0056, 0.000050
2672, -16.8409, 0.0008, 0.000050
2673, -16.6136, 0.0006, 0.000050
2674, -16.3864, 0.0008, 0.000050
2675, -15.3409, 0.0008, 0.000050
2676, -18.0233, 0.0007, 0.000050
2677, -15.3636, 0.0010, 0.000050
2678, -15.7727, 0.0057, 0.000050
2679, -17.3182, 0.0006, 0.000050
2680, -14.0000, 0.0005, 0.000050
2681, -18.9535, 0.0038, 0.000050
2682, -16.5227, 0.0007, 0.000050
2683, -16.5682, 0.0009, 0.000050
2684, -15.9545, 0.0055, 0.000050
2685, -12.3864, 0.0006, 0.000050
2686, -15.6364, 0.0007, 0.000050
2687, -20.2727, 0.0022, 0.000050
2688, -13.5909, 0.0007, 0.000050
2689, -18.7955, 0.0020, 0.000050
2690, -20.1136, 0.0009, 0.000050
2691, -17.1364, 0.0006, 0.000050
2692, -15.1591, 0.0054, 0.000050
2693, -17.8182, 0.0007, 0.000050
2694, -11.2045, 0.0009, 0.000050
2695, -15.5909, 0.0098, 0.000050
2696, -17.8636, 0.0089, 0.000050
2697, -18.5455, 0.0017, 0.000050
2698, -19.0455, 0.0016, 0.000050
2699, -16.0682, 0.0010, 0.000050
2700, -19.9773, 0.0008, 0.000050
2701, -16.5455, 0.0006, 0.000050
2702, -19.4545, 0.0019, 0.000050
2703, -16.5000, 0.0021, 0.000050
2704, -19.2500, 0.0010, 0.000050
2705, -16.7727, 0.0006, 0.000050
2706, -19.5000, 0.0020, 0.000050
2707, -16.1364, 0.0007, 0.000050
2708, -18.7727, 0.0009, 0.000050
2709, -17.4773, 0.0097, 0.000050
2710, -15.9091, 0.0021, 0.000050
2711, -16.7500, 0.0006, 0.000050
2712, -16.7955, 0.0009, 0.000050
2713, -18.0455, 0.0007, 0.000050
2714, -17.9091, 0.0018, 0.000050
2715, -16.0682, 0.0009, 0.000050
2716, -17.5000, 0.0012, 0.000050
2717, -16.5000, 0.0009, 0.000050
2718, -15.5909, 0.0007, 0.000050
2719, -19.6136, 0.0020, 0.000050
2720, -18.5000, 0.0036, 0.000050
2721, -19.9318, 0.0007, 0.000050
2722, -20.0698, 0.0101, 0.000050
2723, -17.4545, 0.0090, 0.000050
2724, -16.8409, 0.0018, 0.000050
2725, -14.5455, 0.0006, 0.000050
2726, -15.4091, 0.0010, 0.000050
2727, -17.9318, 0.0006, 0.000050
2728, -16.5000, 0.0008, 0.000050
2729, -20.1136, 0.0008, 0.000050
2730, -17.6190, 0.0007, 0.000050
2731, -16.5000, 0.0006, 0.000050
2732, -14.6364, 0.0005, 0.000050
2733, -18.0455, 0.0012, 0.000050
2734, -18.0227, 0.0091, 0.000050
2735, -16.8409, 0.0006, 0.000050
2736, -19.5909, 0.0026, 0.000050
2737, -17.8409, 0.0007, 0.000050
2738, -19.3864, 0.0012, 0.000050
2739, -14.7045, 0.0006, 0.000050
2740, -16.1818, 0.0024, 0.000050
2741, -17.9318, 0.0009, 0.000050
2742, -14.7045, 0.0008, 0.000050
2743, -13.7045, 0.0009, 0.000050
2744, -17.0682, 0.0006, 0.000050
2745, -19.2727, 0.0008, 0.000050
2746, -17.2727, 0.0011, 0.000050
2747, -16.2500, 0.0033, 0.000050
2748, -15.2273, 0.0005, 0.000050
2749, -12.4091, 0.0009, 0.000050
2750, -19.8182, 0.0022, 0.000050
2751, -18.3182, 0.0014, 0.000050
2752, -18.6818, 0.0007, 0.000050
2753, -20.4091, 0.0013, 0.000050
2754, -18.5682, 0.0009, 0.000050
2755, -14.0455, 0.0009, 0.000050
2756, -19.2045, 0.0022, 0.000050
2757, -16.5909, 0.0009, 0.000050
2758, -17.2326, 0.0008, 0.000050
2759, -18.5116, 0.0013, 0.000050
2760, -16.6977, 0.0008, 0.000050
2761, -15.8409, 0.0007, 0.000050
2762, -21.2955, 0.0042, 0.000050
2763, -17.0455, 0.0007, 0.000050
2764, -18.7500, 0.0022, 0.000050
2765, -18.5455, 0.0008, 0.000050
2766, -12.9773, 0.0009, 0.000050
2767, -16.2500, 0.0007, 0.000050
2768, -21.6591, 0.0012, 0.000050
2769, -16.3182, 0.0007, 0.000050
2770, -18.5227, 0.0027, 0.000050
2771, -15.7955, 0.0006, 0.000050
2772, -20.3636, 0.0013, 0.000050
2773, -16.2045, 0.0031, 0.000050
2774, -12.9773, 0.0008, 0.000050
2775, -21.2727, 0.0013, 0.000050
2776, -16.9773, 0.0007, 0.000050
2777, -19.2273, 0.0017, 0.000050
2778, -18.7045, 0.0007, 0.000050
2779, -19.6818, 0.0008, 0.000050
2780, -21.8571, 0.0011, 0.000050
2781, -15.4091, 0.0007, 0.000050
2782, -16.7500, 0.0009, 0.000050
2783, -21.2727, 0.0015, 0.000050
2784, -18.1591, 0.0009, 0.000050
2785, -17.3636, 0.0008, 0.000050
2786, -16.0000, 0.0008, 0.000050
2787, -22.2045, 0.0020, 0.000050
2788, -18.5227, 0.0008, 0.000050
2789, -17.1591, 0.0007, 0.000050
2790, -14.4773, 0.0008, 0.000050
2791, -18.5682, 0.0011, 0.000050
2792, -16.6364, 0.0135, 0.000050
2793, -19.9318, 0.0011, 0.000050
2794, -16.5909, 0.0007, 0.000050
2795, -17.3409, 0.0009, 0.000050
2796, -17.9545, 0.0032, 0.000050
2797, -20.5227, 0.0008, 0.000050
2798, -16.9091, 0.0027, 0.000050
2799, -17.8864, 0.0061, 0.000050
2800, -17.6364, 0.0007, 0.000050
2801, -15.3864, 0.0009, 0.000050
2802, -19.9318, 0.0009, 0.000050
2803, -18.1628, 0.0009, 0.000050
2804, -18.0000, 0.0016, 0.000050
2805, -16.5682, 0.0042, 0.000050
2806, -18.2727, 0.0010, 0.000050
2807, -15.5909, 0.0007, 0.000050
2808, -22.0227, 0.0014, 0.000050
2809, -17.4773, 0.0015, 0.000050
2810, -20.0909, 0.0007, 0.000050
2811, -18.0233, 0.0121, 0.000050
2812, -19.2955, 0.0017, 0.000050
2813, -15.6364, 0.0009, 0.000050
2814, -13.5455, 0.0012, 0.000050
2815, -20.1818, 0.0010, 0.000050
2816, -17.3409, 0.0007, 0.000050
2817, -14.7727, 0.0008, 0.000050
2818, -18.8409, 0.0007, 0.000050
2819, -13.0682, 0.0010, 0.000050
2820, -18.4318, 0.0009, 0.000050
2821, -15.2273, 0.0006, 0.000050
2822, -13.5682, 0.0008, 0.000050
2823, -18.5455, 0.0014, 0.000050
2824, -18.1860, 0.0060, 0.000050
2825, -17.9091, 0.0014, 0.000050
2826, -15.0455, 0.0011, 0.000050
2827, -15.8182, 0.0007, 0.000050
2828, -19.5455, 0.0022, 0.000050
2829, -17.3182, 0.0025, 0.000050
2830, -16.0455, 0.0007, 0.000050
2831, -18.0227, 0.0008, 0.000050
2832, -18.1818, 0.0022, 0.000050
2833, -18.4318, 0.0032, 0.000050
2834, -19.8864, 0.0034, 0.000050
2835, -16.2273, 0.0008, 0.000050
2836, -19.6364, 0.0028, 0.000050
2837, -16.2045, 0.0007, 0.000050
2838, -14.2045, 0.0010, 0.000050
2839, -17.7045, 0.0009, 0.000050
2840, -16.1364, 0.0058, 0.000050
2841, -18.0227, 0.0008, 0.000050
2842, -20.5000, 0.0020, 0.000050
2843, -17.6591, 0.0031, 0.000050
2844, -18.1818, 0.0008, 0.000050
2845, -14.5682, 0.0007, 0.000050
2846, -17.3409, 0.0009, 0.000050
2847, -14.1818, 0.0006, 0.000050
2848, -17.3409, 0.0016, 0.000050
2849, -15.0000, 0.0007, 0.000050
2850, -16.9545, 0.0059, 0.000050
2851, -20.4091, 0.0057, 0.000050
2852, -16.0000, 0.0052, 0.000050
2853, -17.6818, 0.0008, 0.000050
2854, -19.1591, 0.0008, 0.000050
2855, -20.7727, 0.0019, 0.000050
2856, -22.7619, 0.0008, 0.000050
2857, -18.6136, 0.0021, 0.000050
2858, -22.2955, 0.0008, 0.000050
2859, -19.4773, 0.0037, 0.000050
2860, -21.8864, 0.0058, 0.000050
2861, -15.7727, 0.0054, 0.000050
2862, -17.8636, 0.0007, 0.000050
2863, -15.2500, 0.0007, 0.000050
2864, -14.3409, 0.0009, 0.000050
2865, -20.9091, 0.0024, 0.000050
2866, -23.5682, 0.0010, 0.000050
2867, -17.8409, 0.0008, 0.000050
2868, -14.4773, 0.0007, 0.000050
2869, -17.0000, 0.0008, 0.000050
2870, -17.0909, 0.0008, 0.000050
2871, -19.2273, 0.0021, 0.000050
2872, -16.9545, 0.0018, 0.000050
2873, -17.2955, 0.0016, 0.000050
2874, -19.7727, 0.0012, 0.000050
2875, -15.7442, 0.0007, 0.000050
2876, -15.0227, 0.0021, 0.000050
2877, -21.8095, 0.0008, 0.000050
2878, -20.4545, 0.0024, 0.000050
2879, -21.0682, 0.0016, 0.000050
2880, -20.3409, 0.0051, 0.000050
2881, -19.2273, 0.0021, 0.000050
2882, -12.3409, 0.0007, 0.000050
2883, -18.6818, 0.0009, 0.000050
2884, -18.8182, 0.0018, 0.000050
2885, -20.0455, 0.0007, 0.000050
2886, -16.9091, 0.0007, 0.000050
2887, -20.0455, 0.0036, 0.000050
2888, -15.9773, 0.0008, 0.000050
2889, -17.2727, 0.0010, 0.000050
2890, -15.4773, 0.0008, 0.000050
2891, -16.2045, 0.0008, 0.000050
2892, -16.2273, 0.0010, 0.000050
2893, -18.3864, 0.0009, 0.000050
2894, -16.3409, 0.0006, 0.000050
2895, -16.7727, 0.0010, 0.000050
2896, -17.8409, 0.0130, 0.000050
2897, -16.4318, 0.0035, 0.000050
2898, -13.7955, 0.0006, 0.000050
2899, -18.0455, 0.0020, 0.000050
2900, -17.3571, 0.0008, 0.000050
2901, -18.2500, 0.0018, 0.000050
2902, -15.0465, 0.0009, 0.000050
2903, -16.4773, 0.0007, 0.000050
2904, -16.4318, 0.0007, 0.000050
2905, -20.8864, 0.0018, 0.000050
2906, -20.1818, 0.0024, 0.000050
2907, -14.7674, 0.0007, 0.000050
2908, -13.5227, 0.0009, 0.000050
2909, -15.3864, 0.0007, 0.000050
2910, -22.4318, 0.0014, 0.000050
2911, -15.0000, 0.0007, 0.000050
2912, -16.3636, 0.0008, 0.000050
2913, -15.6818, 0.0009, 0.000050
2914, -24.0465, 0.0011, 0.000050
2915, -15.8409, 0.0010, 0.000050
2916, -18.2727, 0.0009, 0.000050
2917, -16.9318, 0.0007, 0.000050
2918, -14.0714, 0.0010, 0.000050
2919, -17.1591, 0.0009, 0.000050
2920, -14.7273, 0.0007, 0.000050
2921, -18.9091, 0.0009, 0.000050
2922, -16.7500, 0.0009, 0.000050
2923, -14.1818, 0.0010, 0.000050
2924, -19.3864, 0.0023, 0.000050
2925, -21.3182, 0.0012, 0.000050
2926, -15.6591, 0.0009, 0.000050
2927, -15.6364, 0.0007, 0.000050
2928, -15.0227, 0.0008, 0.000050
2929, -17.6591, 0.0007, 0.000050
2930, -18.8864, 0.0018, 0.000050
2931, -19.5116, 0.0008, 0.000050
2932, -17.5909, 0.0047, 0.000050
2933, -21.0000, 0.0010, 0.000050
2934, -13.2558, 0.0008, 0.000050
2935, -14.7727, 0.0009, 0.000050
2936, -19.7727, 0.0009, 0.000050
2937, -15.0000, 0.0007, 0.000050
2938, -17.4545, 0.0009, 0.000050
2939, -14.7500, 0.0008, 0.000050
2940, -20.4773, 0.0009, 0.000050
2941, -15.7045, 0.0008, 0.000050
2942, -17.4091, 0.0012, 0.000050
2943, -19.5909, 0.0037, 0.000050
2944, -17.2727, 0.0065, 0.000050
2945, -21.6136, 0.0027, 0.000050
2946, -16.3409, 0.0030, 0.000050
2947, -21.0455, 0.0009, 0.000050
2948, -22.0455, 0.0019, 0.000050
2949, -20.5000, 0.0010, 0.000050
2950, -16.6136, 0.0014, 0.000050
2951, -16.6591, 0.0008, 0.000050
2952, -19.8182, 0.0007, 0.000050
2953, -18.9318, 0.0019, 0.000050
2954, -18.4545, 0.0024, 0.000050
2955, -21.3409, 0.0010, 0.000050
2956, -17.1818, 0.0008, 0.000050
2957, -20.4545, 0.0012, 0.000050
2958, -19.5909, 0.0010, 0.000050
2959, -16.3636, 0.0008, 0.000050
2960, -15.6818, 0.0007, 0.000050
2961, -20.2955, 0.0008, 0.000050
2962, -14.7955, 0.0008, 0.000050
2963, -14.4091, 0.0007, 0.000050
2964, -13.3636, 0.0008, 0.000050
2965, -20.9773, 0.0011, 0.000050
2966, -15.4318, 0.0009, 0.000050
2967, -16.5455, 0.0009, 0.000050
2968, -18.4091, 0.0009, 0.000050
2969, -18.5000, 0.0008, 0.000050
2970, -20.3182, 0.0010, 0.000050
2971, -19.7273, 0.0008, 0.000050
2972, -15.7727, 0.0007, 0.000050
2973, -19.8864, 0.0071, 0.000050
2974, -15.6364, 0.0009, 0.000050
2975, -18.9773, 0.0009, 0.000050
2976, -16.2045, 0.0009, 0.000050
2977, -15.2045, 0.0007, 0.000050
2978, -14.0682, 0.0009, 0.000050
2979, -15.7727, 0.0010, 0.000050
2980, -18.2727, 0.0007, 0.000050
2981, -11.5455, 0.0009, 0.000050
2982, -15.9545, 0.0008, 0.000050
2983, -18.4545, 0.0009, 0.000050
2984, -16.0227, 0.0009, 0.000050
2985, -17.9545, 0.0010, 0.000050
2986, -19.1818, 0.0026, 0.000050
2987, -15.3864, 0.0007, 0.000050
2988, -14.9767, 0.0008, 0.000050
2989, -18.4545, 0.0025, 0.000050
2990, -22.4048, 0.0011, 0.000050
2991, -14.3409, 0.0011, 0.000050
2992, -19.8636, 0.0020, 0.000050
2993, -18.2045, 0.0038, 0.000050
2994, -17.6591, 0.0008, 0.000050
2995, -18.2045, 0.0011, 0.000050
2996, -15.3409, 0.0007, 0.000050
2997, -14.0682, 0.0007, 0.000050
2998, -17.8182, 0.0009, 0.000050
2999, -16.7500, 0.0009, 0.000050
3000, -15.3636, 0.0010, 0.000050
3001, -14.5227, 0.0010, 0.000050
3002, -17.1860, 0.0007, 0.000050
3003, -21.3864, 0.0020, 0.000050
3004, -18.7500, 0.0015, 0.000050
3005, -15.1818, 0.0008, 0.000050
3006, -24.5227, 0.0008, 0.000050
3007, -18.2727, 0.0008, 0.000050
3008, -15.3636, 0.0007, 0.000050
3009, -16.2273, 0.0008, 0.000050
3010, -20.2955, 0.0015, 0.000050
3011, -12.9773, 0.0016, 0.000050
3012, -18.5909, 0.0015, 0.000050
3013, -19.6047, 0.0011, 0.000050
3014, -18.9318, 0.0019, 0.000050
3015, -15.4545, 0.0008, 0.000050
3016, -21.1818, 0.0017, 0.000050
3017, -26.3182, 0.0015, 0.000050
3018, -15.8636, 0.0008, 0.000050
3019, -19.0000, 0.0008, 0.000050
3020, -18.1818, 0.0027, 0.000050
3021, -22.0000, 0.0012, 0.000050
3022, -16.4545, 0.0007, 0.000050
3023, -18.1136, 0.0037, 0.000050
3024, -17.0000, 0.0008, 0.000050
3025, -15.9773, 0.0009, 0.000050
3026, -17.3864, 0.0015, 0.000050
3027, -17.1395, 0.0047, 0.000050
3028, -20.8864, 0.0017, 0.000050
3029, -15.8409, 0.0010, 0.000050
3030, -17.6818, 0.0012, 0.000050
3031, -13.9773, 0.0008, 0.000050
3032, -17.6591, 0.0015, 0.000050
3033, -13.8571, 0.0008, 0.000050
3034, -21.9545, 0.0034, 0.000050
3035, -17.6591, 0.0015, 0.000050
3036, -16.8409, 0.0065, 0.000050
3037, -17.8864, 0.0008, 0.000050
3038, -17.5909, 0.0008, 0.000050
3039, -15.2955, 0.0007, 0.000050
3040, -18.5000, 0.0009, 0.000050
3041, -16.5455, 0.0007, 0.000050
3042, -16.3182, 0.0008, 0.000050
3043, -15.9091, 0.0006, 0.000050
3044, -21.2955, 0.0014, 0.000050
3045, -18.1364, 0.0009, 0.000050
3046, -21.9318, 0.0010, 0.000050
3047, -16.7273, 0.0008, 0.000050
3048, -16.0455, 0.0021, 0.000050
3049, -19.8864, 0.0066, 0.000050
3050, -20.4318, 0.0029, 0.000050
3051, -19.7273, 0.0009, 0.000050
3052, -16.5455, 0.0023, 0.000050
3053, -19.4545, 0.0024, 0.000050
3054, -16.6591, 0.0009, 0.000050
3055, -17.1818, 0.0009, 0.000050
3056, -17.4545, 0.0062, 0.000050
3057, -18.3409, 0.0008, 0.000050
3058, -14.7955, 0.0007, 0.000050
3059, -17.1591, 0.0010, 0.000050
3060, -17.3182, 0.0009, 0.000050
3061, -17.5682, 0.0009, 0.000050
3062, -16.8409, 0.0008, 0.000050
3063, -16.8409, 0.0006, 0.000050
3064, -15.4091, 0.0009, 0.000050
3065, -13.2500, 0.0007, 0.000050
3066, -14.6818, 0.0009, 0.000050
3067, -15.3864, 0.0007, 0.000050
3068, -12.7273, 0.0006, 0.000050
3069, -19.1818, 0.0014, 0.000050
3070, -17.7727, 0.0016, 0.000050
3071, -17.4091, 0.0020, 0.000050
3072, -19.0000, 0.0034, 0.000050
3073, -16.4773, 0.0009, 0.000050
3074, -16.0909, 0.0007, 0.000050
3075, -19.2273, 0.0016, 0.000050
3076, -19.3182, 0.0025, 0.000050
3077, -16.8182, 0.0015, 0.000050
3078, -16.4773, 0.0008, 0.000050
3079, -14.8182, 0.0010, 0.000050
3080, -19.0698, 0.0009, 0.000050
3081, -14.3182, 0.0010, 0.000050
3082, -17.1136, 0.0008, 0.000050
3083, -17.6591, 0.0009, 0.000050
3084, -18.3409, 0.0008, 0.000050
3085, -16.7500, 0.0009, 0.000050
3086, -16.5682, 0.0007, 0.000050
3087, -16.4318, 0.0067, 0.000050
3088, -19.4091, 0.0010, 0.000050
3089, -17.7500, 0.0006, 0.000050
3090, -18.8182, 0.0064, 0.000050
3091, -17.2273, 0.0008, 0.000050
3092, -14.7273, 0.0010, 0.000050
3093, -19.8140, 0.0015, 0.000050
3094, -18.7500, 0.0008, 0.000050
3095, -15.2727, 0.0009, 0.000050
3096, -18.5682, 0.0119, 0.000050
3097, -16.6591, 0.0011, 0.000050
3098, -21.3409, 0.0014, 0.000050
3099, -16.9773, 0.0055, 0.000050
3100, -17.8409, 0.0020, 0.000050
3101, -15.5227, 0.0100, 0.000050
3102, -15.8636, 0.0008, 0.000050
3103, -16.3182, 0.0007, 0.000050
3104, -17.6591, 0.0008, 0.000050
3105, -17.2045, 0.0014, 0.000050
3106, -17.6818, 0.0008, 0.000050
3107, -18.6818, 0.0012, 0.000050
3108, -21.7955, 0.0013, 0.000050
3109, -19.5455, 0.0013, 0.000050
3110, -11.9773, 0.0009, 0.000050
3111, -16.0455, 0.0008, 0.000050
3112, -19.4773, 0.0009, 0.000050
3113, -16.2273, 0.0017, 0.000050
3114, -21.7500, 0.0030, 0.000050
3115, -18.4545, 0.0008, 0.000050
3116, -15.7500, 0.0007, 0.000050
3117, -22.8409, 0.0016, 0.000050
3118, -18.0455, 0.0007, 0.000050
3119, -18.0455, 0.0008, 0.000050
3120, -17.9091, 0.0007, 0.000050
3121, -14.7273, 0.0007, 0.000050
3122, -20.5455, 0.0015, 0.000050
3123, -15.5116, 0.0010, 0.000050
3124, -19.6364, 0.0034, 0.000050
3125, -20.6977, 0.0014, 0.000050
3126, -19.2727, 0.0010, 0.000050
3127, -15.0000, 0.0008, 0.000050
3128, -22.2045, 0.0013, 0.000050
3129, -19.0952, 0.0023, 0.000050
3130, -17.9091, 0.0009, 0.000050
3131, -21.5000, 0.0012, 0.000050
3132, -16.6591, 0.0070, 0.000050
3133, -17.0000, 0.0009, 0.000050
3134, -17.2500, 0.0015, 0.000050
3135, -18.8636, 0.0007, 0.000050
3136, -18.5116, 0.0125, 0.000050
3137, -16.0909, 0.0007, 0.000050
3138, -17.6364, 0.0009, 0.000050
3139, -18.5682, 0.0007, 0.000050
3140, -21.8636, 0.0016, 0.000050
3141, -19.6818, 0.0008, 0.000050
3142, -14.7500, 0.0008, 0.000050
3143, -15.5682, 0.0008, 0.000050
3144, -17.7500, 0.0033, 0.000050
3145, -20.8182, 0.0013, 0.000050
3146, -19.7500, 0.0011, 0.000050
3147, -14.1591, 0.0008, 0.000050
3148, -19.2500, 0.0009, 0.000050
3149, -22.1818, 0.0015, 0.000050
3150, -18.4545, 0.0044, 0.000050
3151, -16.3864, 0.0006, 0.000050
3152, -17.5000, 0.0028, 0.000050
3153, -16.6136, 0.0008, 0.000050
3154, -20.2500, 0.0029, 0.000050
3155, -17.3636, 0.0010, 0.000050
3156, -20.4048, 0.0010, 0.000050
3157, -19.5227, 0.0007, 0.000050
3158, -14.4318, 0.0121, 0.000050
3159, -20.0455, 0.0039, 0.000050
3160, -18.3256, 0.0014, 0.000050
3161, -16.5909, 0.0008, 0.000050
3162, -16.1364, 0.0008, 0.000050
3163, -20.5000, 0.0007, 0.000050
3164, -18.8605, 0.0010, 0.000050
3165, -13.6591, 0.0006, 0.000050
3166, -17.8864, 0.0010, 0.000050
3167, -14.1136, 0.0007, 0.000050
3168, -16.9545, 0.0019, 0.000050
3169, -17.5000, 0.0008, 0.000050
3170, -17.7045, 0.0008, 0.000050
3171, -15.7273, 0.0006, 0.000050
3172, -16.7273, 0.0008, 0.000050
3173, -21.3182, 0.0011, 0.000050
3174, -17.3409, 0.0019, 0.000050
3175, -21.1905, 0.0044, 0.000050
3176, -17.2955, 0.0032, 0.000050
3177, -16.5909, 0.0009, 0.000050
3178, -15.8864, 0.0008, 0.000050
3179, -14.3182, 0.0009, 0.000050
3180, -14.6591, 0.0009, 0.000050
3181, -16.2273, 0.0008, 0.000050
3182, -12.7727, 0.0007, 0.000050
3183, -15.0909, 0.0010, 0.000050
3184, -14.8182, 0.0008, 0.000050
3185, -18.6591, 0.0021, 0.000050
3186, -16.3409, 0.0114, 0.000050
3187, -17.0455, 0.0007, 0.000050
3188, -19.9091, 0.0009, 0.000050
3189, -16.1818, 0.0006, 0.000050
3190, -16.1591, 0.0014, 0.000050
3191, -16.4773, 0.0038, 0.000050
3192, -19.8182, 0.0037, 0.000050
3193, -15.6136, 0.0007, 0.000050
3194, -22.2955, 0.0016, 0.000050
3195, -22.3182, 0.0011, 0.000050
3196, -17.5000, 0.0013, 0.000050
3197, -15.6818, 0.0007, 0.000050
3198, -20.9545, 0.0109, 0.000050
3199, -15.5000, 0.0008, 0.000050
3200, -17.0227, 0.0008, 0.000050
3201, -22.0000, 0.0010, 0.000050
3202, -16.8864, 0.0008, 0.000050
3203, -19.4773, 0.0010, 0.000050
3204, -18.1364, 0.0007, 0.000050
3205, -16.7955, 0.0038, 0.000050
3206, -15.7500, 0.0007, 0.000050
3207, -17.0682, 0.0010, 0.000050
3208, -21.4545, 0.0014, 0.000050
3209, -16.9545, 0.0011, 0.000050
3210, -16.3182, 0.0008, 0.000050
3211, -16.3409, 0.0007, 0.000050
3212, -16.7500, 0.0016, 0.000050
3213, -17.3409, 0.0010, 0.000050
3214, -16.8182, 0.0039, 0.000050
3215, -17.8636, 0.0009, 0.000050
3216, -17.0455, 0.0006, 0.000050
3217, -13.0909, 0.0008, 0.000050
3218, -18.6364, 0.0006, 0.000050
3219, -14.7674, 0.0010, 0.000050
3220, -16.1136, 0.0008, 0.000050
3221, -20.4419, 0.0007, 0.000050
3222, -20.7442, 0.0013, 0.000050
3223, -16.6136, 0.0031, 0.000050
3224, -18.2500, 0.0042, 0.000050
3225, -19.5682, 0.0014, 0.000050
3226, -16.4773, 0.0007, 0.000050
3227, -16.0909, 0.0006, 0.000050
3228, -18.7727, 0.0009, 0.000050
3229, -15.2273, 0.0010, 0.000050
3230, -19.7955, 0.0008, 0.000050
3231, -15.7955, 0.0009, 0.000050
3232, -18.9545, 0.0017, 0.000050
3233, -21.8636, 0.0009, 0.000050
3234, -18.5909, 0.0010, 0.000050
3235, -16.0909, 0.0007, 0.000050
3236, -18.3636, 0.0008, 0.000050
3237, -19.9302, 0.0012, 0.000050
3238, -18.6364, 0.0022, 0.000050
3239, -19.3409, 0.0007, 0.000050
3240, -13.7273, 0.0010, 0.000050
3241, -18.5227, 0.0008, 0.000050
3242, -18.3182, 0.0010, 0.000050
3243, -19.9545, 0.0018, 0.000050
3244, -16.4773, 0.0034, 0.000050
3245, -19.4773, 0.0036, 0.000050
3246, -17.9545, 0.0063, 0.000050
3247, -16.1591, 0.0007, 0.000050
3248, -15.4091, 0.0007, 0.000050
3249, -14.0227, 0.0009, 0.000050
3250, -17.7500, 0.0010, 0.000050
3251, -17.5455, 0.0018, 0.000050
3252, -18.8182, 0.0023, 0.000050
3253, -20.4091, 0.0009, 0.000050
3254, -17.4545, 0.0020, 0.000050
3255, -20.0682, 0.0010, 0.000050
3256, -19.2500, 0.0010, 0.000050
3257, -22.0238, 0.0021, 0.000050
3258, -22.1364, 0.0011, 0.000050
3259, -16.2955, 0.0008, 0.000050
3260, -17.1136, 0.0009, 0.000050
3261, -19.3409, 0.0013, 0.000050
3262, -17.9318, 0.0011, 0.000050
3263, -13.4318, 0.0012, 0.000050
3264, -13.7273, 0.0007, 0.000050
3265, -17.8636, 0.0008, 0.000050
3266, -19.7500, 0.0021, 0.000050
3267, -14.6364, 0.0012, 0.000050
3268, -17.9773, 0.0008, 0.000050
3269, -21.5227, 0.0010, 0.000050
3270, -18.5909, 0.0017, 0.000050
3271, -17.1818, 0.0008, 0.000050
3272, -20.7955, 0.0019, 0.000050
3273, -13.2727, 0.0009, 0.000050
3274, -15.3864, 0.0008, 0.000050
3275, -18.4186, 0.0013, 0.000050
3276, -17.1818, 0.0007, 0.000050
3277, -16.5909, 0.0010, 0.000050
3278, -16.9773, 0.0007, 0.000050
3279, -15.2955, 0.0010, 0.000050
3280, -12.1818, 0.0012, 0.000050
3281, -16.5909, 0.0008, 0.000050
3282, -19.8182, 0.0070, 0.000050
3283, -14.5682, 0.0007, 0.000050
3284, -16.6818, 0.0006, 0.000050
3285, -15.3864, 0.0009, 0.000050
3286, -17.9545, 0.0015, 0.000050
3287, -15.6364, 0.0008, 0.000050
3288, -17.7500, 0.0008, 0.000050
3289, -16.0909, 0.0013, 0.000050
3290, -21.1818, 0.0008, 0.000050
3291, -15.5909, 0.0009, 0.000050
3292, -17.8571, 0.0009, 0.000050
3293, -16.6364, 0.0009, 0.000050
3294, -20.5227, 0.0023, 0.000050
3295, -13.7500, 0.0008, 0.000050
3296, -18.3409, 0.0017, 0.000050
3297, -15.1136, 0.0007, 0.000050
3298, -15.6818, 0.0008, 0.000050
3299, -18.5909, 0.0012, 0.000050
3300, -17.4091, 0.0129, 0.000050
3301, -15.6591, 0.0007, 0.000050
3302, -17.9318, 0.0008, 0.000050
3303, -17.7955, 0.0008, 0.000050
3304, -18.4091, 0.0011, 0.000050
3305, -17.2500, 0.0007, 0.000050
3306, -15.5227, 0.0117, 0.000050
3307, -17.5814, 0.0007, 0.000050
3308, -23.5682, 0.0014, 0.000050
3309, -18.7727, 0.0009, 0.000050
3310, -12.2500, 0.0008, 0.000050
3311, -16.3636, 0.0009, 0.000050
3312, -17.5116, 0.0014, 0.000050
3313, -16.3636, 0.0009, 0.000050
3314, -17.2500, 0.0007, 0.000050
3315, -16.7273, 0.0007, 0.000050
3316, -18.0000, 0.0007, 0.000050
3317, -14.5000, 0.0008, 0.000050
3318, -14.7500, 0.0008, 0.000050
3319, -16.3636, 0.0011, 0.000050
3320, -13.1818, 0.0007, 0.000050
3321, -16.7500, 0.0010, 0.000050
3322, -21.8182, 0.0015, 0.000050
3323, -18.6818, 0.0014, 0.000050
3324, -19.9318, 0.0024, 0.000050
3325, -17.5455, 0.0128, 0.000050
3326, -17.2045, 0.0012, 0.000050
3327, -18.7273, 0.0013, 0.000050
3328, -15.7727, 0.0008, 0.000050
3329, -19.0455, 0.0011, 0.000050
3330, -15.5909, 0.0008, 0.000050
3331, -16.2273, 0.0007, 0.000050
3332, -17.3182, 0.0017, 0.000050
3333, -14.4545, 0.0007, 0.000050
3334, -16.5000, 0.0033, 0.000050
3335, -13.9773, 0.0007, 0.000050
3336, -17.0455, 0.0008, 0.000050
3337, -15.0000, 0.0031, 0.000050
3338, -14.3636, 0.0009, 0.000050
3339, -18.9773, 0.0007, 0.000050
3340, -15.8182, 0.0040, 0.000050
3341, -13.1591, 0.0011, 0.000050
3342, -21.6364, 0.0009, 0.000050
3343, -15.0909, 0.0006, 0.000050
3344, -17.1818, 0.0009, 0.000050
3345, -16.4773, 0.0034, 0.000050
3346, -15.4091, 0.0008, 0.000050
3347, -19.0465, 0.0061, 0.000050
3348, -15.1591, 0.0013, 0.000050
3349, -18.7500, 0.0029, 0.000050
3350, -15.0227, 0.0008, 0.000050
3351, -21.6364, 0.0008, 0.000050
3352, -19.1591, 0.0008, 0.000050
3353, -13.9091, 0.0013, 0.000050
3354, -18.3636, 0.0012, 0.000050
3355, -14.4091, 0.0007, 0.000050
3356, -17.5227, 0.0008, 0.000050
3357, -13.1136, 0.0009, 0.000050
3358, -18.2381, 0.0008, 0.000050
3359, -15.9535, 0.0026, 0.000050
3360, -19.0698, 0.0024, 0.000050
3361, -15.2727, 0.0010, 0.000050
3362, -16.2045, 0.0024, 0.000050
3363, -18.8864, 0.0027, 0.000050
3364, -17.7045, 0.0009, 0.000050
3365, -16.8571, 0.0009, 0.000050
3366, -16.9773, 0.0008, 0.000050
3367, -20.5227, 0.0016, 0.000050
3368, -20.3864, 0.0009, 0.000050
3369, -17.8636, 0.0008, 0.000050
3370, -15.2500, 0.0028, 0.000050
3371, -15.4545, 0.0007, 0.000050
3372, -15.4773, 0.0007, 0.000050
3373, -16.0455, 0.0007, 0.000050
3374, -19.4318, 0.0015, 0.000050
3375, -17.3864, 0.0008, 0.000050
3376, -19.0227, 0.0011, 0.000050
3377, -21.1818, 0.0028, 0.000050
3378, -21.5909, 0.0016, 0.000050
3379, -17.0000, 0.0008, 0.000050
3380, -19.2045, 0.0009, 0.000050
3381, -22.0227, 0.0018, 0.000050
3382, -17.3182, 0.0008, 0.000050
3383, -16.7955, 0.0035, 0.000050
3384, -18.7955, 0.0129, 0.000050
3385, -19.7727, 0.0010, 0.000050
3386, -17.6818, 0.0007, 0.000050
3387, -15.2273, 0.0012, 0.000050
3388, -19.8333, 0.0012, 0.000050
3389, -20.9091, 0.0015, 0.000050
3390, -17.0909, 0.0009, 0.000050
3391, -14.8571, 0.0060, 0.000050
3392, -19.5909, 0.0018, 0.000050
3393, -15.4545, 0.0007, 0.000050
3394, -17.5227, 0.0010, 0.000050
3395, -17.1364, 0.0009, 0.000050
3396, -17.8636, 0.0020, 0.000050
3397, -20.9091, 0.0007, 0.000050
3398, -16.7500, 0.0119, 0.000050
3399, -19.0909, 0.0012, 0.000050
3400, -17.7273, 0.0025, 0.000050
3401, -18.3409, 0.0021, 0.000050
3402, -17.1136, 0.0008, 0.000050
3403, -18.8409, 0.0027, 0.000050
3404, -17.6591, 0.0022, 0.000050
3405, -18.2500, 0.0009, 0.000050
3406, -20.0682, 0.0013, 0.000050
3407, -15.3409, 0.0024, 0.000050
3408, -17.1136, 0.0008, 0.000050
3409, -19.6744, 0.0009, 0.000050
3410, -19.8182, 0.0011, 0.000050
3411, -14.6818, 0.0009, 0.000050
3412, -16.1591, 0.0008, 0.000050
3413, -15.2727, 0.0030, 0.000050
3414, -15.3182, 0.0005, 0.000050
3415, -17.0000, 0.0030, 0.000050
3416, -15.2045, 0.0010, 0.000050
3417, -18.2045, 0.0012, 0.000050
3418, -17.8182, 0.0008, 0.000050
3419, -18.7955, 0.0010, 0.000050
3420, -16.1364, 0.0008, 0.000050
3421, -17.7500, 0.0008, 0.000050
3422, -17.0455, 0.0007, 0.000050
3423, -20.8837, 0.0022, 0.000050
3424, -18.6190, 0.0010, 0.000050
3425, -16.1364, 0.0014, 0.000050
3426, -17.1136, 0.0012, 0.000050
3427, -15.4545, 0.0007, 0.000050
3428, -16.1591, 0.0006, 0.000050
3429, -17.7045, 0.0008, 0.000050
3430, -16.4091, 0.0032, 0.000050
3431, -18.4773, 0.0008, 0.000050
3432, -18.3023, 0.0008, 0.000050
3433, -15.5116, 0.0008, 0.000050
3434, -16.0455, 0.0012, 0.000050
3435, -22.5909, 0.0020, 0.000050
3436, -14.8864, 0.0008, 0.000050
3437, -21.4545, 0.0016, 0.000050
3438, -19.2619, 0.0017, 0.000050
3439, -17.1818, 0.0122, 0.000050
3440, -17.0455, 0.0040, 0.000050
3441, -19.0909, 0.0007, 0.000050
3442, -18.3864, 0.0017, 0.000050
3443, -16.9091, 0.0007, 0.000050
3444, -14.7955, 0.0006, 0.000050
3445, -14.7727, 0.0018, 0.000050
3446, -19.4773, 0.0020, 0.000050
3447, -19.3409, 0.0010, 0.000050
3448, -17.7500, 0.0007, 0.000050
3449, -12.2955, 0.0008, 0.000050
3450, -22.0682, 0.0009, 0.000050
3451, -15.7045, 0.0007, 0.000050
3452, -21.5682, 0.0011, 0.000050
3453, -15.0000, 0.0007, 0.000050
3454, -21.0000, 0.0061, 0.000050
3455, -16.4545, 0.0031, 0.000050
3456, -15.6364, 0.0007, 0.000050
3457, -15.6591, 0.0007, 0.000050
3458, -16.3409, 0.0109, 0.000050
3459, -17.2273, 0.0024, 0.000050
3460, -16.2727, 0.0036, 0.000050
3461, -18.1818, 0.0017, 0.000050
3462, -17.4318, 0.0021, 0.000050
3463, -15.9091, 0.0008, 0.000050
3464, -20.9545, 0.0021, 0.000050
3465, -16.9091, 0.0009, 0.000050
3466, -16.2727, 0.0028, 0.000050
3467, -18.1136, 0.0008, 0.000050
3468, -18.5227, 0.0026, 0.000050
3469, -16.3864, 0.0008, 0.000050
3470, -16.0227, 0.0007, 0.000050
3471, -18.0455, 0.0017, 0.000050
3472, -16.6136, 0.0006, 0.000050
3473, -15.7907, 0.0008, 0.000050
3474, -17.6190, 0.0008, 0.000050
3475, -17.9545, 0.0030, 0.000050
3476, -18.0227, 0.0057, 0.000050
3477, -15.2727, 0.0006, 0.000050
3478, -14.4773, 0.0007, 0.000050
3479, -18.2955, 0.0024, 0.000050
3480, -17.0909, 0.0008, 0.000050
3481, -16.0227, 0.0025, 0.000050
3482, -21.1818, 0.0006, 0.000050
3483, -15.8636, 0.0008, 0.000050
3484, -16.3182, 0.0008, 0.000050
3485, -20.2727, 0.0011, 0.000050
3486, -21.5455, 0.0027, 0.000050
3487, -16.6818, 0.0008, 0.000050
3488, -19.3409, 0.0031, 0.000050
3489, -14.5476, 0.0007, 0.000050
3490, -16.2273, 0.0007, 0.000050
3491, -18.2955, 0.0018, 0.000050
3492, -15.5682, 0.0007, 0.000050
3493, -16.3182, 0.0006, 0.000050
3494, -16.1818, 0.0008, 0.000050
3495, -16.1905, 0.0010, 0.000050
3496, -17.4545, 0.0007, 0.000050
3497, -16.1818, 0.0007, 0.000050
3498, -17.7273, 0.0010, 0.000050
3499, -18.0909, 0.0024, 0.000050
3500, -15.8864, 0.0008, 0.000050
3501, -21.8182, 0.0009, 0.000050
3502, -14.6818, 0.0007, 0.000050
3503, -19.1818, 0.0062, 0.000050
3504, -18.2500, 0.0041, 0.000050
3505, -14.3864, 0.0006, 0.000050
3506, -16.9286, 0.0008, 0.000050
3507, -17.3182, 0.0059, 0.000050
3508, -17.9091, 0.0012, 0.000050
3509, -19.0000, 0.0018, 0.000050
3510, -18.7273, 0.0009, 0.000050
3511, -16.6136, 0.0109, 0.000050
3512, -18.0227, 0.0011, 0.000050
3513, -15.0909, 0.0007, 0.000050
3514, -19.4773, 0.0008, 0.000050
3515, -15.7500, 0.0008, 0.000050
3516, -15.6512, 0.0008, 0.000050
3517, -18.0698, 0.0013, 0.000050
3518, -17.2045, 0.0104, 0.000050
3519, -13.2500, 0.0007, 0.000050
3520, -19.0455, 0.0007, 0.000050
3521, -20.1136, 0.0017, 0.000050
3522, -14.6591, 0.0005, 0.000050
3523, -17.1591, 0.0007, 0.000050
3524, -17.4318, 0.0008, 0.000050
3525, -17.2500, 0.0037, 0.000050
3526, -16.5909, 0.0007, 0.000050
3527, -20.0227, 0.0054, 0.000050
3528, -16.4773, 0.0013, 0.000050
3529, -20.6591, 0.0006, 0.000050
3530, -15.3409, 0.0009, 0.000050
3531, -17.9091, 0.0038, 0.000050
3532, -19.1364, 0.0008, 0.000050
3533, -19.1136, 0.0018, 0.000050
3534, -15.4091, 0.0007, 0.000050
3535, -20.4318, 0.0011, 0.000050
3536, -17.4091, 0.0007, 0.000050
3537, -21.1136, 0.0018, 0.000050
3538, -18.2273, 0.0026, 0.000050
3539, -16.1364, 0.0016, 0.000050
3540, -15.3721, 0.0006, 0.000050
3541, -12.8182, 0.0008, 0.000050
3542, -17.1136, 0.0007, 0.000050
3543, -17.7955, 0.0024, 0.000050
3544, -16.2558, 0.0007, 0.000050
3545, -20.0227, 0.0013, 0.000050
3546, -18.0909, 0.0008, 0.000050
3547, -14.1364, 0.0011, 0.000050
3548, -23.4773, 0.0012, 0.000050
3549, -17.9773, 0.0019, 0.000050
3550, -16.2500, 0.0014, 0.000050
3551, -20.4651, 0.0019, 0.000050
3552, -17.9070, 0.0060, 0.000050
3553, -19.8864, 0.0009, 0.000050
3554, -20.1667, 0.0009, 0.000050
3555, -20.8182, 0.0007, 0.000050
3556, -16.1591, 0.0007, 0.000050
3557, -17.1136, 0.0020, 0.000050
3558, -18.1860, 0.0007, 0.000050
3559, -17.6136, 0.0007, 0.000050
3560, -15.5909, 0.0007, 0.000050
3561, -16.4545, 0.0008, 0.000050
3562, -15.3571, 0.0009, 0.000050
3563, -17.0455, 0.0011, 0.000050
3564, -16.7045, 0.0007, 0.000050
3565, -16.1136, 0.0010, 0.000050
3566, -23.2273, 0.0010, 0.000050
3567, -14.6364, 0.0007, 0.000050
3568, -16.8182, 0.0008, 0.000050
3569, -17.4545, 0.0018, 0.000050
3570, -14.1136, 0.0013, 0.000050
3571, -15.0909, 0.0008, 0.000050
3572, -14.8864, 0.0008, 0.000050
3573, -19.0455, 0.0016, 0.000050
3574, -13.6591, 0.0008, 0.000050
3575, -16.6591, 0.0124, 0.000050
3576, -13.4091, 0.0012, 0.000050
3577, -15.9091, 0.0008, 0.000050
3578, -18.1429, 0.0007, 0.000050
3579, -17.4318, 0.0022, 0.000050
3580, -15.5682, 0.0009, 0.000050
3581, -18.2558, 0.0016, 0.000050
3582, -16.4545, 0.0026, 0.000050
3583, -18.3182, 0.0017, 0.000050
3584, -18.5455, 0.0014, 0.000050
3585, -18.6818, 0.0008, 0.000050
3586, -17.0455, 0.0008, 0.000050
3587, -18.7907, 0.0008, 0.000050
3588, -18.2727, 0.0013, 0.000050
3589, -14.8409, 0.0009, 0.000050
3590, -14.4773, 0.0010, 0.000050
3591, -16.1591, 0.0008, 0.000050
3592, -18.1136, 0.0008, 0.000050
3593, -14.4545, 0.0007, 0.000050
3594, -17.5227, 0.0010, 0.000050
3595, -17.8182, 0.0008, 0.000050
3596, -16.7727, 0.0008, 0.000050
3597, -17.6818, 0.0008, 0.000050
3598, -18.5682, 0.0022, 0.000050
3599, -17.3182, 0.0013, 0.000050
3600, -17.6136, 0.0007, 0.000050
3601, -15.6136, 0.0033, 0.000050
3602, -18.1818, 0.0025, 0.000050
3603, -15.0227, 0.0026, 0.000050
3604, -17.7500, 0.0024, 0.000050
3605, -22.3864, 0.0010, 0.000050
3606, -27.0476, 0.0009, 0.000050
3607, -20.5000, 0.0012, 0.000050
3608, -15.9286, 0.0044, 0.000050
3609, -16.2727, 0.0006, 0.000050
3610, -17.3636, 0.0009, 0.000050
3611, -16.1364, 0.0007, 0.000050
3612, -18.0455, 0.0034, 0.000050
3613, -10.7273, 0.0008, 0.000050
3614, -15.5455, 0.0007, 0.000050
3615, -13.0227, 0.0008, 0.000050
3616, -18.1136, 0.0020, 0.000050
3617, -22.3810, 0.0064, 0.000050
3618, -14.1364, 0.0008, 0.000050
3619, -20.6136, 0.0010, 0.000050
3620, -17.4091, 0.0006, 0.000050
3621, -20.8636, 0.0016, 0.000050
3622, -20.2500, 0.0012, 0.000050
3623, -14.0227, 0.0008, 0.000050
3624, -17.6136, 0.0019, 0.000050
3625, -16.5682, 0.0007, 0.000050
3626, -16.1591, 0.0010, 0.000050
3627, -15.0698, 0.0011, 0.000050
3628, -14.6364, 0.0011, 0.000050
3629, -15.3409, 0.0064, 0.000050
3630, -20.3636, 0.0007, 0.000050
3631, -18.0227, 0.0008, 0.000050
3632, -17.5227, 0.0120, 0.000050
3633, -13.6591, 0.0010, 0.000050
3634, -16.6818, 0.0020, 0.000050
3635, -16.1591, 0.0007, 0.000050
3636, -14.4419, 0.0007, 0.000050
3637, -23.8182, 0.0009, 0.000050
3638, -15.3182, 0.0009, 0.000050
3639, -17.7045, 0.0110, 0.000050
3640, -12.0465, 0.0006, 0.000050
3641, -17.7727, 0.0006, 0.000050
3642, -16.4318, 0.0053, 0.000050
3643, -17.0000, 0.0007, 0.000050
3644, -17.8182, 0.0010, 0.000050
3645, -16.2381, 0.0007, 0.000050
3646, -15.0909, 0.0007, 0.000050
3647, -15.0682, 0.0007, 0.000050
3648, -17.6047, 0.0008, 0.000050
3649, -18.1818, 0.0007, 0.000050
3650, -16.7045, 0.0024, 0.000050
3651, -14.7500, 0.0006, 0.000050
3652, -17.9545, 0.0106, 0.000050
3653, -14.4773, 0.0012, 0.000050
3654, -16.1591, 0.0007, 0.000050
3655, -18.2955, 0.0007, 0.000050
3656, -14.9545, 0.0008, 0.000050
3657, -18.7955, 0.0020, 0.000050
3658, -13.2045, 0.0008, 0.000050
3659, -14.3864, 0.0039, 0.000050
3660, -19.8409, 0.0008, 0.000050
3661, -13.7500, 0.0009, 0.000050
3662, -15.8636, 0.0028, 0.000050
3663, -21.0233, 0.0014, 0.000050
3664, -21.1591, 0.0007, 0.000050
3665, -17.2273, 0.0007, 0.000050
3666, -15.0909, 0.0008, 0.000050
3667, -18.8636, 0.0034, 0.000050
3668, -16.0455, 0.0014, 0.000050
3669, -20.9545, 0.0008, 0.000050
3670, -17.8864, 0.0013, 0.000050
3671, -15.3864, 0.0009, 0.000050
3672, -12.9091, 0.0010, 0.000050
3673, -15.2727, 0.0008, 0.000050
3674, -19.0909, 0.0008, 0.000050
3675, -16.6047, 0.0008, 0.000050
3676, -15.6977, 0.0007, 0.000050
3677, -20.1591, 0.0024, 0.000050
3678, -17.8182, 0.0012, 0.000050
3679, -18.4091, 0.0012, 0.000050
3680, -16.5455, 0.0117, 0.000050
3681, -22.2045, 0.0012, 0.000050
3682, -16.9545, 0.0007, 0.000050
3683, -19.9773, 0.0018, 0.000050
3684, -18.1136, 0.0009, 0.000050
3685, -20.0714, 0.0006, 0.000050
3686, -15.7955, 0.0008, 0.000050
3687, -16.9773, 0.0022, 0.000050
3688, -17.2045, 0.0041, 0.000050
3689, -18.8636, 0.0008, 0.000050
3690, -14.1818, 0.0008, 0.000050
3691, -14.7273, 0.0009, 0.000050
3692, -16.4773, 0.0058, 0.000050
3693, -21.6136, 0.0007, 0.000050
3694, -17.3256, 0.0007, 0.000050
3695, -17.8182, 0.0009, 0.000050
3696, -14.5455, 0.0024, 0.000050
3697, -24.0909, 0.0011, 0.000050
3698, -14.7209, 0.0007, 0.000050
3699, -17.6136, 0.0022, 0.000050
3700, -17.7955, 0.0019, 0.000050
3701, -14.5682, 0.0011, 0.000050
3702, -19.1591, 0.0007, 0.000050
3703, -19.9091, 0.0012, 0.000050
3704, -16.2955, 0.0016, 0.000050
3705, -15.5682, 0.0008, 0.000050
3706, -17.6136, 0.0017, 0.000050
3707, -21.7045, 0.0008, 0.000050
3708, -14.2727, 0.0009, 0.000050
3709, -20.8864, 0.0028, 0.000050
3710, -19.8409, 0.0010, 0.000050
3711, -23.8864, 0.0013, 0.000050
3712, -18.2273, 0.0020, 0.000050
3713, -16.9773, 0.0008, 0.000050
3714, -16.8864, 0.0008, 0.000050
3715, -15.8182, 0.0010, 0.000050
3716, -18.1136, 0.0046, 0.000050
3717, -18.8636, 0.0010, 0.000050
3718, -17.0000, 0.0010, 0.000050
3719, -14.4091, 0.0009, 0.000050
3720, -16.6364, 0.0066, 0.000050
3721, -17.4545, 0.0007, 0.000050
3722, -17.4091, 0.0009, 0.000050
3723, -14.5455, 0.0064, 0.000050
3724, -14.8605, 0.0008, 0.000050
3725, -17.8864, 0.0012, 0.000050
3726, -20.9767, 0.0018, 0.000050
3727, -13.2955, 0.0009, 0.000050
3728, -13.9091, 0.0009, 0.000050
3729, -15.0227, 0.0061, 0.000050
3730, -21.4773, 0.0007, 0.000050
3731, -18.0909, 0.0008, 0.000050
3732, -18.5227, 0.0020, 0.000050
3733, -20.1364, 0.0008, 0.000050
3734, -17.2955, 0.0007, 0.000050
3735, -18.2955, 0.0012, 0.000050
3736, -15.2955, 0.0012, 0.000050
3737, -17.1364, 0.0007, 0.000050
3738, -15.6818, 0.0009, 0.000050
3739, -13.8636, 0.0013, 0.000050
3740, -21.7727, 0.0018, 0.000050
3741, -19.0682, 0.0015, 0.000050
3742, -15.7955, 0.0010, 0.000050
3743, -17.7727, 0.0018, 0.000050
3744, -19.6429, 0.0029, 0.000050
3745, -13.4318, 0.0006, 0.000050
3746, -16.9773, 0.0124, 0.000050
3747, -14.8182, 0.0006, 0.000050
3748, -18.1591, 0.0111, 0.000050
3749, -14.0000, 0.0009, 0.000050
3750, -15.2045, 0.0008, 0.000050
3751, -15.5116, 0.0007, 0.000050
3752, -17.5000, 0.0007, 0.000050
3753, -20.6136, 0.0008, 0.000050
3754, -10.5455, 0.0010, 0.000050
3755, -16.9545, 0.0008, 0.000050
3756, -17.1591, 0.0017, 0.000050
3757, -14.5455, 0.0007, 0.000050
3758, -20.3182, 0.0009, 0.000050
3759, -20.2045, 0.0016, 0.000050
3760, -18.0909, 0.0006, 0.000050
3761, -17.8864, 0.0008, 0.000050
3762, -19.6136, 0.0008, 0.000050
3763, -16.9545, 0.0013, 0.000050
3764, -20.2500, 0.0011, 0.000050
3765, -17.5455, 0.0020, 0.000050
3766, -15.8182, 0.0009, 0.000050
3767, -16.4091, 0.0008, 0.000050
3768, -13.4091, 0.0007, 0.000050
3769, -15.8182, 0.0008, 0.000050
3770, -16.3409, 0.0006, 0.000050
3771, -18.8864, 0.0011, 0.000050
3772, -20.7500, 0.0024, 0.000050
3773, -17.2500, 0.0011, 0.000050
3774, -16.1364, 0.0012, 0.000050
3775, -17.5909, 0.0019, 0.000050
3776, -17.8409, 0.0032, 0.000050
3777, -20.0455, 0.0010, 0.000050
3778, -19.5000, 0.0016, 0.000050
3779, -19.0465, 0.0014, 0.000050
3780, -18.6818, 0.0009, 0.000050
3781, -16.7727, 0.0010, 0.000050
3782, -19.6136, 0.0031, 0.000050
3783, -17.0000, 0.0006, 0.000050
3784, -20.3182, 0.0013, 0.000050
3785, -19.8409, 0.0024, 0.000050
3786, -16.8182, 0.0008, 0.000050
3787, -17.9318, 0.0011, 0.000050
3788, -18.2273, 0.0066, 0.000050
3789, -16.7045, 0.0008, 0.000050
3790, -20.1818, 0.0011, 0.000050
3791, -18.6364, 0.0017, 0.000050
3792, -20.5909, 0.0122, 0.000050
3793, -18.5682, 0.0012, 0.000050
3794, -14.9318, 0.0057, 0.000050
3795, -16.9767, 0.0008, 0.000050
3796, -21.9773, 0.0010, 0.000050
3797, -18.5682, 0.0013, 0.000050
3798, -16.2727, 0.0020, 0.000050
3799, -17.7045, 0.0020, 0.000050
3800, -14.2955, 0.0007, 0.000050
3801, -16.0455, 0.0007, 0.000050
3802, -19.7273, 0.0010, 0.000050
3803, -15.0227, 0.0012, 0.000050
3804, -17.0682, 0.0008, 0.000050
3805, -24.4048, 0.0010, 0.000050
3806, -17.1591, 0.0022, 0.000050
3807, -17.8636, 0.0007, 0.000050
3808, -20.4091, 0.0018, 0.000050
3809, -18.2045, 0.0010, 0.000050
3810, -16.4545, 0.0008, 0.000050
3811, -19.2727, 0.0016, 0.000050
3812, -19.2045, 0.0009, 0.000050
3813, -21.2500, 0.0008, 0.000050
3814, -16.4773, 0.0012, 0.000050
3815, -22.0000, 0.0012, 0.000050
3816, -22.7273, 0.0008, 0.000050
3817, -17.1136, 0.0008, 0.000050
3818, -20.3636, 0.0046, 0.000050
3819, -21.0682, 0.0008, 0.000050
3820, -17.1818, 0.0019, 0.000050
3821, -18.4318, 0.0008, 0.000050
3822, -19.1818, 0.0015, 0.000050
3823, -12.6744, 0.0010, 0.000050
3824, -15.3409, 0.0009, 0.000050
3825, -19.0227, 0.0010, 0.000050
3826, -17.2045, 0.0021, 0.000050
3827, -15.1136, 0.0007, 0.000050
3828, -17.7045, 0.0017, 0.000050
3829, -18.2273, 0.0008, 0.000050
3830, -15.3636, 0.0008, 0.000050
3831, -17.5000, 0.0009, 0.000050
3832, -17.6818, 0.0129, 0.000050
3833, -17.6818, 0.0008, 0.000050
3834, -16.2093, 0.0010, 0.000050
3835, -16.3095, 0.0010, 0.000050
3836, -16.7045, 0.0008, 0.000050
3837, -15.2500, 0.0009, 0.000050
3838, -17.6744, 0.0120, 0.000050
3839, -19.0682, 0.0007, 0.000050
3840, -18.9773, 0.0016, 0.000050
3841, -18.0227, 0.0009, 0.000050
3842, -17.2727, 0.0007, 0.000050
3843, -19.6136, 0.0007, 0.000050
3844, -18.6818, 0.0007, 0.000050
3845, -19.5682, 0.0007, 0.000050
3846, -19.8864, 0.0010, 0.000050
3847, -15.2727, 0.0007, 0.000050
3848, -15.2500, 0.0011, 0.000050
3849, -19.3409, 0.0013, 0.000050
3850, -22.7209, 0.0025, 0.000050
3851, -14.9773, 0.0009, 0.000050
3852, -21.1364, 0.0013, 0.000050
3853, -18.4545, 0.0123, 0.000050
3854, -15.0714, 0.0009, 0.000050
3855, -18.9091, 0.0010, 0.000050
3856, -19.8182, 0.0009, 0.000050
3857, -16.7500, 0.0008, 0.000050
3858, -16.6591, 0.0007, 0.000050
3859, -16.2955, 0.0015, 0.000050
3860, -20.2273, 0.0013, 0.000050
3861, -17.5909, 0.0009, 0.000050
3862, -19.6364, 0.0021, 0.000050
3863, -14.6136, 0.0008, 0.000050
3864, -15.5909, 0.0007, 0.000050
3865, -14.3636, 0.0007, 0.000050
3866, -19.0000, 0.0015, 0.000050
3867, -14.6279, 0.0009, 0.000050
3868, -18.9070, 0.0034, 0.000050
3869, -14.8636, 0.0006, 0.000050
3870, -16.7045, 0.0007, 0.000050
3871, -17.0682, 0.0010, 0.000050
3872, -11.7500, 0.0007, 0.000050
3873, -20.7209, 0.0007, 0.000050
3874, -15.7727, 0.0062, 0.000050
3875, -20.5116, 0.0009, 0.000050
3876, -16.2955, 0.0021, 0.000050
3877, -17.4773, 0.0025, 0.000050
3878, -17.2045, 0.0010, 0.000050
3879, -19.6136, 0.0042, 0.000050
3880, -20.4091, 0.0022, 0.000050
3881, -12.9318, 0.0008, 0.000050
3882, -16.6591, 0.0008, 0.000050
3883, -18.5000, 0.0020, 0.000050
3884, -15.6591, 0.0007, 0.000050
3885, -21.7727, 0.0018, 0.000050
3886, -15.5000, 0.0008, 0.000050
3887, -18.5909, 0.0010, 0.000050
3888, -15.7727, 0.0008, 0.000050
3889, -18.9773, 0.0011, 0.000050
3890, -19.4773, 0.0041, 0.000050
3891, -19.0682, 0.0008, 0.000050
3892, -14.7273, 0.0008, 0.000050
3893, -16.1591, 0.0011, 0.000050
3894, -17.0682, 0.0011, 0.000050
3895, -18.7500, 0.0009, 0.000050
3896, -17.4545, 0.0027, 0.000050
3897, -16.9286, 0.0011, 0.000050
3898, -20.3488, 0.0013, 0.000050
3899, -14.4545, 0.0019, 0.000050
3900, -20.3409, 0.0009, 0.000050
3901, -21.4318, 0.0009, 0.000050
3902, -19.3182, 0.0012, 0.000050
3903, -17.5227, 0.0025, 0.000050
3904, -17.7727, 0.0122, 0.000050
3905, -21.0909, 0.0012, 0.000050
3906, -13.3864, 0.0010, 0.000050
3907, -16.3182, 0.0007, 0.000050
3908, -18.7500, 0.0007, 0.000050
3909, -17.8409, 0.0034, 0.000050
3910, -17.2045, 0.0007, 0.000050
3911, -19.0227, 0.0116, 0.000050
3912, -15.7955, 0.0007, 0.000050
3913, -18.5455, 0.0011, 0.000050
3914, -19.3953, 0.0039, 0.000050
3915, -19.2955, 0.0023, 0.000050
3916, -19.4773, 0.0006, 0.000050
3917, -20.4318, 0.0014, 0.000050
3918, -15.8409, 0.0008, 0.000050
3919, -16.9070, 0.0012, 0.000050
3920, -18.4773, 0.0016, 0.000050
3921, -17.8864, 0.0009, 0.000050
3922, -18.4545, 0.0061, 0.000050
3923, -18.6977, 0.0014, 0.000050
3924, -15.7727, 0.0056, 0.000050
3925, -16.6364, 0.0038, 0.000050
3926, -20.5000, 0.0055, 0.000050
3927, -18.5682, 0.0009, 0.000050
3928, -16.5909, 0.0028, 0.000050
3929, -16.5349, 0.0007, 0.000050
3930, -18.5909, 0.0018, 0.000050
3931, -18.9318, 0.0010, 0.000050
3932, -14.8409, 0.0008, 0.000050
3933, -15.4773, 0.0006, 0.000050
3934, -16.3409, 0.0007, 0.000050
3935, -18.8409, 0.0013, 0.000050
3936, -16.8864, 0.0010, 0.000050
3937, -16.7500, 0.0007, 0.000050
3938, -19.9545, 0.0013, 0.000050
3939, -19.1860, 0.0029, 0.000050
3940, -20.0682, 0.0021, 0.000050
3941, -17.9318, 0.0008, 0.000050
3942, -18.0930, 0.0028, 0.000050
3943, -16.9318, 0.0039, 0.000050
3944, -17.3864, 0.0008, 0.000050
3945, -16.0455, 0.0009, 0.000050
3946, -16.9773, 0.0007, 0.000050
3947, -16.1591, 0.0008, 0.000050
3948, -17.7955, 0.0009, 0.000050
3949, -17.7727, 0.0113, 0.000050
3950, -15.8409, 0.0010, 0.000050
3951, -19.6818, 0.0014, 0.000050
3952, -16.8182, 0.0010, 0.000050
3953, -17.9773, 0.0007, 0.000050
3954, -20.1591, 0.0008, 0.000050
3955, -17.5814, 0.0041, 0.000050
3956, -19.2045, 0.0009, 0.000050
3957, -15.9535, 0.0008, 0.000050
3958, -14.8182, 0.0008, 0.000050
3959, -17.4318, 0.0007, 0.000050
3960, -21.4762, 0.0010, 0.000050
3961, -20.1818, 0.0013, 0.000050
3962, -15.1818, 0.0008, 0.000050
3963, -18.3571, 0.0008, 0.000050
3964, -17.9545, 0.0012, 0.000050
3965, -16.8409, 0.0007, 0.000050
3966, -18.1364, 0.0008, 0.000050
3967, -17.7727, 0.0016, 0.000050
3968, -19.0000, 0.0007, 0.000050
3969, -17.6818, 0.0007, 0.000050
3970, -23.4048, 0.0013, 0.000050
3971, -18.3864, 0.0032, 0.000050
3972, -18.2273, 0.0009, 0.000050
3973, -16.8636, 0.0011, 0.000050
3974, -18.5909, 0.0008, 0.000050
3975, -13.1818, 0.0009, 0.000050
3976, -23.2791, 0.0010, 0.000050
3977, -18.9318, 0.0013, 0.000050
3978, -19.0455, 0.0008, 0.000050
3979, -18.6047, 0.0008, 0.000050
3980, -18.4545, 0.0130, 0.000050
3981, -18.8864, 0.0008, 0.000050
3982, -17.1364, 0.0031, 0.000050
3983, -16.0682, 0.0007, 0.000050
3984, -18.3636, 0.0016, 0.000050
3985, -16.5000, 0.0007, 0.000050
3986, -14.1591, 0.0007, 0.000050
3987, -12.9091, 0.0011, 0.000050
3988, -16.2727, 0.0008, 0.000050
3989, -19.0909, 0.0062, 0.000050
3990, -18.6818, 0.0012, 0.000050
3991, -20.9318, 0.0015, 0.000050
3992, -20.0476, 0.0008, 0.000050
3993, -19.1364, 0.0008, 0.000050
3994, -14.4091, 0.0010, 0.000050
3995, -17.2727, 0.0011, 0.000050
3996, -13.9091, 0.0009, 0.000050
3997, -22.2273, 0.0008, 0.000050
3998, -17.9773, 0.0008, 0.000050
3999, -17.5909, 0.0008, 0.000050
4000, -16.0455, 0.0009, 0.000050
