episode, reward, loss, lr
1, -25.5455, 0.0009, 0.000050
2, -22.7955, 0.0007, 0.000050
3, -24.4545, 0.0009, 0.000050
4, -25.7045, 0.0009, 0.000050
5, -22.3864, 0.0011, 0.000050
6, -27.0455, 0.0010, 0.000050
7, -27.3864, 0.0008, 0.000050
8, -25.0000, 0.0016, 0.000050
9, -28.2273, 0.0013, 0.000050
10, -17.4318, 0.0009, 0.000050
11, -18.6136, 0.0009, 0.000050
12, -22.4545, 0.0010, 0.000050
13, -22.7500, 0.0026, 0.000050
14, -19.9773, 0.0009, 0.000050
15, -24.9545, 0.0014, 0.000050
16, -24.5227, 0.0035, 0.000050
17, -23.8864, 0.0011, 0.000050
18, -23.5455, 0.0032, 0.000050
19, -19.9318, 0.0077, 0.000050
20, -20.3636, 0.0013, 0.000050
21, -23.3256, 0.0026, 0.000050
22, -23.6512, 0.0031, 0.000050
23, -21.8182, 0.0012, 0.000050
24, -28.7955, 0.0021, 0.000050
25, -27.7045, 0.0031, 0.000050
26, -26.9535, 0.0028, 0.000050
27, -26.4773, 0.0016, 0.000050
28, -23.8636, 0.0033, 0.000050
29, -26.6136, 0.0020, 0.000050
30, -25.2727, 0.0020, 0.000050
31, -21.1591, 0.0176, 0.000050
32, -24.5349, 0.0020, 0.000050
33, -30.6047, 0.0014, 0.000050
34, -24.0455, 0.0039, 0.000050
35, -23.4545, 0.0019, 0.000050
36, -21.2955, 0.0010, 0.000050
37, -25.5227, 0.0020, 0.000050
38, -26.2558, 0.0037, 0.000050
39, -21.8409, 0.0066, 0.000050
40, -25.8182, 0.0014, 0.000050
41, -28.0000, 0.0017, 0.000050
42, -23.8864, 0.0033, 0.000050
43, -25.0682, 0.0018, 0.000050
44, -29.9070, 0.0026, 0.000050
45, -21.6818, 0.0021, 0.000050
46, -26.2791, 0.0020, 0.000050
47, -23.3023, 0.0020, 0.000050
48, -22.7500, 0.0099, 0.000050
49, -28.1818, 0.0023, 0.000050
50, -23.0909, 0.0023, 0.000050
51, -25.2273, 0.0015, 0.000050
52, -24.0909, 0.0020, 0.000050
53, -27.4318, 0.0017, 0.000050
54, -25.2045, 0.0011, 0.000050
55, -18.4773, 0.0011, 0.000050
56, -27.2500, 0.0028, 0.000050
57, -25.5000, 0.0015, 0.000050
58, -23.3182, 0.0011, 0.000050
59, -22.0682, 0.0068, 0.000050
60, -20.9773, 0.0014, 0.000050
61, -23.2273, 0.0011, 0.000050
62, -23.8182, 0.0016, 0.000050
63, -23.0682, 0.0064, 0.000050
64, -26.1136, 0.0014, 0.000050
65, -21.3721, 0.0012, 0.000050
66, -21.6364, 0.0090, 0.000050
67, -22.4091, 0.0142, 0.000050
68, -21.7500, 0.0013, 0.000050
69, -21.7955, 0.0022, 0.000050
70, -24.7955, 0.0020, 0.000050
71, -21.5455, 0.0009, 0.000050
72, -23.5455, 0.0072, 0.000050
73, -23.0455, 0.0016, 0.000050
74, -30.4773, 0.0011, 0.000050
75, -26.9535, 0.0011, 0.000050
76, -27.6818, 0.0010, 0.000050
77, -23.5000, 0.0024, 0.000050
78, -24.9318, 0.0018, 0.000050
79, -25.7045, 0.0019, 0.000050
80, -21.3636, 0.0024, 0.000050
81, -27.6591, 0.0012, 0.000050
82, -24.3636, 0.0159, 0.000050
83, -25.2273, 0.0015, 0.000050
84, -23.0909, 0.0126, 0.000050
85, -24.7727, 0.0021, 0.000050
86, -25.8605, 0.0016, 0.000050
87, -26.8864, 0.0035, 0.000050
88, -25.2955, 0.0022, 0.000050
89, -21.0682, 0.0009, 0.000050
90, -22.3182, 0.0011, 0.000050
91, -20.1818, 0.0132, 0.000050
92, -26.7727, 0.0030, 0.000050
93, -25.9318, 0.0015, 0.000050
94, -20.9318, 0.0022, 0.000050
95, -25.0465, 0.0013, 0.000050
96, -23.9318, 0.0023, 0.000050
97, -21.4318, 0.0019, 0.000050
98, -23.5227, 0.0012, 0.000050
99, -20.6818, 0.0011, 0.000050
100, -26.1136, 0.0013, 0.000050
101, -23.9091, 0.0024, 0.000050
102, -23.1136, 0.0033, 0.000050
103, -23.2500, 0.0060, 0.000050
104, -28.7500, 0.0013, 0.000050
105, -24.9318, 0.0022, 0.000050
106, -25.0000, 0.0039, 0.000050
107, -25.4091, 0.0042, 0.000050
108, -19.9091, 0.0010, 0.000050
109, -24.8409, 0.0027, 0.000050
110, -25.1860, 0.0013, 0.000050
111, -22.0227, 0.0011, 0.000050
112, -24.6364, 0.0016, 0.000050
113, -24.8182, 0.0012, 0.000050
114, -23.7727, 0.0022, 0.000050
115, -23.6364, 0.0031, 0.000050
116, -20.2273, 0.0086, 0.000050
117, -20.7273, 0.0012, 0.000050
118, -18.6364, 0.0074, 0.000050
119, -20.2500, 0.0015, 0.000050
120, -23.3333, 0.0018, 0.000050
121, -18.0465, 0.0029, 0.000050
122, -24.6818, 0.0012, 0.000050
123, -22.5682, 0.0048, 0.000050
124, -21.7209, 0.0017, 0.000050
125, -22.5227, 0.0016, 0.000050
126, -21.9302, 0.0029, 0.000050
127, -28.3409, 0.0011, 0.000050
128, -20.6512, 0.0010, 0.000050
129, -21.4545, 0.0018, 0.000050
130, -21.7955, 0.0011, 0.000050
131, -20.3409, 0.0024, 0.000050
132, -22.6364, 0.0012, 0.000050
133, -25.4773, 0.0026, 0.000050
134, -24.0000, 0.0020, 0.000050
135, -20.6818, 0.0011, 0.000050
136, -23.8864, 0.0026, 0.000050
137, -19.3864, 0.0010, 0.000050
138, -17.6136, 0.0011, 0.000050
139, -20.8140, 0.0033, 0.000050
140, -25.8636, 0.0016, 0.000050
141, -15.8636, 0.0010, 0.000050
142, -19.7955, 0.0083, 0.000050
143, -21.0238, 0.0027, 0.000050
144, -21.8636, 0.0028, 0.000050
145, -17.4318, 0.0010, 0.000050
146, -19.0682, 0.0009, 0.000050
147, -17.2727, 0.0014, 0.000050
148, -23.0233, 0.0017, 0.000050
149, -18.1136, 0.0015, 0.000050
150, -16.9091, 0.0016, 0.000050
151, -19.9091, 0.0013, 0.000050
152, -23.4773, 0.0147, 0.000050
153, -23.3636, 0.0015, 0.000050
154, -19.7500, 0.0031, 0.000050
155, -17.4773, 0.0013, 0.000050
156, -21.1818, 0.0011, 0.000050
157, -20.7500, 0.0014, 0.000050
158, -20.2045, 0.0015, 0.000050
159, -18.8636, 0.0045, 0.000050
160, -19.7500, 0.0014, 0.000050
161, -20.0455, 0.0063, 0.000050
162, -24.9318, 0.0013, 0.000050
163, -26.9545, 0.0012, 0.000050
164, -23.4545, 0.0014, 0.000050
165, -21.4091, 0.0068, 0.000050
166, -22.0682, 0.0010, 0.000050
167, -20.5909, 0.0008, 0.000050
168, -21.4545, 0.0026, 0.000050
169, -22.5909, 0.0015, 0.000050
170, -18.6591, 0.0008, 0.000050
171, -22.0682, 0.0015, 0.000050
172, -22.1591, 0.0011, 0.000050
173, -17.7727, 0.0009, 0.000050
174, -21.0909, 0.0050, 0.000050
175, -21.2273, 0.0031, 0.000050
176, -19.5455, 0.0009, 0.000050
177, -24.6364, 0.0008, 0.000050
178, -19.7955, 0.0074, 0.000050
179, -17.7727, 0.0014, 0.000050
180, -21.0227, 0.0012, 0.000050
181, -23.7500, 0.0019, 0.000050
182, -21.7045, 0.0016, 0.000050
183, -23.4091, 0.0014, 0.000050
184, -19.8409, 0.0051, 0.000050
185, -19.5227, 0.0069, 0.000050
186, -21.4773, 0.0025, 0.000050
187, -24.0000, 0.0014, 0.000050
188, -24.9773, 0.0010, 0.000050
189, -23.2273, 0.0025, 0.000050
190, -17.4048, 0.0010, 0.000050
191, -18.0682, 0.0136, 0.000050
192, -22.6047, 0.0011, 0.000050
193, -18.8636, 0.0035, 0.000050
194, -16.8182, 0.0010, 0.000050
195, -27.1364, 0.0008, 0.000050
196, -22.5714, 0.0013, 0.000050
197, -20.5682, 0.0022, 0.000050
198, -18.1860, 0.0062, 0.000050
199, -17.3182, 0.0040, 0.000050
200, -18.0909, 0.0008, 0.000050
201, -24.8372, 0.0018, 0.000050
202, -23.4651, 0.0024, 0.000050
203, -24.8182, 0.0012, 0.000050
204, -19.7955, 0.0014, 0.000050
205, -22.0682, 0.0021, 0.000050
206, -19.6818, 0.0009, 0.000050
207, -20.9545, 0.0016, 0.000050
208, -20.6591, 0.0009, 0.000050
209, -20.5000, 0.0010, 0.000050
210, -18.9545, 0.0008, 0.000050
211, -19.3409, 0.0135, 0.000050
212, -25.6591, 0.0015, 0.000050
213, -17.8409, 0.0024, 0.000050
214, -22.3409, 0.0017, 0.000050
215, -19.9545, 0.0012, 0.000050
216, -15.9773, 0.0010, 0.000050
217, -16.9545, 0.0008, 0.000050
218, -23.9070, 0.0009, 0.000050
219, -22.9545, 0.0016, 0.000050
220, -20.0000, 0.0044, 0.000050
221, -20.5000, 0.0023, 0.000050
222, -21.6429, 0.0036, 0.000050
223, -21.6190, 0.0019, 0.000050
224, -21.9773, 0.0012, 0.000050
225, -16.3409, 0.0009, 0.000050
226, -19.7619, 0.0075, 0.000050
227, -20.0455, 0.0014, 0.000050
228, -23.5000, 0.0011, 0.000050
229, -16.8636, 0.0008, 0.000050
230, -15.3182, 0.0010, 0.000050
231, -21.5682, 0.0011, 0.000050
232, -21.4773, 0.0015, 0.000050
233, -18.8636, 0.0009, 0.000050
234, -17.6364, 0.0010, 0.000050
235, -20.1364, 0.0009, 0.000050
236, -22.0698, 0.0010, 0.000050
237, -19.3488, 0.0013, 0.000050
238, -19.6591, 0.0023, 0.000050
239, -22.7500, 0.0028, 0.000050
240, -16.0455, 0.0009, 0.000050
241, -20.7273, 0.0024, 0.000050
242, -19.7727, 0.0008, 0.000050
243, -21.6364, 0.0080, 0.000050
244, -24.2045, 0.0011, 0.000050
245, -20.4651, 0.0038, 0.000050
246, -23.5227, 0.0032, 0.000050
247, -22.3409, 0.0017, 0.000050
248, -22.6364, 0.0012, 0.000050
249, -18.4091, 0.0008, 0.000050
250, -23.5476, 0.0015, 0.000050
251, -16.8864, 0.0141, 0.000050
252, -16.7955, 0.0011, 0.000050
253, -18.7273, 0.0008, 0.000050
254, -20.0682, 0.0012, 0.000050
255, -20.0000, 0.0012, 0.000050
256, -21.1136, 0.0013, 0.000050
257, -19.4773, 0.0045, 0.000050
258, -23.1591, 0.0015, 0.000050
259, -18.9773, 0.0121, 0.000050
260, -25.0909, 0.0013, 0.000050
261, -18.6364, 0.0008, 0.000050
262, -18.9773, 0.0019, 0.000050
263, -19.0682, 0.0009, 0.000050
264, -24.2727, 0.0011, 0.000050
265, -18.8182, 0.0009, 0.000050
266, -25.7955, 0.0013, 0.000050
267, -19.9318, 0.0010, 0.000050
268, -19.6818, 0.0009, 0.000050
269, -20.7727, 0.0015, 0.000050
270, -26.5682, 0.0010, 0.000050
271, -17.8837, 0.0050, 0.000050
272, -20.6591, 0.0013, 0.000050
273, -20.8409, 0.0017, 0.000050
274, -17.2500, 0.0037, 0.000050
275, -21.1818, 0.0008, 0.000050
276, -21.9545, 0.0010, 0.000050
277, -19.7955, 0.0008, 0.000050
278, -22.2727, 0.0030, 0.000050
279, -17.0000, 0.0135, 0.000050
280, -16.6136, 0.0012, 0.000050
281, -25.9318, 0.0009, 0.000050
282, -20.1818, 0.0020, 0.000050
283, -22.2955, 0.0026, 0.000050
284, -16.3409, 0.0009, 0.000050
285, -17.8409, 0.0008, 0.000050
286, -18.5682, 0.0009, 0.000050
287, -17.0000, 0.0011, 0.000050
288, -18.9318, 0.0038, 0.000050
289, -24.1818, 0.0013, 0.000050
290, -19.0455, 0.0010, 0.000050
291, -21.1364, 0.0039, 0.000050
292, -19.0682, 0.0011, 0.000050
293, -19.2727, 0.0010, 0.000050
294, -23.1136, 0.0011, 0.000050
295, -19.7727, 0.0138, 0.000050
296, -20.4773, 0.0012, 0.000050
297, -20.1136, 0.0016, 0.000050
298, -24.2955, 0.0009, 0.000050
299, -24.7727, 0.0035, 0.000050
300, -22.1364, 0.0013, 0.000050
301, -22.9318, 0.0011, 0.000050
302, -17.9048, 0.0008, 0.000050
303, -23.6818, 0.0020, 0.000050
304, -18.7955, 0.0009, 0.000050
305, -16.8182, 0.0021, 0.000050
306, -20.8409, 0.0039, 0.000050
307, -20.6818, 0.0011, 0.000050
308, -18.4318, 0.0008, 0.000050
309, -18.0000, 0.0010, 0.000050
310, -20.9286, 0.0137, 0.000050
311, -17.8864, 0.0010, 0.000050
312, -18.4091, 0.0009, 0.000050
313, -17.8636, 0.0022, 0.000050
314, -21.9070, 0.0013, 0.000050
315, -15.4091, 0.0010, 0.000050
316, -25.9091, 0.0009, 0.000050
317, -23.9535, 0.0026, 0.000050
318, -20.2500, 0.0045, 0.000050
319, -17.5909, 0.0009, 0.000050
320, -22.7955, 0.0011, 0.000050
321, -18.8182, 0.0066, 0.000050
322, -23.0909, 0.0011, 0.000050
323, -18.2955, 0.0007, 0.000050
324, -23.8140, 0.0012, 0.000050
325, -21.8409, 0.0018, 0.000050
326, -23.6136, 0.0015, 0.000050
327, -17.7727, 0.0006, 0.000050
328, -19.7273, 0.0023, 0.000050
329, -24.3182, 0.0008, 0.000050
330, -17.9545, 0.0049, 0.000050
331, -17.2273, 0.0007, 0.000050
332, -15.2727, 0.0009, 0.000050
333, -22.3636, 0.0016, 0.000050
334, -17.9318, 0.0010, 0.000050
335, -18.0227, 0.0011, 0.000050
336, -18.3636, 0.0014, 0.000050
337, -25.4318, 0.0010, 0.000050
338, -18.7955, 0.0008, 0.000050
339, -18.3636, 0.0009, 0.000050
340, -18.6136, 0.0009, 0.000050
341, -19.1628, 0.0011, 0.000050
342, -17.7955, 0.0028, 0.000050
343, -15.6136, 0.0009, 0.000050
344, -19.3721, 0.0014, 0.000050
345, -21.6818, 0.0023, 0.000050
346, -23.2045, 0.0026, 0.000050
347, -20.8636, 0.0009, 0.000050
348, -21.3409, 0.0029, 0.000050
349, -19.6136, 0.0074, 0.000050
350, -18.0682, 0.0029, 0.000050
351, -19.9318, 0.0014, 0.000050
352, -18.6818, 0.0009, 0.000050
353, -23.3409, 0.0016, 0.000050
354, -24.7045, 0.0105, 0.000050
355, -21.4545, 0.0015, 0.000050
356, -21.5000, 0.0013, 0.000050
357, -20.6364, 0.0014, 0.000050
358, -25.7955, 0.0009, 0.000050
359, -17.2955, 0.0008, 0.000050
360, -18.0000, 0.0007, 0.000050
361, -17.7500, 0.0009, 0.000050
362, -19.2273, 0.0009, 0.000050
363, -21.1136, 0.0012, 0.000050
364, -18.4419, 0.0009, 0.000050
365, -19.0465, 0.0009, 0.000050
366, -20.7045, 0.0009, 0.000050
367, -18.3182, 0.0025, 0.000050
368, -22.1818, 0.0009, 0.000050
369, -19.8636, 0.0010, 0.000050
370, -18.0227, 0.0010, 0.000050
371, -21.3953, 0.0009, 0.000050
372, -22.5000, 0.0009, 0.000050
373, -20.6818, 0.0013, 0.000050
374, -19.5000, 0.0055, 0.000050
375, -17.3864, 0.0009, 0.000050
376, -22.5814, 0.0015, 0.000050
377, -19.7727, 0.0012, 0.000050
378, -21.9302, 0.0013, 0.000050
379, -21.9318, 0.0017, 0.000050
380, -22.4773, 0.0021, 0.000050
381, -17.2727, 0.0009, 0.000050
382, -21.6818, 0.0011, 0.000050
383, -12.9545, 0.0013, 0.000050
384, -24.8140, 0.0021, 0.000050
385, -18.8409, 0.0009, 0.000050
386, -20.3721, 0.0009, 0.000050
387, -19.6591, 0.0054, 0.000050
388, -19.4318, 0.0139, 0.000050
389, -20.2955, 0.0031, 0.000050
390, -23.1591, 0.0022, 0.000050
391, -22.5227, 0.0011, 0.000050
392, -19.5227, 0.0033, 0.000050
393, -25.2619, 0.0011, 0.000050
394, -17.1818, 0.0008, 0.000050
395, -21.4318, 0.0010, 0.000050
396, -17.1818, 0.0009, 0.000050
397, -23.9091, 0.0010, 0.000050
398, -21.7727, 0.0012, 0.000050
399, -16.6136, 0.0007, 0.000050
400, -19.5909, 0.0069, 0.000050
401, -21.8140, 0.0017, 0.000050
402, -16.1364, 0.0008, 0.000050
403, -19.9535, 0.0026, 0.000050
404, -18.8636, 0.0010, 0.000050
405, -16.9773, 0.0009, 0.000050
406, -16.4318, 0.0008, 0.000050
407, -18.8409, 0.0048, 0.000050
408, -19.5909, 0.0014, 0.000050
409, -16.7500, 0.0008, 0.000050
410, -19.6905, 0.0009, 0.000050
411, -18.7500, 0.0008, 0.000050
412, -25.0909, 0.0022, 0.000050
413, -18.3864, 0.0020, 0.000050
414, -24.7500, 0.0013, 0.000050
415, -22.0909, 0.0014, 0.000050
416, -20.5814, 0.0019, 0.000050
417, -24.6818, 0.0012, 0.000050
418, -26.0455, 0.0012, 0.000050
419, -15.3182, 0.0007, 0.000050
420, -18.1136, 0.0051, 0.000050
421, -19.6667, 0.0009, 0.000050
422, -17.4773, 0.0007, 0.000050
423, -19.2955, 0.0017, 0.000050
424, -18.2500, 0.0008, 0.000050
425, -23.0682, 0.0013, 0.000050
426, -18.0682, 0.0010, 0.000050
427, -19.1136, 0.0051, 0.000050
428, -19.6977, 0.0016, 0.000050
429, -22.5455, 0.0012, 0.000050
430, -15.3182, 0.0011, 0.000050
431, -20.8095, 0.0009, 0.000050
432, -17.5000, 0.0010, 0.000050
433, -17.1136, 0.0018, 0.000050
434, -20.6818, 0.0026, 0.000050
435, -20.2500, 0.0021, 0.000050
436, -18.9091, 0.0009, 0.000050
437, -24.1136, 0.0011, 0.000050
438, -18.5909, 0.0011, 0.000050
439, -18.9773, 0.0022, 0.000050
440, -20.1190, 0.0018, 0.000050
441, -19.5455, 0.0017, 0.000050
442, -21.7381, 0.0043, 0.000050
443, -18.9318, 0.0008, 0.000050
444, -20.6047, 0.0018, 0.000050
445, -20.4773, 0.0024, 0.000050
446, -17.9545, 0.0132, 0.000050
447, -23.6136, 0.0019, 0.000050
448, -21.7500, 0.0010, 0.000050
449, -18.2955, 0.0018, 0.000050
450, -17.6364, 0.0008, 0.000050
451, -21.2045, 0.0008, 0.000050
452, -18.3864, 0.0007, 0.000050
453, -18.4773, 0.0046, 0.000050
454, -19.7955, 0.0028, 0.000050
455, -23.7500, 0.0011, 0.000050
456, -15.0227, 0.0009, 0.000050
457, -18.4091, 0.0009, 0.000050
458, -18.9545, 0.0014, 0.000050
459, -20.1591, 0.0066, 0.000050
460, -16.1860, 0.0009, 0.000050
461, -18.7955, 0.0008, 0.000050
462, -17.5000, 0.0009, 0.000050
463, -15.3864, 0.0009, 0.000050
464, -22.8333, 0.0020, 0.000050
465, -20.5227, 0.0021, 0.000050
466, -22.6136, 0.0017, 0.000050
467, -17.4545, 0.0030, 0.000050
468, -19.8409, 0.0014, 0.000050
469, -22.4091, 0.0014, 0.000050
470, -19.5682, 0.0017, 0.000050
471, -19.5227, 0.0010, 0.000050
472, -18.6136, 0.0010, 0.000050
473, -19.8409, 0.0008, 0.000050
474, -22.1136, 0.0017, 0.000050
475, -18.0227, 0.0008, 0.000050
476, -23.5682, 0.0015, 0.000050
477, -24.3636, 0.0012, 0.000050
478, -20.7955, 0.0028, 0.000050
479, -19.3864, 0.0017, 0.000050
480, -18.5682, 0.0019, 0.000050
481, -25.3182, 0.0014, 0.000050
482, -17.5455, 0.0010, 0.000050
483, -19.7955, 0.0009, 0.000050
484, -24.7500, 0.0024, 0.000050
485, -20.8140, 0.0009, 0.000050
486, -16.0227, 0.0012, 0.000050
487, -18.9545, 0.0009, 0.000050
488, -19.0000, 0.0032, 0.000050
489, -20.7727, 0.0012, 0.000050
490, -19.1591, 0.0010, 0.000050
491, -15.0909, 0.0010, 0.000050
492, -16.1364, 0.0010, 0.000050
493, -17.5000, 0.0010, 0.000050
494, -18.8636, 0.0014, 0.000050
495, -19.7907, 0.0010, 0.000050
496, -20.4318, 0.0009, 0.000050
497, -18.2273, 0.0143, 0.000050
498, -19.5227, 0.0020, 0.000050
499, -15.9318, 0.0015, 0.000050
500, -14.2273, 0.0010, 0.000050
501, -19.5682, 0.0032, 0.000050
502, -18.0682, 0.0059, 0.000050
503, -16.6136, 0.0007, 0.000050
504, -22.9091, 0.0012, 0.000050
505, -17.1364, 0.0010, 0.000050
506, -21.6364, 0.0012, 0.000050
507, -19.0455, 0.0032, 0.000050
508, -21.0682, 0.0063, 0.000050
509, -13.7727, 0.0008, 0.000050
510, -16.8182, 0.0009, 0.000050
511, -18.4091, 0.0007, 0.000050
512, -17.0682, 0.0013, 0.000050
513, -23.0909, 0.0008, 0.000050
514, -21.4091, 0.0032, 0.000050
515, -18.8182, 0.0010, 0.000050
516, -22.7907, 0.0011, 0.000050
517, -17.7955, 0.0021, 0.000050
518, -21.5909, 0.0010, 0.000050
519, -19.0682, 0.0028, 0.000050
520, -16.7727, 0.0009, 0.000050
521, -21.3409, 0.0016, 0.000050
522, -15.7727, 0.0010, 0.000050
523, -20.1136, 0.0011, 0.000050
524, -19.4318, 0.0050, 0.000050
525, -19.5000, 0.0130, 0.000050
526, -17.7955, 0.0019, 0.000050
527, -20.5455, 0.0019, 0.000050
528, -20.0909, 0.0031, 0.000050
529, -19.9318, 0.0016, 0.000050
530, -16.2273, 0.0007, 0.000050
531, -17.0000, 0.0008, 0.000050
532, -14.7500, 0.0008, 0.000050
533, -16.6818, 0.0056, 0.000050
534, -17.5227, 0.0007, 0.000050
535, -18.9091, 0.0009, 0.000050
536, -18.9091, 0.0012, 0.000050
537, -23.4091, 0.0015, 0.000050
538, -22.2273, 0.0029, 0.000050
539, -18.0455, 0.0010, 0.000050
540, -19.5682, 0.0008, 0.000050
541, -21.2727, 0.0026, 0.000050
542, -16.1818, 0.0008, 0.000050
543, -18.7955, 0.0009, 0.000050
544, -18.6136, 0.0007, 0.000050
545, -21.5455, 0.0026, 0.000050
546, -18.4091, 0.0010, 0.000050
547, -21.4651, 0.0038, 0.000050
548, -19.2500, 0.0029, 0.000050
549, -20.4091, 0.0030, 0.000050
550, -18.2273, 0.0010, 0.000050
551, -16.7500, 0.0010, 0.000050
552, -18.3409, 0.0009, 0.000050
553, -17.6364, 0.0010, 0.000050
554, -19.6136, 0.0049, 0.000050
555, -15.9773, 0.0009, 0.000050
556, -18.8372, 0.0066, 0.000050
557, -19.3636, 0.0010, 0.000050
558, -22.7955, 0.0012, 0.000050
559, -20.7381, 0.0122, 0.000050
560, -24.7273, 0.0013, 0.000050
561, -20.3409, 0.0008, 0.000050
562, -15.3182, 0.0010, 0.000050
563, -20.4545, 0.0026, 0.000050
564, -20.1364, 0.0013, 0.000050
565, -16.5000, 0.0009, 0.000050
566, -17.8636, 0.0008, 0.000050
567, -19.4545, 0.0025, 0.000050
568, -21.8864, 0.0014, 0.000050
569, -17.7273, 0.0066, 0.000050
570, -15.5909, 0.0009, 0.000050
571, -18.9318, 0.0115, 0.000050
572, -22.3409, 0.0011, 0.000050
573, -18.8182, 0.0013, 0.000050
574, -22.6364, 0.0015, 0.000050
575, -21.0000, 0.0009, 0.000050
576, -18.2500, 0.0040, 0.000050
577, -19.7955, 0.0019, 0.000050
578, -20.3864, 0.0034, 0.000050
579, -20.3182, 0.0015, 0.000050
580, -18.5909, 0.0031, 0.000050
581, -18.4545, 0.0058, 0.000050
582, -16.8636, 0.0007, 0.000050
583, -17.7045, 0.0007, 0.000050
584, -20.7500, 0.0021, 0.000050
585, -24.2955, 0.0011, 0.000050
586, -14.8409, 0.0008, 0.000050
587, -21.0682, 0.0014, 0.000050
588, -23.3636, 0.0019, 0.000050
589, -19.0227, 0.0119, 0.000050
590, -22.3182, 0.0012, 0.000050
591, -18.0909, 0.0099, 0.000050
592, -20.6818, 0.0012, 0.000050
593, -23.7442, 0.0012, 0.000050
594, -18.5227, 0.0008, 0.000050
595, -18.9091, 0.0027, 0.000050
596, -19.1364, 0.0092, 0.000050
597, -16.2955, 0.0009, 0.000050
598, -17.0455, 0.0007, 0.000050
599, -17.2273, 0.0007, 0.000050
600, -18.1818, 0.0007, 0.000050
601, -19.9318, 0.0008, 0.000050
602, -15.1818, 0.0007, 0.000050
603, -21.0455, 0.0011, 0.000050
604, -18.5682, 0.0019, 0.000050
605, -17.4091, 0.0030, 0.000050
606, -16.8864, 0.0008, 0.000050
607, -20.4186, 0.0009, 0.000050
608, -17.8182, 0.0041, 0.000050
609, -22.5227, 0.0011, 0.000050
610, -24.1136, 0.0011, 0.000050
611, -21.8409, 0.0014, 0.000050
612, -19.3571, 0.0008, 0.000050
613, -16.9318, 0.0007, 0.000050
614, -18.5909, 0.0008, 0.000050
615, -19.0000, 0.0034, 0.000050
616, -23.5455, 0.0016, 0.000050
617, -23.5682, 0.0014, 0.000050
618, -21.9318, 0.0011, 0.000050
619, -19.8636, 0.0010, 0.000050
620, -16.9545, 0.0010, 0.000050
621, -18.5227, 0.0012, 0.000050
622, -14.6136, 0.0010, 0.000050
623, -18.1136, 0.0010, 0.000050
624, -20.9048, 0.0009, 0.000050
625, -25.5455, 0.0014, 0.000050
626, -16.8864, 0.0008, 0.000050
627, -17.9091, 0.0075, 0.000050
628, -19.6818, 0.0014, 0.000050
629, -17.5682, 0.0016, 0.000050
630, -17.6818, 0.0008, 0.000050
631, -20.0714, 0.0008, 0.000050
632, -21.6136, 0.0015, 0.000050
633, -16.4545, 0.0008, 0.000050
634, -20.8140, 0.0012, 0.000050
635, -27.2273, 0.0010, 0.000050
636, -18.4318, 0.0053, 0.000050
637, -16.9318, 0.0036, 0.000050
638, -22.0682, 0.0127, 0.000050
639, -18.3864, 0.0055, 0.000050
640, -18.8636, 0.0019, 0.000050
641, -24.1136, 0.0021, 0.000050
642, -18.0682, 0.0008, 0.000050
643, -19.0455, 0.0007, 0.000050
644, -22.7727, 0.0014, 0.000050
645, -17.8409, 0.0113, 0.000050
646, -17.9318, 0.0090, 0.000050
647, -21.8095, 0.0010, 0.000050
648, -22.0455, 0.0013, 0.000050
649, -27.6818, 0.0008, 0.000050
650, -17.1818, 0.0007, 0.000050
651, -18.9773, 0.0013, 0.000050
652, -23.7273, 0.0012, 0.000050
653, -19.6364, 0.0015, 0.000050
654, -22.0000, 0.0023, 0.000050
655, -23.6591, 0.0009, 0.000050
656, -22.8333, 0.0012, 0.000050
657, -21.1818, 0.0007, 0.000050
658, -23.0909, 0.0016, 0.000050
659, -22.3182, 0.0011, 0.000050
660, -21.3409, 0.0018, 0.000050
661, -16.9091, 0.0008, 0.000050
662, -16.6136, 0.0008, 0.000050
663, -16.6818, 0.0067, 0.000050
664, -21.9091, 0.0012, 0.000050
665, -21.3182, 0.0010, 0.000050
666, -17.1364, 0.0061, 0.000050
667, -18.3864, 0.0008, 0.000050
668, -25.7209, 0.0019, 0.000050
669, -16.7955, 0.0007, 0.000050
670, -17.2955, 0.0042, 0.000050
671, -21.1591, 0.0034, 0.000050
672, -20.0000, 0.0008, 0.000050
673, -18.1395, 0.0008, 0.000050
674, -19.0000, 0.0009, 0.000050
675, -17.4318, 0.0063, 0.000050
676, -19.4545, 0.0032, 0.000050
677, -21.5909, 0.0010, 0.000050
678, -20.6818, 0.0010, 0.000050
679, -16.8636, 0.0033, 0.000050
680, -18.7209, 0.0023, 0.000050
681, -19.9545, 0.0027, 0.000050
682, -17.2273, 0.0058, 0.000050
683, -23.1628, 0.0015, 0.000050
684, -26.2500, 0.0007, 0.000050
685, -19.8182, 0.0011, 0.000050
686, -19.5000, 0.0012, 0.000050
687, -21.5455, 0.0034, 0.000050
688, -18.0682, 0.0009, 0.000050
689, -17.7500, 0.0008, 0.000050
690, -16.8864, 0.0010, 0.000050
691, -21.7045, 0.0013, 0.000050
692, -22.7500, 0.0011, 0.000050
693, -22.2791, 0.0026, 0.000050
694, -23.2727, 0.0010, 0.000050
695, -24.2955, 0.0009, 0.000050
696, -20.7955, 0.0009, 0.000050
697, -20.6364, 0.0051, 0.000050
698, -14.3636, 0.0008, 0.000050
699, -19.8810, 0.0008, 0.000050
700, -22.3182, 0.0019, 0.000050
701, -19.3256, 0.0009, 0.000050
702, -24.8636, 0.0010, 0.000050
703, -22.4318, 0.0018, 0.000050
704, -21.7727, 0.0017, 0.000050
705, -15.2727, 0.0010, 0.000050
706, -18.7955, 0.0139, 0.000050
707, -21.2500, 0.0063, 0.000050
708, -17.0455, 0.0009, 0.000050
709, -16.9545, 0.0008, 0.000050
710, -21.2273, 0.0019, 0.000050
711, -21.2273, 0.0021, 0.000050
712, -19.3182, 0.0032, 0.000050
713, -15.8636, 0.0008, 0.000050
714, -19.5227, 0.0025, 0.000050
715, -16.1429, 0.0007, 0.000050
716, -20.8864, 0.0028, 0.000050
717, -19.4773, 0.0019, 0.000050
718, -15.5909, 0.0009, 0.000050
719, -17.1591, 0.0010, 0.000050
720, -17.7727, 0.0007, 0.000050
721, -18.1818, 0.0009, 0.000050
722, -15.9318, 0.0009, 0.000050
723, -18.4318, 0.0008, 0.000050
724, -17.9091, 0.0128, 0.000050
725, -15.6136, 0.0009, 0.000050
726, -16.2955, 0.0018, 0.000050
727, -17.5682, 0.0007, 0.000050
728, -17.8409, 0.0030, 0.000050
729, -20.2045, 0.0007, 0.000050
730, -19.0227, 0.0016, 0.000050
731, -18.5000, 0.0008, 0.000050
732, -23.1591, 0.0018, 0.000050
733, -20.5227, 0.0012, 0.000050
734, -25.6591, 0.0009, 0.000050
735, -23.6429, 0.0009, 0.000050
736, -21.1364, 0.0009, 0.000050
737, -19.2500, 0.0015, 0.000050
738, -26.3409, 0.0010, 0.000050
739, -21.0227, 0.0018, 0.000050
740, -17.3409, 0.0008, 0.000050
741, -17.0682, 0.0048, 0.000050
742, -17.7500, 0.0024, 0.000050
743, -25.7727, 0.0014, 0.000050
744, -17.5455, 0.0012, 0.000050
745, -20.8182, 0.0027, 0.000050
746, -17.0000, 0.0130, 0.000050
747, -19.5682, 0.0023, 0.000050
748, -18.7727, 0.0008, 0.000050
749, -15.7727, 0.0007, 0.000050
750, -25.9318, 0.0015, 0.000050
751, -19.0682, 0.0010, 0.000050
752, -26.0909, 0.0009, 0.000050
753, -21.9773, 0.0018, 0.000050
754, -17.1591, 0.0028, 0.000050
755, -20.5000, 0.0011, 0.000050
756, -18.2955, 0.0008, 0.000050
757, -21.0455, 0.0011, 0.000050
758, -23.9773, 0.0011, 0.000050
759, -19.7500, 0.0123, 0.000050
760, -23.3409, 0.0010, 0.000050
761, -24.1818, 0.0017, 0.000050
762, -21.3864, 0.0043, 0.000050
763, -22.0909, 0.0015, 0.000050
764, -20.1818, 0.0114, 0.000050
765, -19.9318, 0.0010, 0.000050
766, -24.6364, 0.0010, 0.000050
767, -20.1628, 0.0008, 0.000050
768, -17.2500, 0.0008, 0.000050
769, -19.6818, 0.0018, 0.000050
770, -23.1818, 0.0012, 0.000050
771, -20.3636, 0.0040, 0.000050
772, -24.6364, 0.0012, 0.000050
773, -19.6279, 0.0019, 0.000050
774, -16.8864, 0.0058, 0.000050
775, -21.2273, 0.0012, 0.000050
776, -22.2273, 0.0011, 0.000050
777, -23.0000, 0.0012, 0.000050
778, -20.3864, 0.0114, 0.000050
779, -19.4773, 0.0016, 0.000050
780, -18.8182, 0.0020, 0.000050
781, -20.5227, 0.0008, 0.000050
782, -20.0455, 0.0028, 0.000050
783, -21.4048, 0.0024, 0.000050
784, -21.5238, 0.0103, 0.000050
785, -20.7273, 0.0010, 0.000050
786, -20.0000, 0.0025, 0.000050
787, -19.0455, 0.0091, 0.000050
788, -20.3409, 0.0011, 0.000050
789, -19.9302, 0.0008, 0.000050
790, -25.7442, 0.0008, 0.000050
791, -19.6818, 0.0008, 0.000050
792, -18.6364, 0.0019, 0.000050
793, -21.0227, 0.0009, 0.000050
794, -15.3182, 0.0009, 0.000050
795, -22.6136, 0.0011, 0.000050
796, -17.9773, 0.0007, 0.000050
797, -18.0909, 0.0008, 0.000050
798, -17.3636, 0.0011, 0.000050
799, -21.1818, 0.0009, 0.000050
800, -22.1136, 0.0009, 0.000050
801, -22.8409, 0.0013, 0.000050
802, -16.6591, 0.0010, 0.000050
803, -21.4651, 0.0046, 0.000050
804, -16.0000, 0.0009, 0.000050
805, -16.2727, 0.0008, 0.000050
806, -17.6818, 0.0011, 0.000050
807, -24.1591, 0.0010, 0.000050
808, -20.7727, 0.0040, 0.000050
809, -20.6136, 0.0127, 0.000050
810, -18.1136, 0.0010, 0.000050
811, -22.2727, 0.0110, 0.000050
812, -18.5909, 0.0011, 0.000050
813, -22.8864, 0.0009, 0.000050
814, -20.6364, 0.0017, 0.000050
815, -23.4773, 0.0012, 0.000050
816, -23.7955, 0.0010, 0.000050
817, -17.4773, 0.0009, 0.000050
818, -23.2045, 0.0012, 0.000050
819, -16.6364, 0.0009, 0.000050
820, -21.3864, 0.0010, 0.000050
821, -22.9545, 0.0010, 0.000050
822, -20.0909, 0.0120, 0.000050
823, -24.9767, 0.0011, 0.000050
824, -18.2727, 0.0011, 0.000050
825, -16.1818, 0.0056, 0.000050
826, -20.0682, 0.0054, 0.000050
827, -20.7273, 0.0052, 0.000050
828, -19.0698, 0.0009, 0.000050
829, -20.3182, 0.0013, 0.000050
830, -16.3636, 0.0035, 0.000050
831, -20.1591, 0.0017, 0.000050
832, -25.8409, 0.0011, 0.000050
833, -21.4773, 0.0012, 0.000050
834, -22.2500, 0.0010, 0.000050
835, -18.8864, 0.0038, 0.000050
836, -21.8864, 0.0055, 0.000050
837, -17.5000, 0.0020, 0.000050
838, -17.0000, 0.0022, 0.000050
839, -21.2727, 0.0011, 0.000050
840, -23.0909, 0.0011, 0.000050
841, -19.1364, 0.0021, 0.000050
842, -18.6591, 0.0027, 0.000050
843, -22.3023, 0.0012, 0.000050
844, -18.7727, 0.0029, 0.000050
845, -17.9091, 0.0007, 0.000050
846, -18.6136, 0.0009, 0.000050
847, -22.3023, 0.0019, 0.000050
848, -18.5909, 0.0022, 0.000050
849, -19.6591, 0.0023, 0.000050
850, -21.1591, 0.0070, 0.000050
851, -24.0227, 0.0010, 0.000050
852, -17.7500, 0.0019, 0.000050
853, -20.2955, 0.0015, 0.000050
854, -15.1591, 0.0008, 0.000050
855, -22.3636, 0.0008, 0.000050
856, -19.8409, 0.0064, 0.000050
857, -22.8636, 0.0011, 0.000050
858, -18.8636, 0.0117, 0.000050
859, -18.6818, 0.0011, 0.000050
860, -23.4773, 0.0015, 0.000050
861, -17.2045, 0.0009, 0.000050
862, -24.9091, 0.0020, 0.000050
863, -17.5000, 0.0109, 0.000050
864, -23.5000, 0.0015, 0.000050
865, -22.5227, 0.0022, 0.000050
866, -18.9091, 0.0023, 0.000050
867, -18.1818, 0.0021, 0.000050
868, -23.8409, 0.0012, 0.000050
869, -21.0227, 0.0017, 0.000050
870, -18.5909, 0.0008, 0.000050
871, -24.5000, 0.0012, 0.000050
872, -21.5455, 0.0014, 0.000050
873, -15.5227, 0.0010, 0.000050
874, -21.7045, 0.0014, 0.000050
875, -21.1818, 0.0035, 0.000050
876, -22.4773, 0.0013, 0.000050
877, -20.9286, 0.0011, 0.000050
878, -17.0455, 0.0008, 0.000050
879, -23.1818, 0.0019, 0.000050
880, -16.8636, 0.0012, 0.000050
881, -21.3171, 0.0132, 0.000050
882, -19.0909, 0.0023, 0.000050
883, -17.6818, 0.0008, 0.000050
884, -19.3636, 0.0040, 0.000050
885, -22.1364, 0.0011, 0.000050
886, -20.4091, 0.0009, 0.000050
887, -19.4545, 0.0012, 0.000050
888, -18.8864, 0.0008, 0.000050
889, -20.3333, 0.0019, 0.000050
890, -19.0455, 0.0015, 0.000050
891, -22.9773, 0.0018, 0.000050
892, -21.9091, 0.0016, 0.000050
893, -15.3864, 0.0008, 0.000050
894, -15.2273, 0.0011, 0.000050
895, -22.5227, 0.0012, 0.000050
896, -25.4318, 0.0016, 0.000050
897, -19.4318, 0.0011, 0.000050
898, -21.3636, 0.0014, 0.000050
899, -24.3409, 0.0015, 0.000050
900, -22.3182, 0.0018, 0.000050
901, -19.6591, 0.0016, 0.000050
902, -19.8864, 0.0022, 0.000050
903, -17.1591, 0.0008, 0.000050
904, -18.6364, 0.0049, 0.000050
905, -22.2791, 0.0013, 0.000050
906, -19.8864, 0.0031, 0.000050
907, -18.7500, 0.0010, 0.000050
908, -19.7727, 0.0014, 0.000050
909, -21.0909, 0.0020, 0.000050
910, -18.7727, 0.0140, 0.000050
911, -20.5909, 0.0020, 0.000050
912, -18.6190, 0.0009, 0.000050
913, -15.5682, 0.0009, 0.000050
914, -18.8864, 0.0008, 0.000050
915, -23.8372, 0.0016, 0.000050
916, -18.8864, 0.0010, 0.000050
917, -14.5227, 0.0009, 0.000050
918, -18.6818, 0.0009, 0.000050
919, -25.2500, 0.0010, 0.000050
920, -20.4773, 0.0050, 0.000050
921, -16.0682, 0.0010, 0.000050
922, -26.5476, 0.0011, 0.000050
923, -21.2045, 0.0014, 0.000050
924, -20.0909, 0.0018, 0.000050
925, -19.7955, 0.0008, 0.000050
926, -14.5682, 0.0012, 0.000050
927, -22.5682, 0.0010, 0.000050
928, -16.0465, 0.0010, 0.000050
929, -18.8409, 0.0076, 0.000050
930, -24.8837, 0.0039, 0.000050
931, -19.0682, 0.0014, 0.000050
932, -23.4419, 0.0012, 0.000050
933, -19.9773, 0.0016, 0.000050
934, -21.0000, 0.0031, 0.000050
935, -16.0682, 0.0007, 0.000050
936, -21.5227, 0.0013, 0.000050
937, -18.0227, 0.0010, 0.000050
938, -18.3636, 0.0010, 0.000050
939, -24.5581, 0.0019, 0.000050
940, -21.6591, 0.0014, 0.000050
941, -22.4545, 0.0018, 0.000050
942, -16.7727, 0.0009, 0.000050
943, -20.7442, 0.0014, 0.000050
944, -23.9091, 0.0010, 0.000050
945, -17.5455, 0.0009, 0.000050
946, -21.1818, 0.0016, 0.000050
947, -17.0000, 0.0011, 0.000050
948, -21.2500, 0.0012, 0.000050
949, -18.0000, 0.0009, 0.000050
950, -30.7273, 0.0017, 0.000050
951, -20.8409, 0.0024, 0.000050
952, -19.5682, 0.0028, 0.000050
953, -15.3182, 0.0010, 0.000050
954, -23.1364, 0.0013, 0.000050
955, -25.6364, 0.0010, 0.000050
956, -14.6744, 0.0010, 0.000050
957, -15.9545, 0.0007, 0.000050
958, -19.9773, 0.0012, 0.000050
959, -19.6818, 0.0024, 0.000050
960, -15.4773, 0.0009, 0.000050
961, -18.8182, 0.0008, 0.000050
962, -19.0698, 0.0074, 0.000050
963, -18.3864, 0.0008, 0.000050
964, -21.1364, 0.0019, 0.000050
965, -16.2955, 0.0010, 0.000050
966, -17.8409, 0.0008, 0.000050
967, -21.6136, 0.0013, 0.000050
968, -19.6591, 0.0073, 0.000050
969, -20.2500, 0.0011, 0.000050
970, -23.1591, 0.0015, 0.000050
971, -18.4545, 0.0068, 0.000050
972, -18.2727, 0.0019, 0.000050
973, -15.7955, 0.0009, 0.000050
974, -21.8182, 0.0045, 0.000050
975, -20.7727, 0.0012, 0.000050
976, -18.1818, 0.0008, 0.000050
977, -21.0000, 0.0013, 0.000050
978, -17.2727, 0.0009, 0.000050
979, -24.4773, 0.0020, 0.000050
980, -18.6364, 0.0022, 0.000050
981, -12.9318, 0.0008, 0.000050
982, -18.6591, 0.0008, 0.000050
983, -17.8140, 0.0010, 0.000050
984, -15.6136, 0.0028, 0.000050
985, -20.3409, 0.0062, 0.000050
986, -20.7727, 0.0059, 0.000050
987, -18.7955, 0.0008, 0.000050
988, -18.4773, 0.0053, 0.000050
989, -17.4091, 0.0007, 0.000050
990, -18.5000, 0.0021, 0.000050
991, -23.1364, 0.0014, 0.000050
992, -16.5581, 0.0108, 0.000050
993, -16.8409, 0.0009, 0.000050
994, -22.2273, 0.0019, 0.000050
995, -24.1818, 0.0009, 0.000050
996, -19.7727, 0.0037, 0.000050
997, -17.5000, 0.0008, 0.000050
998, -26.8636, 0.0008, 0.000050
999, -15.1860, 0.0009, 0.000050
1000, -24.3409, 0.0060, 0.000050
1001, -21.3864, 0.0008, 0.000050
1002, -18.2500, 0.0039, 0.000050
1003, -21.6591, 0.0013, 0.000050
1004, -24.2727, 0.0010, 0.000050
1005, -27.0000, 0.0009, 0.000050
1006, -20.8372, 0.0065, 0.000050
1007, -18.1591, 0.0027, 0.000050
1008, -19.2381, 0.0018, 0.000050
1009, -14.0909, 0.0009, 0.000050
1010, -17.5909, 0.0027, 0.000050
1011, -22.2045, 0.0013, 0.000050
1012, -21.8864, 0.0018, 0.000050
1013, -18.6818, 0.0043, 0.000050
1014, -16.7500, 0.0009, 0.000050
1015, -17.0000, 0.0010, 0.000050
1016, -18.3636, 0.0008, 0.000050
1017, -19.0227, 0.0034, 0.000050
1018, -22.2273, 0.0028, 0.000050
1019, -21.3409, 0.0019, 0.000050
1020, -24.4318, 0.0015, 0.000050
1021, -14.5682, 0.0010, 0.000050
1022, -22.5000, 0.0011, 0.000050
1023, -25.2791, 0.0014, 0.000050
1024, -23.1136, 0.0013, 0.000050
1025, -20.8182, 0.0025, 0.000050
1026, -20.7045, 0.0007, 0.000050
1027, -18.5909, 0.0028, 0.000050
1028, -21.7727, 0.0040, 0.000050
1029, -20.7273, 0.0011, 0.000050
1030, -19.2500, 0.0017, 0.000050
1031, -18.9545, 0.0132, 0.000050
1032, -20.2273, 0.0016, 0.000050
1033, -24.2619, 0.0012, 0.000050
1034, -15.1591, 0.0007, 0.000050
1035, -18.7143, 0.0009, 0.000050
1036, -17.6512, 0.0008, 0.000050
1037, -17.8636, 0.0023, 0.000050
1038, -18.3636, 0.0024, 0.000050
1039, -16.7727, 0.0021, 0.000050
1040, -19.3636, 0.0013, 0.000050
1041, -22.0000, 0.0015, 0.000050
1042, -19.4091, 0.0033, 0.000050
1043, -18.1136, 0.0009, 0.000050
1044, -17.1818, 0.0013, 0.000050
1045, -16.3636, 0.0008, 0.000050
1046, -17.7727, 0.0009, 0.000050
1047, -20.7500, 0.0008, 0.000050
1048, -18.3409, 0.0019, 0.000050
1049, -20.9545, 0.0012, 0.000050
1050, -17.7727, 0.0009, 0.000050
1051, -16.9318, 0.0046, 0.000050
1052, -16.9545, 0.0012, 0.000050
1053, -21.7045, 0.0015, 0.000050
1054, -21.0682, 0.0012, 0.000050
1055, -16.4545, 0.0008, 0.000050
1056, -23.0682, 0.0011, 0.000050
1057, -21.1818, 0.0069, 0.000050
1058, -16.1364, 0.0008, 0.000050
1059, -23.4773, 0.0014, 0.000050
1060, -19.0682, 0.0011, 0.000050
1061, -17.8636, 0.0027, 0.000050
1062, -19.2045, 0.0014, 0.000050
1063, -18.4545, 0.0008, 0.000050
1064, -22.0455, 0.0022, 0.000050
1065, -20.5682, 0.0013, 0.000050
1066, -24.5455, 0.0013, 0.000050
1067, -24.9286, 0.0017, 0.000050
1068, -24.9302, 0.0012, 0.000050
1069, -15.7045, 0.0008, 0.000050
1070, -23.3864, 0.0013, 0.000050
1071, -22.3864, 0.0012, 0.000050
1072, -16.9773, 0.0010, 0.000050
1073, -23.7500, 0.0014, 0.000050
1074, -24.1818, 0.0017, 0.000050
1075, -22.9091, 0.0011, 0.000050
1076, -18.7727, 0.0014, 0.000050
1077, -28.0714, 0.0011, 0.000050
1078, -19.0227, 0.0024, 0.000050
1079, -19.9091, 0.0015, 0.000050
1080, -17.3409, 0.0010, 0.000050
1081, -23.6591, 0.0014, 0.000050
1082, -21.8409, 0.0010, 0.000050
1083, -18.0682, 0.0022, 0.000050
1084, -16.6818, 0.0009, 0.000050
1085, -16.1364, 0.0009, 0.000050
1086, -18.8409, 0.0011, 0.000050
1087, -19.4318, 0.0012, 0.000050
1088, -17.1818, 0.0009, 0.000050
1089, -21.0909, 0.0018, 0.000050
1090, -20.0000, 0.0075, 0.000050
1091, -17.4318, 0.0020, 0.000050
1092, -21.3409, 0.0010, 0.000050
1093, -19.6364, 0.0048, 0.000050
1094, -14.7727, 0.0008, 0.000050
1095, -21.7955, 0.0009, 0.000050
1096, -21.9091, 0.0010, 0.000050
1097, -19.9091, 0.0068, 0.000050
1098, -16.7209, 0.0010, 0.000050
1099, -17.0455, 0.0010, 0.000050
1100, -18.2273, 0.0008, 0.000050
1101, -19.2045, 0.0024, 0.000050
1102, -24.5000, 0.0010, 0.000050
1103, -23.2273, 0.0017, 0.000050
1104, -24.6047, 0.0021, 0.000050
1105, -18.4091, 0.0047, 0.000050
1106, -22.9545, 0.0009, 0.000050
1107, -21.4773, 0.0037, 0.000050
1108, -14.7045, 0.0009, 0.000050
1109, -15.9091, 0.0009, 0.000050
1110, -18.5682, 0.0016, 0.000050
1111, -18.9545, 0.0010, 0.000050
1112, -20.1591, 0.0036, 0.000050
1113, -20.4318, 0.0020, 0.000050
1114, -20.3182, 0.0019, 0.000050
1115, -14.7727, 0.0008, 0.000050
1116, -18.1591, 0.0011, 0.000050
1117, -20.4545, 0.0009, 0.000050
1118, -23.7273, 0.0052, 0.000050
1119, -19.5227, 0.0032, 0.000050
1120, -15.8182, 0.0009, 0.000050
1121, -22.1628, 0.0024, 0.000050
1122, -24.9318, 0.0012, 0.000050
1123, -19.8636, 0.0020, 0.000050
1124, -15.8409, 0.0008, 0.000050
1125, -20.4318, 0.0037, 0.000050
1126, -19.1364, 0.0020, 0.000050
1127, -23.2955, 0.0018, 0.000050
1128, -18.2727, 0.0019, 0.000050
1129, -18.8372, 0.0016, 0.000050
1130, -18.5455, 0.0131, 0.000050
1131, -16.2955, 0.0009, 0.000050
1132, -17.2273, 0.0007, 0.000050
1133, -23.2045, 0.0019, 0.000050
1134, -23.2955, 0.0014, 0.000050
1135, -17.7045, 0.0012, 0.000050
1136, -16.9318, 0.0008, 0.000050
1137, -17.0455, 0.0034, 0.000050
1138, -21.2273, 0.0034, 0.000050
1139, -16.0227, 0.0033, 0.000050
1140, -16.9318, 0.0013, 0.000050
1141, -19.6364, 0.0013, 0.000050
1142, -18.9091, 0.0011, 0.000050
1143, -22.7500, 0.0015, 0.000050
1144, -17.8636, 0.0007, 0.000050
1145, -15.9318, 0.0011, 0.000050
1146, -19.7045, 0.0035, 0.000050
1147, -19.2045, 0.0021, 0.000050
1148, -21.6136, 0.0012, 0.000050
1149, -17.8409, 0.0034, 0.000050
1150, -18.3636, 0.0009, 0.000050
1151, -17.2045, 0.0063, 0.000050
1152, -14.8409, 0.0008, 0.000050
1153, -20.4773, 0.0013, 0.000050
1154, -19.0000, 0.0008, 0.000050
1155, -17.9773, 0.0060, 0.000050
1156, -15.7500, 0.0008, 0.000050
1157, -20.8605, 0.0014, 0.000050
1158, -20.2045, 0.0016, 0.000050
1159, -18.3721, 0.0017, 0.000050
1160, -22.8636, 0.0016, 0.000050
1161, -19.3864, 0.0008, 0.000050
1162, -18.4524, 0.0009, 0.000050
1163, -20.8636, 0.0016, 0.000050
1164, -22.7955, 0.0011, 0.000050
1165, -20.6364, 0.0013, 0.000050
1166, -17.8182, 0.0007, 0.000050
1167, -22.5227, 0.0014, 0.000050
1168, -17.6744, 0.0009, 0.000050
1169, -26.5227, 0.0008, 0.000050
1170, -24.1364, 0.0010, 0.000050
1171, -22.9535, 0.0019, 0.000050
1172, -14.9773, 0.0013, 0.000050
1173, -18.1364, 0.0143, 0.000050
1174, -17.8864, 0.0010, 0.000050
1175, -22.5682, 0.0009, 0.000050
1176, -18.4773, 0.0008, 0.000050
1177, -18.3864, 0.0016, 0.000050
1178, -18.5000, 0.0017, 0.000050
1179, -20.3636, 0.0013, 0.000050
1180, -19.0227, 0.0009, 0.000050
1181, -19.8636, 0.0026, 0.000050
1182, -20.4545, 0.0015, 0.000050
1183, -22.0227, 0.0014, 0.000050
1184, -21.4545, 0.0010, 0.000050
1185, -20.0227, 0.0008, 0.000050
1186, -21.2045, 0.0013, 0.000050
1187, -22.4318, 0.0013, 0.000050
1188, -25.2619, 0.0012, 0.000050
1189, -21.3409, 0.0009, 0.000050
1190, -15.0227, 0.0075, 0.000050
1191, -19.6591, 0.0031, 0.000050
1192, -23.8409, 0.0015, 0.000050
1193, -16.2045, 0.0010, 0.000050
1194, -23.9545, 0.0009, 0.000050
1195, -18.2500, 0.0008, 0.000050
1196, -16.8864, 0.0012, 0.000050
1197, -15.3636, 0.0009, 0.000050
1198, -17.6364, 0.0026, 0.000050
1199, -23.8140, 0.0012, 0.000050
1200, -22.4884, 0.0019, 0.000050
1201, -15.4318, 0.0069, 0.000050
1202, -18.4091, 0.0010, 0.000050
1203, -23.3864, 0.0012, 0.000050
1204, -20.8182, 0.0018, 0.000050
1205, -20.5227, 0.0013, 0.000050
1206, -15.5000, 0.0008, 0.000050
1207, -17.5227, 0.0128, 0.000050
1208, -18.5909, 0.0031, 0.000050
1209, -16.5682, 0.0007, 0.000050
1210, -18.4186, 0.0016, 0.000050
1211, -15.0000, 0.0007, 0.000050
1212, -20.2045, 0.0018, 0.000050
1213, -23.6136, 0.0008, 0.000050
1214, -16.3409, 0.0007, 0.000050
1215, -15.7045, 0.0112, 0.000050
1216, -27.0682, 0.0010, 0.000050
1217, -14.1818, 0.0009, 0.000050
1218, -19.2791, 0.0037, 0.000050
1219, -16.4091, 0.0008, 0.000050
1220, -14.6364, 0.0009, 0.000050
1221, -15.7273, 0.0011, 0.000050
1222, -23.7727, 0.0019, 0.000050
1223, -19.0682, 0.0039, 0.000050
1224, -17.3636, 0.0009, 0.000050
1225, -20.0233, 0.0008, 0.000050
1226, -19.4773, 0.0007, 0.000050
1227, -18.2727, 0.0112, 0.000050
1228, -19.9302, 0.0052, 0.000050
1229, -21.1364, 0.0011, 0.000050
1230, -15.6977, 0.0007, 0.000050
1231, -17.3864, 0.0008, 0.000050
1232, -23.0909, 0.0008, 0.000050
1233, -21.9773, 0.0015, 0.000050
1234, -16.8864, 0.0055, 0.000050
1235, -17.0000, 0.0052, 0.000050
1236, -19.7045, 0.0012, 0.000050
1237, -23.5682, 0.0006, 0.000050
1238, -21.7955, 0.0008, 0.000050
1239, -20.3409, 0.0032, 0.000050
1240, -24.9545, 0.0011, 0.000050
1241, -17.2273, 0.0031, 0.000050
1242, -22.4091, 0.0010, 0.000050
1243, -21.5227, 0.0016, 0.000050
1244, -20.2955, 0.0015, 0.000050
1245, -18.9318, 0.0017, 0.000050
1246, -22.8864, 0.0013, 0.000050
1247, -23.2727, 0.0012, 0.000050
1248, -13.5227, 0.0009, 0.000050
1249, -20.2045, 0.0019, 0.000050
1250, -19.4318, 0.0012, 0.000050
1251, -19.1818, 0.0016, 0.000050
1252, -14.9545, 0.0116, 0.000050
1253, -16.6591, 0.0008, 0.000050
1254, -20.3409, 0.0102, 0.000050
1255, -19.1818, 0.0049, 0.000050
1256, -20.7500, 0.0010, 0.000050
1257, -19.7273, 0.0014, 0.000050
1258, -21.7045, 0.0012, 0.000050
1259, -18.6818, 0.0023, 0.000050
1260, -20.6818, 0.0010, 0.000050
1261, -19.6364, 0.0023, 0.000050
1262, -19.3182, 0.0017, 0.000050
1263, -19.8636, 0.0015, 0.000050
1264, -16.8636, 0.0012, 0.000050
1265, -21.5682, 0.0009, 0.000050
1266, -17.7727, 0.0007, 0.000050
1267, -20.2500, 0.0012, 0.000050
1268, -17.6591, 0.0014, 0.000050
1269, -23.1136, 0.0009, 0.000050
1270, -18.1818, 0.0014, 0.000050
1271, -17.7273, 0.0010, 0.000050
1272, -18.7727, 0.0024, 0.000050
1273, -20.5682, 0.0012, 0.000050
1274, -20.5000, 0.0018, 0.000050
1275, -24.0227, 0.0011, 0.000050
1276, -20.8409, 0.0013, 0.000050
1277, -15.7500, 0.0010, 0.000050
1278, -16.9318, 0.0124, 0.000050
1279, -18.8636, 0.0030, 0.000050
1280, -19.4545, 0.0030, 0.000050
1281, -21.0455, 0.0016, 0.000050
1282, -19.0000, 0.0040, 0.000050
1283, -14.9773, 0.0008, 0.000050
1284, -16.7273, 0.0055, 0.000050
1285, -23.6136, 0.0009, 0.000050
1286, -17.6364, 0.0008, 0.000050
1287, -17.9545, 0.0007, 0.000050
1288, -20.8409, 0.0022, 0.000050
1289, -19.2727, 0.0113, 0.000050
1290, -17.4091, 0.0008, 0.000050
1291, -23.2955, 0.0012, 0.000050
1292, -19.7955, 0.0010, 0.000050
1293, -17.1860, 0.0009, 0.000050
1294, -18.1591, 0.0009, 0.000050
1295, -20.0000, 0.0009, 0.000050
1296, -18.5000, 0.0009, 0.000050
1297, -17.1136, 0.0007, 0.000050
1298, -24.3182, 0.0013, 0.000050
1299, -19.8095, 0.0020, 0.000050
1300, -20.5682, 0.0019, 0.000050
1301, -18.0682, 0.0007, 0.000050
1302, -21.5682, 0.0008, 0.000050
1303, -15.4091, 0.0007, 0.000050
1304, -23.0227, 0.0013, 0.000050
1305, -15.6818, 0.0007, 0.000050
1306, -15.3636, 0.0009, 0.000050
1307, -19.7045, 0.0030, 0.000050
1308, -18.7045, 0.0014, 0.000050
1309, -20.2955, 0.0031, 0.000050
1310, -19.5227, 0.0017, 0.000050
1311, -17.5909, 0.0010, 0.000050
1312, -18.8636, 0.0008, 0.000050
1313, -18.7727, 0.0010, 0.000050
1314, -17.8636, 0.0048, 0.000050
1315, -16.8636, 0.0047, 0.000050
1316, -17.0455, 0.0010, 0.000050
1317, -19.1364, 0.0010, 0.000050
1318, -19.3864, 0.0010, 0.000050
1319, -19.7442, 0.0018, 0.000050
1320, -16.0233, 0.0008, 0.000050
1321, -17.1136, 0.0007, 0.000050
1322, -17.3864, 0.0010, 0.000050
1323, -21.8140, 0.0014, 0.000050
1324, -17.7045, 0.0007, 0.000050
1325, -15.9773, 0.0009, 0.000050
1326, -22.2955, 0.0028, 0.000050
1327, -23.8864, 0.0020, 0.000050
1328, -17.8182, 0.0037, 0.000050
1329, -15.0227, 0.0007, 0.000050
1330, -21.6818, 0.0011, 0.000050
1331, -19.0682, 0.0009, 0.000050
1332, -18.4773, 0.0133, 0.000050
1333, -16.0455, 0.0056, 0.000050
1334, -18.7273, 0.0101, 0.000050
1335, -20.0000, 0.0018, 0.000050
1336, -15.6136, 0.0009, 0.000050
1337, -16.5455, 0.0006, 0.000050
1338, -15.7500, 0.0021, 0.000050
1339, -15.0682, 0.0009, 0.000050
1340, -20.1818, 0.0007, 0.000050
1341, -14.5455, 0.0007, 0.000050
1342, -16.2045, 0.0007, 0.000050
1343, -16.2727, 0.0007, 0.000050
1344, -18.7500, 0.0009, 0.000050
1345, -17.2955, 0.0054, 0.000050
1346, -20.3864, 0.0013, 0.000050
1347, -17.8864, 0.0025, 0.000050
1348, -18.1818, 0.0008, 0.000050
1349, -20.6364, 0.0019, 0.000050
1350, -22.6136, 0.0014, 0.000050
1351, -18.0909, 0.0040, 0.000050
1352, -15.8636, 0.0006, 0.000050
1353, -18.1591, 0.0017, 0.000050
1354, -18.3636, 0.0017, 0.000050
1355, -18.5682, 0.0008, 0.000050
1356, -17.2727, 0.0009, 0.000050
1357, -24.6136, 0.0011, 0.000050
1358, -15.3864, 0.0008, 0.000050
1359, -19.1860, 0.0010, 0.000050
1360, -16.8864, 0.0065, 0.000050
1361, -16.0909, 0.0041, 0.000050
1362, -19.4773, 0.0060, 0.000050
1363, -16.9318, 0.0025, 0.000050
1364, -18.2381, 0.0009, 0.000050
1365, -21.2273, 0.0020, 0.000050
1366, -18.0455, 0.0011, 0.000050
1367, -19.0455, 0.0008, 0.000050
1368, -15.9318, 0.0009, 0.000050
1369, -16.4091, 0.0007, 0.000050
1370, -15.9773, 0.0012, 0.000050
1371, -16.4545, 0.0058, 0.000050
1372, -19.6364, 0.0039, 0.000050
1373, -15.0227, 0.0006, 0.000050
1374, -18.8864, 0.0007, 0.000050
1375, -17.3182, 0.0007, 0.000050
1376, -20.6364, 0.0010, 0.000050
1377, -19.7727, 0.0012, 0.000050
1378, -21.5227, 0.0042, 0.000050
1379, -17.3864, 0.0011, 0.000050
1380, -15.1364, 0.0013, 0.000050
1381, -17.7727, 0.0031, 0.000050
1382, -18.9070, 0.0015, 0.000050
1383, -19.7727, 0.0010, 0.000050
1384, -18.3636, 0.0010, 0.000050
1385, -16.3953, 0.0007, 0.000050
1386, -16.5000, 0.0009, 0.000050
1387, -17.9091, 0.0007, 0.000050
1388, -19.2045, 0.0011, 0.000050
1389, -20.9773, 0.0017, 0.000050
1390, -19.8636, 0.0034, 0.000050
1391, -18.4091, 0.0015, 0.000050
1392, -19.7500, 0.0044, 0.000050
1393, -21.4318, 0.0016, 0.000050
1394, -13.9773, 0.0007, 0.000050
1395, -18.9545, 0.0008, 0.000050
1396, -18.1136, 0.0020, 0.000050
1397, -17.9767, 0.0029, 0.000050
1398, -16.9318, 0.0042, 0.000050
1399, -17.6279, 0.0012, 0.000050
1400, -21.0000, 0.0024, 0.000050
1401, -20.2045, 0.0017, 0.000050
1402, -15.5455, 0.0117, 0.000050
1403, -19.3409, 0.0014, 0.000050
1404, -14.3182, 0.0007, 0.000050
1405, -17.3182, 0.0008, 0.000050
1406, -21.7955, 0.0054, 0.000050
1407, -21.4318, 0.0013, 0.000050
1408, -17.8182, 0.0006, 0.000050
1409, -20.7500, 0.0009, 0.000050
1410, -22.3256, 0.0032, 0.000050
1411, -17.6591, 0.0009, 0.000050
1412, -18.3409, 0.0006, 0.000050
1413, -17.4545, 0.0108, 0.000050
1414, -14.7273, 0.0092, 0.000050
1415, -19.8182, 0.0010, 0.000050
1416, -16.7955, 0.0007, 0.000050
1417, -20.4545, 0.0006, 0.000050
1418, -22.1818, 0.0036, 0.000050
1419, -15.9091, 0.0008, 0.000050
1420, -13.8864, 0.0008, 0.000050
1421, -19.5909, 0.0026, 0.000050
1422, -17.7273, 0.0007, 0.000050
1423, -18.9318, 0.0008, 0.000050
1424, -18.7955, 0.0017, 0.000050
1425, -13.4773, 0.0007, 0.000050
1426, -15.3864, 0.0007, 0.000050
1427, -22.9773, 0.0009, 0.000050
1428, -16.7273, 0.0008, 0.000050
1429, -17.7955, 0.0007, 0.000050
1430, -15.3409, 0.0030, 0.000050
1431, -17.5909, 0.0008, 0.000050
1432, -15.9545, 0.0008, 0.000050
1433, -21.1364, 0.0011, 0.000050
1434, -18.7045, 0.0007, 0.000050
1435, -15.0000, 0.0009, 0.000050
1436, -11.6136, 0.0012, 0.000050
1437, -14.8140, 0.0011, 0.000050
1438, -24.5909, 0.0007, 0.000050
1439, -23.3636, 0.0012, 0.000050
1440, -17.3182, 0.0017, 0.000050
1441, -17.1818, 0.0009, 0.000050
1442, -24.2791, 0.0021, 0.000050
1443, -16.5227, 0.0009, 0.000050
1444, -13.1818, 0.0006, 0.000050
1445, -11.7727, 0.0010, 0.000050
1446, -16.4091, 0.0012, 0.000050
1447, -24.3721, 0.0027, 0.000050
1448, -16.9545, 0.0007, 0.000050
1449, -17.4318, 0.0009, 0.000050
1450, -16.1364, 0.0008, 0.000050
1451, -16.1364, 0.0010, 0.000050
1452, -17.2558, 0.0026, 0.000050
1453, -17.3636, 0.0008, 0.000050
1454, -18.3182, 0.0012, 0.000050
1455, -27.9318, 0.0012, 0.000050
1456, -14.4419, 0.0008, 0.000050
1457, -16.3409, 0.0008, 0.000050
1458, -21.3409, 0.0010, 0.000050
1459, -17.1591, 0.0027, 0.000050
1460, -18.7273, 0.0013, 0.000050
1461, -20.8409, 0.0009, 0.000050
1462, -20.1136, 0.0037, 0.000050
1463, -17.9318, 0.0132, 0.000050
1464, -14.9545, 0.0009, 0.000050
1465, -17.4773, 0.0010, 0.000050
1466, -20.4091, 0.0009, 0.000050
1467, -15.7500, 0.0041, 0.000050
1468, -18.0455, 0.0011, 0.000050
1469, -14.9318, 0.0007, 0.000050
1470, -23.7500, 0.0008, 0.000050
1471, -18.3636, 0.0006, 0.000050
1472, -19.0682, 0.0010, 0.000050
1473, -18.2955, 0.0010, 0.000050
1474, -20.9091, 0.0012, 0.000050
1475, -17.8182, 0.0008, 0.000050
1476, -17.4773, 0.0008, 0.000050
1477, -16.5455, 0.0014, 0.000050
1478, -22.2727, 0.0020, 0.000050
1479, -21.0682, 0.0017, 0.000050
1480, -17.1591, 0.0012, 0.000050
1481, -21.4773, 0.0015, 0.000050
1482, -16.7727, 0.0009, 0.000050
1483, -23.0909, 0.0009, 0.000050
1484, -18.6279, 0.0009, 0.000050
1485, -22.0952, 0.0010, 0.000050
1486, -21.0000, 0.0014, 0.000050
1487, -22.5476, 0.0031, 0.000050
1488, -21.2727, 0.0054, 0.000050
1489, -16.3953, 0.0008, 0.000050
1490, -18.5000, 0.0020, 0.000050
1491, -20.2045, 0.0031, 0.000050
1492, -17.6818, 0.0009, 0.000050
1493, -25.6279, 0.0013, 0.000050
1494, -20.2500, 0.0021, 0.000050
1495, -13.5227, 0.0009, 0.000050
1496, -23.1136, 0.0023, 0.000050
1497, -22.3488, 0.0017, 0.000050
1498, -14.0455, 0.0009, 0.000050
1499, -19.5455, 0.0008, 0.000050
1500, -19.0455, 0.0026, 0.000050
1501, -19.4091, 0.0017, 0.000050
1502, -16.3409, 0.0048, 0.000050
1503, -14.2273, 0.0009, 0.000050
1504, -16.1136, 0.0013, 0.000050
1505, -20.3409, 0.0128, 0.000050
1506, -18.8864, 0.0012, 0.000050
1507, -16.8182, 0.0007, 0.000050
1508, -19.2093, 0.0041, 0.000050
1509, -16.8182, 0.0008, 0.000050
1510, -20.2955, 0.0015, 0.000050
1511, -19.8409, 0.0010, 0.000050
1512, -18.0227, 0.0008, 0.000050
1513, -22.2500, 0.0013, 0.000050
1514, -20.9091, 0.0010, 0.000050
1515, -19.5682, 0.0007, 0.000050
1516, -20.3182, 0.0013, 0.000050
1517, -17.3636, 0.0066, 0.000050
1518, -16.7674, 0.0010, 0.000050
1519, -19.1818, 0.0015, 0.000050
1520, -15.4091, 0.0007, 0.000050
1521, -23.0682, 0.0022, 0.000050
1522, -18.6136, 0.0008, 0.000050
1523, -18.7500, 0.0008, 0.000050
1524, -19.5909, 0.0029, 0.000050
1525, -19.1364, 0.0011, 0.000050
1526, -14.9091, 0.0009, 0.000050
1527, -17.7442, 0.0009, 0.000050
1528, -13.4318, 0.0010, 0.000050
1529, -16.6136, 0.0007, 0.000050
1530, -16.9545, 0.0011, 0.000050
1531, -15.4773, 0.0010, 0.000050
1532, -23.0682, 0.0009, 0.000050
1533, -16.9545, 0.0008, 0.000050
1534, -23.1364, 0.0010, 0.000050
1535, -19.2500, 0.0018, 0.000050
1536, -21.2093, 0.0023, 0.000050
1537, -19.9762, 0.0028, 0.000050
1538, -23.1136, 0.0011, 0.000050
1539, -21.0455, 0.0014, 0.000050
1540, -18.8182, 0.0014, 0.000050
1541, -16.6364, 0.0008, 0.000050
1542, -16.3409, 0.0009, 0.000050
1543, -18.8409, 0.0036, 0.000050
1544, -17.9773, 0.0011, 0.000050
1545, -17.8409, 0.0008, 0.000050
1546, -16.6591, 0.0009, 0.000050
1547, -19.3636, 0.0015, 0.000050
1548, -16.5000, 0.0009, 0.000050
1549, -18.7500, 0.0011, 0.000050
1550, -18.3636, 0.0131, 0.000050
1551, -17.5000, 0.0021, 0.000050
1552, -16.9091, 0.0008, 0.000050
1553, -22.3182, 0.0016, 0.000050
1554, -18.0909, 0.0114, 0.000050
1555, -16.1364, 0.0010, 0.000050
1556, -18.6136, 0.0035, 0.000050
1557, -15.3409, 0.0006, 0.000050
1558, -19.4545, 0.0008, 0.000050
1559, -19.5227, 0.0017, 0.000050
1560, -18.6818, 0.0018, 0.000050
1561, -22.1818, 0.0015, 0.000050
1562, -18.9773, 0.0029, 0.000050
1563, -18.6364, 0.0104, 0.000050
1564, -17.0455, 0.0089, 0.000050
1565, -22.6190, 0.0011, 0.000050
1566, -19.0682, 0.0006, 0.000050
1567, -16.4091, 0.0006, 0.000050
1568, -15.7045, 0.0008, 0.000050
1569, -18.3409, 0.0007, 0.000050
1570, -17.9545, 0.0007, 0.000050
1571, -16.8182, 0.0008, 0.000050
1572, -17.3864, 0.0034, 0.000050
1573, -15.5000, 0.0008, 0.000050
1574, -16.4091, 0.0008, 0.000050
1575, -16.9773, 0.0026, 0.000050
1576, -16.4545, 0.0008, 0.000050
1577, -16.4318, 0.0007, 0.000050
1578, -14.2273, 0.0007, 0.000050
1579, -15.6818, 0.0008, 0.000050
1580, -15.5909, 0.0008, 0.000050
1581, -16.5227, 0.0009, 0.000050
1582, -24.1136, 0.0026, 0.000050
1583, -18.1364, 0.0007, 0.000050
1584, -14.6136, 0.0007, 0.000050
1585, -16.9773, 0.0006, 0.000050
1586, -18.4545, 0.0009, 0.000050
1587, -17.7381, 0.0009, 0.000050
1588, -21.2791, 0.0011, 0.000050
1589, -13.3636, 0.0008, 0.000050
1590, -17.7955, 0.0009, 0.000050
1591, -22.8409, 0.0009, 0.000050
1592, -21.3636, 0.0019, 0.000050
1593, -20.6818, 0.0015, 0.000050
1594, -17.2727, 0.0124, 0.000050
1595, -22.3409, 0.0008, 0.000050
1596, -19.0909, 0.0022, 0.000050
1597, -17.8864, 0.0108, 0.000050
1598, -17.5455, 0.0015, 0.000050
1599, -19.9767, 0.0021, 0.000050
1600, -16.0227, 0.0007, 0.000050
1601, -18.3636, 0.0028, 0.000050
1602, -17.0455, 0.0008, 0.000050
1603, -16.1591, 0.0007, 0.000050
1604, -16.0227, 0.0009, 0.000050
1605, -16.6591, 0.0007, 0.000050
1606, -15.8409, 0.0007, 0.000050
1607, -15.6591, 0.0007, 0.000050
1608, -16.8636, 0.0038, 0.000050
1609, -20.0909, 0.0019, 0.000050
1610, -18.0930, 0.0006, 0.000050
1611, -18.9091, 0.0029, 0.000050
1612, -21.8636, 0.0008, 0.000050
1613, -21.5909, 0.0012, 0.000050
1614, -17.4318, 0.0038, 0.000050
1615, -22.5000, 0.0014, 0.000050
1616, -19.9091, 0.0018, 0.000050
1617, -16.8409, 0.0008, 0.000050
1618, -20.4545, 0.0012, 0.000050
1619, -21.2093, 0.0007, 0.000050
1620, -19.2500, 0.0017, 0.000050
1621, -15.8409, 0.0007, 0.000050
1622, -19.3333, 0.0012, 0.000050
1623, -13.2727, 0.0009, 0.000050
1624, -16.8182, 0.0042, 0.000050
1625, -19.1364, 0.0007, 0.000050
1626, -19.5238, 0.0012, 0.000050
1627, -23.6364, 0.0007, 0.000050
1628, -18.7045, 0.0119, 0.000050
1629, -17.3409, 0.0009, 0.000050
1630, -17.2500, 0.0006, 0.000050
1631, -15.2955, 0.0007, 0.000050
1632, -16.7955, 0.0008, 0.000050
1633, -15.9773, 0.0009, 0.000050
1634, -19.6977, 0.0007, 0.000050
1635, -16.8182, 0.0009, 0.000050
1636, -14.7727, 0.0007, 0.000050
1637, -17.2045, 0.0007, 0.000050
1638, -22.5682, 0.0009, 0.000050
1639, -15.7045, 0.0008, 0.000050
1640, -17.6136, 0.0008, 0.000050
1641, -17.3810, 0.0010, 0.000050
1642, -16.0000, 0.0007, 0.000050
1643, -20.2727, 0.0031, 0.000050
1644, -15.5227, 0.0014, 0.000050
1645, -20.0909, 0.0014, 0.000050
1646, -17.3636, 0.0010, 0.000050
1647, -22.9318, 0.0008, 0.000050
1648, -16.0227, 0.0009, 0.000050
1649, -17.9545, 0.0031, 0.000050
1650, -19.2273, 0.0047, 0.000050
1651, -18.1395, 0.0007, 0.000050
1652, -17.9318, 0.0064, 0.000050
1653, -19.7727, 0.0044, 0.000050
1654, -16.5227, 0.0007, 0.000050
1655, -15.5227, 0.0012, 0.000050
1656, -18.5227, 0.0015, 0.000050
1657, -20.3409, 0.0119, 0.000050
1658, -15.3636, 0.0009, 0.000050
1659, -21.1364, 0.0021, 0.000050
1660, -20.9545, 0.0009, 0.000050
1661, -14.3409, 0.0008, 0.000050
1662, -17.7500, 0.0007, 0.000050
1663, -15.8409, 0.0009, 0.000050
1664, -17.0455, 0.0008, 0.000050
1665, -15.1136, 0.0015, 0.000050
1666, -15.7045, 0.0008, 0.000050
1667, -14.5349, 0.0011, 0.000050
1668, -17.9091, 0.0009, 0.000050
1669, -20.1136, 0.0016, 0.000050
1670, -18.0909, 0.0006, 0.000050
1671, -17.7045, 0.0011, 0.000050
1672, -18.5455, 0.0115, 0.000050
1673, -16.9773, 0.0007, 0.000050
1674, -21.0455, 0.0016, 0.000050
1675, -15.5227, 0.0006, 0.000050
1676, -18.3182, 0.0015, 0.000050
1677, -15.3636, 0.0008, 0.000050
1678, -20.2727, 0.0008, 0.000050
1679, -16.3864, 0.0007, 0.000050
1680, -16.3409, 0.0008, 0.000050
1681, -17.0465, 0.0010, 0.000050
1682, -19.8864, 0.0019, 0.000050
1683, -19.6364, 0.0018, 0.000050
1684, -20.3488, 0.0010, 0.000050
1685, -15.8182, 0.0009, 0.000050
1686, -18.5455, 0.0007, 0.000050
1687, -21.3636, 0.0010, 0.000050
1688, -14.0455, 0.0010, 0.000050
1689, -19.4773, 0.0012, 0.000050
1690, -21.7955, 0.0011, 0.000050
1691, -15.6364, 0.0011, 0.000050
1692, -22.1818, 0.0009, 0.000050
1693, -18.3864, 0.0036, 0.000050
1694, -23.1818, 0.0012, 0.000050
1695, -19.5814, 0.0010, 0.000050
1696, -16.4545, 0.0008, 0.000050
1697, -15.5682, 0.0009, 0.000050
1698, -17.2045, 0.0008, 0.000050
1699, -14.5682, 0.0009, 0.000050
1700, -17.8182, 0.0008, 0.000050
1701, -16.9545, 0.0007, 0.000050
1702, -19.0233, 0.0071, 0.000050
1703, -18.5227, 0.0009, 0.000050
1704, -19.1163, 0.0009, 0.000050
1705, -19.9773, 0.0017, 0.000050
1706, -16.1591, 0.0014, 0.000050
1707, -20.5909, 0.0020, 0.000050
1708, -19.3636, 0.0025, 0.000050
1709, -17.2500, 0.0009, 0.000050
1710, -15.5682, 0.0008, 0.000050
1711, -18.5227, 0.0131, 0.000050
1712, -18.0000, 0.0009, 0.000050
1713, -17.1860, 0.0008, 0.000050
1714, -16.1364, 0.0007, 0.000050
1715, -18.0000, 0.0007, 0.000050
1716, -17.5000, 0.0033, 0.000050
1717, -17.0682, 0.0008, 0.000050
1718, -19.6744, 0.0008, 0.000050
1719, -19.0682, 0.0014, 0.000050
1720, -16.5227, 0.0009, 0.000050
1721, -17.0909, 0.0009, 0.000050
1722, -16.1364, 0.0009, 0.000050
1723, -18.0455, 0.0009, 0.000050
1724, -17.9318, 0.0024, 0.000050
1725, -20.0909, 0.0009, 0.000050
1726, -19.4545, 0.0022, 0.000050
1727, -19.0682, 0.0030, 0.000050
1728, -22.4318, 0.0012, 0.000050
1729, -16.9318, 0.0021, 0.000050
1730, -17.9091, 0.0012, 0.000050
1731, -14.4773, 0.0008, 0.000050
1732, -19.4091, 0.0031, 0.000050
1733, -18.6905, 0.0008, 0.000050
1734, -17.1136, 0.0009, 0.000050
1735, -21.0909, 0.0048, 0.000050
1736, -17.9545, 0.0128, 0.000050
1737, -17.7500, 0.0015, 0.000050
1738, -22.4091, 0.0020, 0.000050
1739, -18.3636, 0.0010, 0.000050
1740, -18.3864, 0.0112, 0.000050
1741, -16.2955, 0.0023, 0.000050
1742, -16.1136, 0.0006, 0.000050
1743, -15.3636, 0.0008, 0.000050
1744, -14.0227, 0.0007, 0.000050
1745, -21.8864, 0.0038, 0.000050
1746, -17.4773, 0.0009, 0.000050
1747, -15.2727, 0.0009, 0.000050
1748, -22.8409, 0.0011, 0.000050
1749, -16.6136, 0.0024, 0.000050
1750, -15.5000, 0.0007, 0.000050
1751, -17.7674, 0.0021, 0.000050
1752, -25.2727, 0.0006, 0.000050
1753, -19.1136, 0.0031, 0.000050
1754, -19.1364, 0.0020, 0.000050
1755, -18.0000, 0.0030, 0.000050
1756, -20.5227, 0.0023, 0.000050
1757, -15.5909, 0.0008, 0.000050
1758, -15.8636, 0.0009, 0.000050
1759, -14.3636, 0.0007, 0.000050
1760, -17.6591, 0.0010, 0.000050
1761, -16.4773, 0.0015, 0.000050
1762, -13.7727, 0.0009, 0.000050
1763, -18.2955, 0.0029, 0.000050
1764, -20.6591, 0.0042, 0.000050
1765, -20.7273, 0.0019, 0.000050
1766, -19.3864, 0.0008, 0.000050
1767, -19.0227, 0.0011, 0.000050
1768, -18.4545, 0.0014, 0.000050
1769, -21.4091, 0.0010, 0.000050
1770, -19.5581, 0.0011, 0.000050
1771, -22.2727, 0.0011, 0.000050
1772, -20.0233, 0.0015, 0.000050
1773, -18.4318, 0.0008, 0.000050
1774, -23.5682, 0.0035, 0.000050
1775, -20.5909, 0.0019, 0.000050
1776, -21.1591, 0.0007, 0.000050
1777, -16.5682, 0.0010, 0.000050
1778, -20.1591, 0.0008, 0.000050
1779, -16.0682, 0.0009, 0.000050
1780, -18.2727, 0.0016, 0.000050
1781, -16.3636, 0.0067, 0.000050
1782, -18.2045, 0.0062, 0.000050
1783, -16.7500, 0.0007, 0.000050
1784, -19.9318, 0.0023, 0.000050
1785, -19.3864, 0.0020, 0.000050
1786, -14.6591, 0.0012, 0.000050
1787, -16.9318, 0.0006, 0.000050
1788, -15.7955, 0.0008, 0.000050
1789, -15.0000, 0.0008, 0.000050
1790, -18.0909, 0.0009, 0.000050
1791, -14.9091, 0.0008, 0.000050
1792, -21.2326, 0.0015, 0.000050
1793, -17.4773, 0.0008, 0.000050
1794, -16.8864, 0.0018, 0.000050
1795, -19.9091, 0.0010, 0.000050
1796, -22.1136, 0.0020, 0.000050
1797, -22.2273, 0.0010, 0.000050
1798, -21.6818, 0.0013, 0.000050
1799, -17.5227, 0.0029, 0.000050
1800, -20.0227, 0.0009, 0.000050
1801, -18.3409, 0.0008, 0.000050
1802, -22.0227, 0.0012, 0.000050
1803, -20.3864, 0.0011, 0.000050
1804, -19.3864, 0.0030, 0.000050
1805, -18.4773, 0.0010, 0.000050
1806, -16.2273, 0.0008, 0.000050
1807, -22.2955, 0.0013, 0.000050
1808, -15.6364, 0.0009, 0.000050
1809, -16.2045, 0.0008, 0.000050
1810, -15.0227, 0.0032, 0.000050
1811, -16.8409, 0.0049, 0.000050
1812, -18.0227, 0.0039, 0.000050
1813, -20.4545, 0.0010, 0.000050
1814, -21.3182, 0.0028, 0.000050
1815, -19.8636, 0.0016, 0.000050
1816, -18.6136, 0.0016, 0.000050
1817, -19.1364, 0.0071, 0.000050
1818, -18.8409, 0.0008, 0.000050
1819, -15.6364, 0.0008, 0.000050
1820, -21.2273, 0.0014, 0.000050
1821, -16.4545, 0.0008, 0.000050
1822, -20.2500, 0.0037, 0.000050
1823, -18.6364, 0.0008, 0.000050
1824, -18.7727, 0.0009, 0.000050
1825, -17.2045, 0.0009, 0.000050
1826, -16.0909, 0.0010, 0.000050
1827, -22.6136, 0.0014, 0.000050
1828, -18.5909, 0.0023, 0.000050
1829, -19.6364, 0.0018, 0.000050
1830, -17.2045, 0.0007, 0.000050
1831, -16.8636, 0.0007, 0.000050
1832, -18.0000, 0.0017, 0.000050
1833, -16.4318, 0.0009, 0.000050
1834, -16.2273, 0.0067, 0.000050
1835, -17.5682, 0.0120, 0.000050
1836, -16.4545, 0.0102, 0.000050
1837, -16.2045, 0.0008, 0.000050
1838, -18.4091, 0.0011, 0.000050
1839, -17.9545, 0.0019, 0.000050
1840, -18.3182, 0.0008, 0.000050
1841, -17.0909, 0.0008, 0.000050
1842, -15.3636, 0.0008, 0.000050
1843, -16.9318, 0.0007, 0.000050
1844, -16.4545, 0.0007, 0.000050
1845, -20.4091, 0.0036, 0.000050
1846, -18.5682, 0.0010, 0.000050
1847, -18.7045, 0.0009, 0.000050
1848, -16.7500, 0.0008, 0.000050
1849, -17.5238, 0.0008, 0.000050
1850, -19.8864, 0.0017, 0.000050
1851, -21.9545, 0.0011, 0.000050
1852, -14.6136, 0.0007, 0.000050
1853, -20.8409, 0.0032, 0.000050
1854, -17.9048, 0.0026, 0.000050
1855, -18.2955, 0.0027, 0.000050
1856, -19.0682, 0.0009, 0.000050
1857, -18.2143, 0.0009, 0.000050
1858, -17.3864, 0.0059, 0.000050
1859, -13.5000, 0.0009, 0.000050
1860, -20.7955, 0.0008, 0.000050
1861, -14.5000, 0.0007, 0.000050
1862, -17.5909, 0.0007, 0.000050
1863, -18.0227, 0.0009, 0.000050
1864, -17.9318, 0.0007, 0.000050
1865, -19.7273, 0.0034, 0.000050
1866, -15.7500, 0.0012, 0.000050
1867, -17.7727, 0.0010, 0.000050
1868, -18.2955, 0.0008, 0.000050
1869, -18.4773, 0.0118, 0.000050
1870, -18.4091, 0.0008, 0.000050
1871, -19.1818, 0.0019, 0.000050
1872, -18.9773, 0.0015, 0.000050
1873, -18.9545, 0.0018, 0.000050
1874, -17.0909, 0.0007, 0.000050
1875, -19.9773, 0.0011, 0.000050
1876, -20.1628, 0.0020, 0.000050
1877, -16.2955, 0.0009, 0.000050
1878, -22.4318, 0.0008, 0.000050
1879, -17.2273, 0.0020, 0.000050
1880, -17.8864, 0.0009, 0.000050
1881, -16.4773, 0.0008, 0.000050
1882, -17.2727, 0.0008, 0.000050
1883, -17.5349, 0.0007, 0.000050
1884, -18.2727, 0.0027, 0.000050
1885, -23.5227, 0.0009, 0.000050
1886, -19.8864, 0.0010, 0.000050
1887, -21.5682, 0.0015, 0.000050
1888, -21.3636, 0.0020, 0.000050
1889, -13.2045, 0.0007, 0.000050
1890, -19.9767, 0.0008, 0.000050
1891, -17.8864, 0.0011, 0.000050
1892, -17.0682, 0.0008, 0.000050
1893, -18.4318, 0.0080, 0.000050
1894, -21.5000, 0.0031, 0.000050
1895, -18.9545, 0.0008, 0.000050
1896, -20.2791, 0.0030, 0.000050
1897, -19.9773, 0.0013, 0.000050
1898, -16.5000, 0.0027, 0.000050
1899, -15.7045, 0.0008, 0.000050
1900, -16.3182, 0.0009, 0.000050
1901, -18.6744, 0.0048, 0.000050
1902, -18.1818, 0.0006, 0.000050
1903, -18.1818, 0.0008, 0.000050
1904, -17.7955, 0.0009, 0.000050
1905, -17.0698, 0.0009, 0.000050
1906, -15.6364, 0.0007, 0.000050
1907, -18.9318, 0.0010, 0.000050
1908, -17.4773, 0.0010, 0.000050
1909, -18.5000, 0.0008, 0.000050
1910, -17.6591, 0.0009, 0.000050
1911, -14.3182, 0.0009, 0.000050
1912, -19.3636, 0.0015, 0.000050
1913, -19.6905, 0.0008, 0.000050
1914, -17.1364, 0.0026, 0.000050
1915, -17.2273, 0.0025, 0.000050
1916, -21.1136, 0.0014, 0.000050
1917, -13.9318, 0.0008, 0.000050
1918, -15.0682, 0.0013, 0.000050
1919, -18.2727, 0.0008, 0.000050
1920, -15.9773, 0.0024, 0.000050
1921, -17.7273, 0.0045, 0.000050
1922, -16.5455, 0.0032, 0.000050
1923, -20.3409, 0.0042, 0.000050
1924, -21.5000, 0.0023, 0.000050
1925, -18.4773, 0.0008, 0.000050
1926, -18.1136, 0.0032, 0.000050
1927, -15.4318, 0.0007, 0.000050
1928, -16.9773, 0.0111, 0.000050
1929, -21.1818, 0.0025, 0.000050
1930, -19.9091, 0.0011, 0.000050
1931, -18.0930, 0.0016, 0.000050
1932, -17.0000, 0.0008, 0.000050
1933, -15.6591, 0.0006, 0.000050
1934, -17.9773, 0.0025, 0.000050
1935, -20.6136, 0.0023, 0.000050
1936, -17.4884, 0.0009, 0.000050
1937, -19.1818, 0.0011, 0.000050
1938, -19.4545, 0.0018, 0.000050
1939, -17.1136, 0.0012, 0.000050
1940, -19.9091, 0.0019, 0.000050
1941, -23.9545, 0.0011, 0.000050
1942, -20.3864, 0.0009, 0.000050
1943, -17.2955, 0.0008, 0.000050
1944, -18.9756, 0.0022, 0.000050
1945, -13.5455, 0.0010, 0.000050
1946, -19.7500, 0.0015, 0.000050
1947, -22.1591, 0.0066, 0.000050
1948, -21.8409, 0.0113, 0.000050
1949, -20.1860, 0.0014, 0.000050
1950, -19.7045, 0.0008, 0.000050
1951, -16.1136, 0.0009, 0.000050
1952, -19.2273, 0.0011, 0.000050
1953, -20.9773, 0.0011, 0.000050
1954, -18.0682, 0.0008, 0.000050
1955, -19.5682, 0.0010, 0.000050
1956, -17.1591, 0.0012, 0.000050
1957, -24.5909, 0.0011, 0.000050
1958, -17.5909, 0.0021, 0.000050
1959, -18.4318, 0.0008, 0.000050
1960, -17.4773, 0.0008, 0.000050
1961, -17.5455, 0.0033, 0.000050
1962, -18.1364, 0.0007, 0.000050
1963, -18.0682, 0.0011, 0.000050
1964, -19.1364, 0.0046, 0.000050
1965, -17.3409, 0.0008, 0.000050
1966, -17.3182, 0.0007, 0.000050
1967, -16.9773, 0.0007, 0.000050
1968, -17.0000, 0.0009, 0.000050
1969, -20.2045, 0.0015, 0.000050
1970, -16.9318, 0.0009, 0.000050
1971, -17.1591, 0.0017, 0.000050
1972, -15.4091, 0.0009, 0.000050
1973, -21.7907, 0.0008, 0.000050
1974, -14.2727, 0.0011, 0.000050
1975, -18.7955, 0.0018, 0.000050
1976, -19.0000, 0.0007, 0.000050
1977, -17.1136, 0.0008, 0.000050
1978, -16.8636, 0.0068, 0.000050
1979, -19.6818, 0.0012, 0.000050
1980, -18.7674, 0.0119, 0.000050
1981, -18.2273, 0.0105, 0.000050
1982, -19.7955, 0.0050, 0.000050
1983, -18.1591, 0.0008, 0.000050
1984, -21.8864, 0.0017, 0.000050
1985, -19.6364, 0.0008, 0.000050
1986, -17.4318, 0.0012, 0.000050
1987, -18.6591, 0.0035, 0.000050
1988, -18.1628, 0.0027, 0.000050
1989, -21.3636, 0.0012, 0.000050
1990, -17.8864, 0.0013, 0.000050
1991, -19.5000, 0.0020, 0.000050
1992, -18.1818, 0.0007, 0.000050
1993, -19.6279, 0.0018, 0.000050
1994, -24.2045, 0.0011, 0.000050
1995, -15.8409, 0.0008, 0.000050
1996, -16.5000, 0.0007, 0.000050
1997, -15.0930, 0.0009, 0.000050
1998, -18.0227, 0.0027, 0.000050
1999, -16.4545, 0.0056, 0.000050
2000, -20.2273, 0.0016, 0.000050
2001, -19.7045, 0.0008, 0.000050
2002, -18.8636, 0.0011, 0.000050
2003, -18.2273, 0.0010, 0.000050
2004, -15.2045, 0.0008, 0.000050
2005, -17.6364, 0.0020, 0.000050
2006, -16.2727, 0.0039, 0.000050
2007, -23.7955, 0.0009, 0.000050
2008, -19.0682, 0.0018, 0.000050
2009, -17.2500, 0.0013, 0.000050
2010, -16.6591, 0.0009, 0.000050
2011, -15.9091, 0.0032, 0.000050
2012, -17.0000, 0.0007, 0.000050
2013, -21.7273, 0.0011, 0.000050
2014, -20.6136, 0.0020, 0.000050
2015, -17.9545, 0.0008, 0.000050
2016, -24.4773, 0.0010, 0.000050
2017, -13.0227, 0.0011, 0.000050
2018, -18.8636, 0.0014, 0.000050
2019, -25.2727, 0.0007, 0.000050
2020, -22.9318, 0.0007, 0.000050
2021, -14.8409, 0.0008, 0.000050
2022, -19.6818, 0.0014, 0.000050
2023, -16.2955, 0.0008, 0.000050
2024, -18.7273, 0.0011, 0.000050
2025, -16.5455, 0.0035, 0.000050
2026, -17.3636, 0.0007, 0.000050
2027, -19.2727, 0.0019, 0.000050
2028, -17.5682, 0.0011, 0.000050
2029, -18.0682, 0.0013, 0.000050
2030, -18.6429, 0.0010, 0.000050
2031, -16.5455, 0.0010, 0.000050
2032, -15.8864, 0.0124, 0.000050
2033, -20.6744, 0.0042, 0.000050
2034, -18.2273, 0.0024, 0.000050
2035, -17.4545, 0.0007, 0.000050
2036, -16.3256, 0.0006, 0.000050
2037, -19.6136, 0.0007, 0.000050
2038, -20.9318, 0.0015, 0.000050
2039, -17.7500, 0.0007, 0.000050
2040, -20.1136, 0.0026, 0.000050
2041, -16.1190, 0.0058, 0.000050
2042, -17.6818, 0.0007, 0.000050
2043, -17.3636, 0.0007, 0.000050
2044, -22.4048, 0.0011, 0.000050
2045, -18.0698, 0.0008, 0.000050
2046, -18.4091, 0.0021, 0.000050
2047, -18.3953, 0.0007, 0.000050
2048, -16.8372, 0.0010, 0.000050
2049, -21.6136, 0.0017, 0.000050
2050, -18.5909, 0.0018, 0.000050
2051, -14.1818, 0.0009, 0.000050
2052, -15.0000, 0.0008, 0.000050
2053, -18.1591, 0.0006, 0.000050
2054, -16.0682, 0.0006, 0.000050
2055, -14.7273, 0.0006, 0.000050
2056, -21.8636, 0.0011, 0.000050
2057, -14.8636, 0.0008, 0.000050
2058, -19.1818, 0.0064, 0.000050
2059, -12.1818, 0.0008, 0.000050
2060, -15.6591, 0.0016, 0.000050
2061, -16.6364, 0.0006, 0.000050
2062, -23.9773, 0.0014, 0.000050
2063, -16.5455, 0.0008, 0.000050
2064, -21.5000, 0.0018, 0.000050
2065, -19.2955, 0.0121, 0.000050
2066, -18.0227, 0.0031, 0.000050
2067, -23.6818, 0.0012, 0.000050
2068, -16.2727, 0.0024, 0.000050
2069, -20.3409, 0.0058, 0.000050
2070, -18.9091, 0.0008, 0.000050
2071, -22.5455, 0.0011, 0.000050
2072, -13.0000, 0.0007, 0.000050
2073, -16.7273, 0.0030, 0.000050
2074, -19.3864, 0.0019, 0.000050
2075, -19.6279, 0.0017, 0.000050
2076, -16.1818, 0.0007, 0.000050
2077, -24.2045, 0.0011, 0.000050
2078, -20.0238, 0.0012, 0.000050
2079, -18.1364, 0.0058, 0.000050
2080, -22.9091, 0.0007, 0.000050
2081, -18.5455, 0.0018, 0.000050
2082, -18.8182, 0.0017, 0.000050
2083, -19.1364, 0.0109, 0.000050
2084, -19.0909, 0.0009, 0.000050
2085, -21.1591, 0.0010, 0.000050
2086, -17.0455, 0.0052, 0.000050
2087, -17.8636, 0.0007, 0.000050
2088, -18.7500, 0.0013, 0.000050
2089, -15.3409, 0.0007, 0.000050
2090, -19.2955, 0.0010, 0.000050
2091, -16.4545, 0.0006, 0.000050
2092, -16.6818, 0.0008, 0.000050
2093, -14.5000, 0.0007, 0.000050
2094, -17.8182, 0.0007, 0.000050
2095, -22.5909, 0.0008, 0.000050
2096, -14.8864, 0.0008, 0.000050
2097, -17.6977, 0.0008, 0.000050
2098, -18.5000, 0.0111, 0.000050
2099, -18.0000, 0.0038, 0.000050
2100, -16.1591, 0.0008, 0.000050
2101, -21.0227, 0.0014, 0.000050
2102, -20.4545, 0.0008, 0.000050
2103, -16.1136, 0.0006, 0.000050
2104, -15.6591, 0.0007, 0.000050
2105, -22.8636, 0.0011, 0.000050
2106, -17.0227, 0.0038, 0.000050
2107, -17.8864, 0.0008, 0.000050
2108, -19.6136, 0.0014, 0.000050
2109, -19.0455, 0.0014, 0.000050
2110, -19.5682, 0.0011, 0.000050
2111, -20.4545, 0.0022, 0.000050
2112, -20.1364, 0.0011, 0.000050
2113, -14.3182, 0.0011, 0.000050
2114, -16.6591, 0.0007, 0.000050
2115, -16.5227, 0.0112, 0.000050
2116, -19.3409, 0.0007, 0.000050
2117, -20.5909, 0.0009, 0.000050
2118, -19.5682, 0.0011, 0.000050
2119, -18.1591, 0.0007, 0.000050
2120, -18.8182, 0.0057, 0.000050
2121, -22.1136, 0.0008, 0.000050
2122, -16.9773, 0.0008, 0.000050
2123, -21.2500, 0.0017, 0.000050
2124, -19.2045, 0.0007, 0.000050
2125, -18.1364, 0.0017, 0.000050
2126, -12.6818, 0.0010, 0.000050
2127, -17.3636, 0.0008, 0.000050
2128, -16.2955, 0.0009, 0.000050
2129, -18.9318, 0.0010, 0.000050
2130, -17.8182, 0.0026, 0.000050
2131, -14.5682, 0.0007, 0.000050
2132, -22.6512, 0.0011, 0.000050
2133, -18.2045, 0.0007, 0.000050
2134, -20.3864, 0.0119, 0.000050
2135, -19.7045, 0.0104, 0.000050
2136, -20.8409, 0.0016, 0.000050
2137, -17.9545, 0.0033, 0.000050
2138, -22.0000, 0.0011, 0.000050
2139, -17.8636, 0.0007, 0.000050
2140, -18.0909, 0.0019, 0.000050
2141, -16.6591, 0.0007, 0.000050
2142, -19.7045, 0.0017, 0.000050
2143, -17.3864, 0.0007, 0.000050
2144, -16.6818, 0.0015, 0.000050
2145, -12.9545, 0.0007, 0.000050
2146, -16.0227, 0.0007, 0.000050
2147, -17.3182, 0.0018, 0.000050
2148, -15.7727, 0.0007, 0.000050
2149, -17.4091, 0.0057, 0.000050
2150, -19.4545, 0.0013, 0.000050
2151, -18.9773, 0.0017, 0.000050
2152, -19.6591, 0.0015, 0.000050
2153, -18.0455, 0.0014, 0.000050
2154, -19.7674, 0.0007, 0.000050
2155, -19.0000, 0.0058, 0.000050
2156, -17.1591, 0.0029, 0.000050
2157, -22.0000, 0.0027, 0.000050
2158, -20.0000, 0.0007, 0.000050
2159, -17.6364, 0.0015, 0.000050
2160, -18.2273, 0.0030, 0.000050
2161, -17.6591, 0.0008, 0.000050
2162, -18.0227, 0.0007, 0.000050
2163, -20.9318, 0.0010, 0.000050
2164, -17.7955, 0.0007, 0.000050
2165, -15.1818, 0.0008, 0.000050
2166, -13.7045, 0.0011, 0.000050
2167, -18.7500, 0.0116, 0.000050
2168, -19.2955, 0.0019, 0.000050
2169, -17.4091, 0.0011, 0.000050
2170, -14.0909, 0.0007, 0.000050
2171, -15.5909, 0.0018, 0.000050
2172, -18.5909, 0.0006, 0.000050
2173, -20.4773, 0.0008, 0.000050
2174, -16.8636, 0.0018, 0.000050
2175, -17.6364, 0.0056, 0.000050
2176, -16.3864, 0.0022, 0.000050
2177, -17.9318, 0.0029, 0.000050
2178, -17.1364, 0.0008, 0.000050
2179, -16.8864, 0.0008, 0.000050
2180, -17.4545, 0.0010, 0.000050
2181, -16.7500, 0.0010, 0.000050
2182, -15.6364, 0.0008, 0.000050
2183, -20.0000, 0.0007, 0.000050
2184, -19.5909, 0.0042, 0.000050
2185, -17.8636, 0.0008, 0.000050
2186, -14.1591, 0.0007, 0.000050
2187, -21.7727, 0.0018, 0.000050
2188, -17.7500, 0.0015, 0.000050
2189, -20.3182, 0.0027, 0.000050
2190, -17.1591, 0.0007, 0.000050
2191, -18.7500, 0.0011, 0.000050
2192, -15.8636, 0.0007, 0.000050
2193, -17.9318, 0.0007, 0.000050
2194, -19.9773, 0.0022, 0.000050
2195, -14.4545, 0.0007, 0.000050
2196, -14.3636, 0.0008, 0.000050
2197, -16.3864, 0.0009, 0.000050
2198, -16.6047, 0.0008, 0.000050
2199, -20.2791, 0.0010, 0.000050
2200, -14.8864, 0.0007, 0.000050
2201, -15.9091, 0.0008, 0.000050
2202, -17.2500, 0.0008, 0.000050
2203, -23.1591, 0.0011, 0.000050
2204, -19.3409, 0.0013, 0.000050
2205, -18.2273, 0.0017, 0.000050
2206, -19.7500, 0.0008, 0.000050
2207, -16.8182, 0.0007, 0.000050
2208, -16.9773, 0.0008, 0.000050
2209, -20.0227, 0.0070, 0.000050
2210, -16.8636, 0.0008, 0.000050
2211, -15.9545, 0.0010, 0.000050
2212, -18.9318, 0.0008, 0.000050
2213, -17.1818, 0.0008, 0.000050
2214, -17.9535, 0.0009, 0.000050
2215, -21.8409, 0.0011, 0.000050
2216, -16.6977, 0.0010, 0.000050
2217, -23.0909, 0.0008, 0.000050
2218, -15.0682, 0.0008, 0.000050
2219, -18.7727, 0.0134, 0.000050
2220, -19.2326, 0.0012, 0.000050
2221, -17.4091, 0.0007, 0.000050
2222, -18.9091, 0.0034, 0.000050
2223, -17.8409, 0.0027, 0.000050
2224, -16.8182, 0.0008, 0.000050
2225, -20.6136, 0.0007, 0.000050
2226, -15.8409, 0.0007, 0.000050
2227, -19.6364, 0.0007, 0.000050
2228, -18.8636, 0.0014, 0.000050
2229, -19.7273, 0.0033, 0.000050
2230, -21.2500, 0.0024, 0.000050
2231, -20.1905, 0.0007, 0.000050
2232, -16.3636, 0.0025, 0.000050
2233, -14.0682, 0.0007, 0.000050
2234, -17.1818, 0.0009, 0.000050
2235, -19.9091, 0.0022, 0.000050
2236, -18.3636, 0.0015, 0.000050
2237, -16.9545, 0.0007, 0.000050
2238, -16.2727, 0.0008, 0.000050
2239, -16.8864, 0.0009, 0.000050
2240, -19.4091, 0.0008, 0.000050
2241, -20.3182, 0.0017, 0.000050
2242, -20.8182, 0.0011, 0.000050
2243, -21.5455, 0.0018, 0.000050
2244, -16.7955, 0.0007, 0.000050
2245, -20.6591, 0.0009, 0.000050
2246, -19.4545, 0.0011, 0.000050
2247, -17.6818, 0.0007, 0.000050
2248, -18.6591, 0.0026, 0.000050
2249, -18.2500, 0.0009, 0.000050
2250, -21.4091, 0.0017, 0.000050
2251, -18.4773, 0.0019, 0.000050
2252, -14.6364, 0.0011, 0.000050
2253, -16.4773, 0.0050, 0.000050
2254, -21.0000, 0.0032, 0.000050
2255, -18.6364, 0.0017, 0.000050
2256, -13.8409, 0.0008, 0.000050
2257, -19.4545, 0.0131, 0.000050
2258, -16.6591, 0.0010, 0.000050
2259, -17.4545, 0.0008, 0.000050
2260, -15.0227, 0.0114, 0.000050
2261, -18.3810, 0.0008, 0.000050
2262, -16.2045, 0.0007, 0.000050
2263, -14.3953, 0.0009, 0.000050
2264, -19.3182, 0.0008, 0.000050
2265, -20.1818, 0.0008, 0.000050
2266, -18.9318, 0.0013, 0.000050
2267, -21.9773, 0.0014, 0.000050
2268, -20.0455, 0.0009, 0.000050
2269, -17.5682, 0.0007, 0.000050
2270, -18.1591, 0.0007, 0.000050
2271, -20.1364, 0.0119, 0.000050
2272, -24.4651, 0.0009, 0.000050
2273, -19.1136, 0.0018, 0.000050
2274, -16.6591, 0.0108, 0.000050
2275, -22.7273, 0.0008, 0.000050
2276, -18.5000, 0.0009, 0.000050
2277, -17.0227, 0.0007, 0.000050
2278, -20.8409, 0.0010, 0.000050
2279, -19.1395, 0.0019, 0.000050
2280, -15.0909, 0.0008, 0.000050
2281, -15.7045, 0.0006, 0.000050
2282, -15.8636, 0.0006, 0.000050
2283, -23.5000, 0.0008, 0.000050
2284, -19.0000, 0.0022, 0.000050
2285, -17.8571, 0.0007, 0.000050
2286, -18.0227, 0.0111, 0.000050
2287, -18.2045, 0.0007, 0.000050
2288, -20.9545, 0.0016, 0.000050
2289, -19.6591, 0.0011, 0.000050
2290, -14.4773, 0.0006, 0.000050
2291, -15.5227, 0.0007, 0.000050
2292, -15.7500, 0.0007, 0.000050
2293, -19.2727, 0.0109, 0.000050
2294, -18.7273, 0.0019, 0.000050
2295, -18.9318, 0.0007, 0.000050
2296, -18.0909, 0.0053, 0.000050
2297, -19.7045, 0.0051, 0.000050
2298, -18.5682, 0.0007, 0.000050
2299, -18.0227, 0.0014, 0.000050
2300, -15.4773, 0.0007, 0.000050
2301, -14.4545, 0.0007, 0.000050
2302, -19.3409, 0.0028, 0.000050
2303, -19.9535, 0.0024, 0.000050
2304, -16.7500, 0.0007, 0.000050
2305, -17.2727, 0.0007, 0.000050
2306, -19.1395, 0.0007, 0.000050
2307, -15.2045, 0.0007, 0.000050
2308, -17.7727, 0.0010, 0.000050
2309, -18.6591, 0.0108, 0.000050
2310, -14.8409, 0.0005, 0.000050
2311, -18.0238, 0.0020, 0.000050
2312, -17.5455, 0.0006, 0.000050
2313, -20.1364, 0.0012, 0.000050
2314, -16.2273, 0.0006, 0.000050
2315, -20.0238, 0.0010, 0.000050
2316, -14.7727, 0.0009, 0.000050
2317, -16.2500, 0.0006, 0.000050
2318, -19.5455, 0.0017, 0.000050
2319, -17.6136, 0.0038, 0.000050
2320, -16.0227, 0.0008, 0.000050
2321, -13.8810, 0.0009, 0.000050
2322, -16.1395, 0.0007, 0.000050
2323, -17.8636, 0.0039, 0.000050
2324, -17.1364, 0.0017, 0.000050
2325, -18.1591, 0.0007, 0.000050
2326, -15.6591, 0.0007, 0.000050
2327, -15.7955, 0.0106, 0.000050
2328, -17.2045, 0.0035, 0.000050
2329, -14.3409, 0.0007, 0.000050
2330, -14.8140, 0.0006, 0.000050
2331, -18.9545, 0.0008, 0.000050
2332, -14.7674, 0.0010, 0.000050
2333, -22.5238, 0.0022, 0.000050
2334, -20.0227, 0.0028, 0.000050
2335, -17.8864, 0.0007, 0.000050
2336, -16.2273, 0.0008, 0.000050
2337, -17.6190, 0.0007, 0.000050
2338, -19.0909, 0.0015, 0.000050
2339, -19.5909, 0.0007, 0.000050
2340, -13.5349, 0.0009, 0.000050
2341, -18.6591, 0.0007, 0.000050
2342, -16.7727, 0.0007, 0.000050
2343, -22.3488, 0.0013, 0.000050
2344, -17.1818, 0.0007, 0.000050
2345, -17.0227, 0.0013, 0.000050
2346, -18.7727, 0.0026, 0.000050
2347, -19.6818, 0.0019, 0.000050
2348, -21.8182, 0.0012, 0.000050
2349, -13.0682, 0.0012, 0.000050
2350, -20.2727, 0.0011, 0.000050
2351, -18.7727, 0.0009, 0.000050
2352, -17.5000, 0.0063, 0.000050
2353, -18.0909, 0.0010, 0.000050
2354, -15.7500, 0.0007, 0.000050
2355, -21.3864, 0.0009, 0.000050
2356, -18.0682, 0.0008, 0.000050
2357, -17.7045, 0.0007, 0.000050
2358, -17.2045, 0.0007, 0.000050
2359, -13.3864, 0.0008, 0.000050
2360, -15.8636, 0.0010, 0.000050
2361, -18.0000, 0.0007, 0.000050
2362, -19.9318, 0.0029, 0.000050
2363, -16.6818, 0.0123, 0.000050
2364, -15.4773, 0.0055, 0.000050
2365, -20.9545, 0.0007, 0.000050
2366, -17.7727, 0.0007, 0.000050
2367, -17.3864, 0.0007, 0.000050
2368, -13.3182, 0.0007, 0.000050
2369, -17.9318, 0.0008, 0.000050
2370, -17.8182, 0.0009, 0.000050
2371, -15.2727, 0.0006, 0.000050
2372, -16.9091, 0.0007, 0.000050
2373, -19.5000, 0.0029, 0.000050
2374, -15.5000, 0.0008, 0.000050
2375, -24.7381, 0.0021, 0.000050
2376, -16.8182, 0.0007, 0.000050
2377, -17.9773, 0.0008, 0.000050
2378, -16.1818, 0.0009, 0.000050
2379, -16.9773, 0.0062, 0.000050
2380, -18.0455, 0.0011, 0.000050
2381, -18.8636, 0.0025, 0.000050
2382, -17.2500, 0.0008, 0.000050
2383, -19.2045, 0.0028, 0.000050
2384, -21.0227, 0.0035, 0.000050
2385, -16.3636, 0.0009, 0.000050
2386, -20.6818, 0.0011, 0.000050
2387, -19.5455, 0.0011, 0.000050
2388, -17.0000, 0.0010, 0.000050
2389, -20.2955, 0.0065, 0.000050
2390, -18.4318, 0.0015, 0.000050
2391, -15.0227, 0.0010, 0.000050
2392, -19.7727, 0.0010, 0.000050
2393, -19.5227, 0.0020, 0.000050
2394, -18.8182, 0.0008, 0.000050
2395, -14.0909, 0.0009, 0.000050
2396, -14.5455, 0.0009, 0.000050
2397, -18.0909, 0.0012, 0.000050
2398, -14.7955, 0.0010, 0.000050
2399, -17.4318, 0.0123, 0.000050
2400, -19.2727, 0.0018, 0.000050
2401, -16.6136, 0.0040, 0.000050
2402, -17.3182, 0.0007, 0.000050
2403, -16.9773, 0.0010, 0.000050
2404, -19.1364, 0.0041, 0.000050
2405, -18.3182, 0.0041, 0.000050
2406, -16.7727, 0.0007, 0.000050
2407, -16.9545, 0.0008, 0.000050
2408, -14.2955, 0.0007, 0.000050
2409, -18.6364, 0.0010, 0.000050
2410, -16.6136, 0.0007, 0.000050
2411, -21.0909, 0.0016, 0.000050
2412, -16.9545, 0.0010, 0.000050
2413, -15.0455, 0.0012, 0.000050
2414, -22.9048, 0.0016, 0.000050
2415, -19.1591, 0.0015, 0.000050
2416, -16.0227, 0.0009, 0.000050
2417, -19.4773, 0.0007, 0.000050
2418, -16.6591, 0.0009, 0.000050
2419, -16.5227, 0.0007, 0.000050
2420, -21.9318, 0.0011, 0.000050
2421, -19.2791, 0.0017, 0.000050
2422, -20.5682, 0.0008, 0.000050
2423, -20.2045, 0.0011, 0.000050
2424, -14.1591, 0.0008, 0.000050
2425, -19.0000, 0.0011, 0.000050
2426, -19.7273, 0.0010, 0.000050
2427, -18.1591, 0.0028, 0.000050
2428, -16.2273, 0.0008, 0.000050
2429, -15.7727, 0.0006, 0.000050
2430, -17.9545, 0.0012, 0.000050
2431, -16.3409, 0.0007, 0.000050
2432, -20.3182, 0.0048, 0.000050
2433, -16.2045, 0.0008, 0.000050
2434, -19.0000, 0.0014, 0.000050
2435, -14.4773, 0.0008, 0.000050
2436, -15.4545, 0.0007, 0.000050
2437, -16.5227, 0.0025, 0.000050
2438, -18.2273, 0.0008, 0.000050
2439, -20.2273, 0.0016, 0.000050
2440, -19.5000, 0.0129, 0.000050
2441, -15.0455, 0.0009, 0.000050
2442, -22.8140, 0.0012, 0.000050
2443, -18.8864, 0.0018, 0.000050
2444, -19.2045, 0.0033, 0.000050
2445, -20.0682, 0.0028, 0.000050
2446, -18.5227, 0.0007, 0.000050
2447, -16.9048, 0.0007, 0.000050
2448, -17.9773, 0.0008, 0.000050
2449, -17.6136, 0.0007, 0.000050
2450, -16.1591, 0.0018, 0.000050
2451, -15.6591, 0.0062, 0.000050
2452, -16.6364, 0.0008, 0.000050
2453, -17.7500, 0.0023, 0.000050
2454, -15.7500, 0.0007, 0.000050
2455, -17.4773, 0.0007, 0.000050
2456, -20.6818, 0.0015, 0.000050
2457, -19.0455, 0.0015, 0.000050
2458, -17.2955, 0.0008, 0.000050
2459, -14.7727, 0.0009, 0.000050
2460, -16.0227, 0.0009, 0.000050
2461, -17.5682, 0.0008, 0.000050
2462, -15.6136, 0.0009, 0.000050
2463, -14.6744, 0.0005, 0.000050
2464, -15.7045, 0.0007, 0.000050
2465, -14.3409, 0.0009, 0.000050
2466, -18.7500, 0.0040, 0.000050
2467, -18.7273, 0.0009, 0.000050
2468, -15.0227, 0.0009, 0.000050
2469, -20.1591, 0.0019, 0.000050
2470, -19.7273, 0.0021, 0.000050
2471, -18.4318, 0.0007, 0.000050
2472, -21.0227, 0.0012, 0.000050
2473, -16.3636, 0.0008, 0.000050
2474, -16.0714, 0.0010, 0.000050
2475, -16.8409, 0.0008, 0.000050
2476, -15.1136, 0.0008, 0.000050
2477, -14.5909, 0.0008, 0.000050
2478, -20.3864, 0.0021, 0.000050
2479, -20.1591, 0.0031, 0.000050
2480, -16.4318, 0.0044, 0.000050
2481, -19.5000, 0.0011, 0.000050
2482, -17.8837, 0.0007, 0.000050
2483, -19.1364, 0.0012, 0.000050
2484, -17.1190, 0.0007, 0.000050
2485, -17.1591, 0.0011, 0.000050
2486, -16.9318, 0.0008, 0.000050
2487, -16.6136, 0.0008, 0.000050
2488, -15.7273, 0.0008, 0.000050
2489, -17.2045, 0.0008, 0.000050
2490, -16.5238, 0.0009, 0.000050
2491, -15.1818, 0.0127, 0.000050
2492, -16.5682, 0.0010, 0.000050
2493, -16.7955, 0.0041, 0.000050
2494, -17.5000, 0.0007, 0.000050
2495, -15.6364, 0.0007, 0.000050
2496, -17.6136, 0.0008, 0.000050
2497, -17.9318, 0.0041, 0.000050
2498, -17.5116, 0.0059, 0.000050
2499, -20.0682, 0.0108, 0.000050
2500, -22.2955, 0.0012, 0.000050
2501, -16.2273, 0.0012, 0.000050
2502, -16.6136, 0.0006, 0.000050
2503, -20.4419, 0.0007, 0.000050
2504, -15.8864, 0.0008, 0.000050
2505, -18.0455, 0.0039, 0.000050
2506, -18.3182, 0.0008, 0.000050
2507, -21.4651, 0.0012, 0.000050
2508, -17.4773, 0.0006, 0.000050
2509, -21.1905, 0.0013, 0.000050
2510, -18.5455, 0.0022, 0.000050
2511, -19.4773, 0.0021, 0.000050
2512, -13.9545, 0.0007, 0.000050
2513, -19.5682, 0.0021, 0.000050
2514, -15.0227, 0.0058, 0.000050
2515, -15.2955, 0.0009, 0.000050
2516, -23.1591, 0.0009, 0.000050
2517, -18.9091, 0.0022, 0.000050
2518, -15.9091, 0.0008, 0.000050
2519, -18.0000, 0.0030, 0.000050
2520, -15.4773, 0.0008, 0.000050
2521, -18.6136, 0.0110, 0.000050
2522, -18.1136, 0.0036, 0.000050
2523, -20.3636, 0.0006, 0.000050
2524, -17.3182, 0.0007, 0.000050
2525, -21.5682, 0.0012, 0.000050
2526, -14.8636, 0.0007, 0.000050
2527, -18.0909, 0.0008, 0.000050
2528, -19.0682, 0.0009, 0.000050
2529, -15.9762, 0.0010, 0.000050
2530, -22.4773, 0.0010, 0.000050
2531, -17.7273, 0.0019, 0.000050
2532, -16.9773, 0.0007, 0.000050
2533, -16.1364, 0.0030, 0.000050
2534, -20.9545, 0.0014, 0.000050
2535, -18.4773, 0.0014, 0.000050
2536, -17.6136, 0.0008, 0.000050
2537, -20.3409, 0.0046, 0.000050
2538, -18.3864, 0.0008, 0.000050
2539, -15.8182, 0.0006, 0.000050
2540, -17.1818, 0.0058, 0.000050
2541, -20.5227, 0.0026, 0.000050
2542, -19.6136, 0.0012, 0.000050
2543, -15.1136, 0.0053, 0.000050
2544, -16.4545, 0.0007, 0.000050
2545, -16.0000, 0.0052, 0.000050
2546, -18.0238, 0.0007, 0.000050
2547, -18.4318, 0.0016, 0.000050
2548, -20.6818, 0.0018, 0.000050
2549, -14.0227, 0.0007, 0.000050
2550, -22.2500, 0.0009, 0.000050
2551, -23.4773, 0.0008, 0.000050
2552, -18.0909, 0.0039, 0.000050
2553, -16.9545, 0.0102, 0.000050
2554, -16.4773, 0.0007, 0.000050
2555, -17.9091, 0.0014, 0.000050
2556, -15.0000, 0.0007, 0.000050
2557, -21.2727, 0.0010, 0.000050
2558, -16.5682, 0.0007, 0.000050
2559, -15.2727, 0.0008, 0.000050
2560, -16.9302, 0.0007, 0.000050
2561, -21.0455, 0.0009, 0.000050
2562, -16.5909, 0.0028, 0.000050
2563, -23.3182, 0.0008, 0.000050
2564, -17.2273, 0.0007, 0.000050
2565, -18.4318, 0.0008, 0.000050
2566, -18.6818, 0.0008, 0.000050
2567, -16.4545, 0.0011, 0.000050
2568, -19.5000, 0.0110, 0.000050
2569, -19.3864, 0.0013, 0.000050
2570, -15.4091, 0.0006, 0.000050
2571, -19.7500, 0.0009, 0.000050
2572, -18.1591, 0.0102, 0.000050
2573, -19.7727, 0.0009, 0.000050
2574, -16.6364, 0.0007, 0.000050
2575, -16.0682, 0.0013, 0.000050
2576, -18.7955, 0.0010, 0.000050
2577, -18.7273, 0.0008, 0.000050
2578, -15.9773, 0.0007, 0.000050
2579, -20.5909, 0.0102, 0.000050
2580, -20.8409, 0.0020, 0.000050
2581, -18.8182, 0.0093, 0.000050
2582, -16.2955, 0.0007, 0.000050
2583, -16.9545, 0.0008, 0.000050
2584, -14.6136, 0.0086, 0.000050
2585, -18.6591, 0.0012, 0.000050
2586, -19.0682, 0.0042, 0.000050
2587, -20.8409, 0.0011, 0.000050
2588, -16.5455, 0.0006, 0.000050
2589, -15.9767, 0.0006, 0.000050
2590, -20.3409, 0.0015, 0.000050
2591, -16.0465, 0.0031, 0.000050
2592, -14.0455, 0.0009, 0.000050
2593, -18.1364, 0.0005, 0.000050
2594, -18.3636, 0.0086, 0.000050
2595, -18.1591, 0.0008, 0.000050
2596, -17.6818, 0.0024, 0.000050
2597, -17.0909, 0.0007, 0.000050
2598, -19.1364, 0.0007, 0.000050
2599, -17.8182, 0.0083, 0.000050
2600, -15.7273, 0.0006, 0.000050
2601, -17.3636, 0.0009, 0.000050
2602, -18.8182, 0.0029, 0.000050
2603, -17.2045, 0.0006, 0.000050
2604, -15.9091, 0.0017, 0.000050
2605, -15.5000, 0.0008, 0.000050
2606, -16.5909, 0.0007, 0.000050
2607, -16.0682, 0.0008, 0.000050
2608, -16.5455, 0.0007, 0.000050
2609, -19.0000, 0.0086, 0.000050
2610, -18.0909, 0.0016, 0.000050
2611, -19.1860, 0.0010, 0.000050
2612, -23.4773, 0.0010, 0.000050
2613, -19.2955, 0.0019, 0.000050
2614, -16.8409, 0.0019, 0.000050
2615, -19.2727, 0.0024, 0.000050
2616, -17.0909, 0.0032, 0.000050
2617, -17.2045, 0.0012, 0.000050
2618, -22.7273, 0.0007, 0.000050
2619, -17.6136, 0.0007, 0.000050
2620, -19.4091, 0.0009, 0.000050
2621, -17.1591, 0.0030, 0.000050
2622, -16.8636, 0.0008, 0.000050
2623, -15.9773, 0.0008, 0.000050
2624, -14.3182, 0.0008, 0.000050
2625, -15.3864, 0.0007, 0.000050
2626, -20.4318, 0.0055, 0.000050
2627, -19.2558, 0.0009, 0.000050
2628, -19.5000, 0.0017, 0.000050
2629, -16.9545, 0.0007, 0.000050
2630, -19.7273, 0.0014, 0.000050
2631, -20.4091, 0.0030, 0.000050
2632, -16.5227, 0.0006, 0.000050
2633, -17.3864, 0.0010, 0.000050
2634, -16.4091, 0.0006, 0.000050
2635, -15.2955, 0.0007, 0.000050
2636, -17.1818, 0.0009, 0.000050
2637, -18.6364, 0.0007, 0.000050
2638, -18.9318, 0.0110, 0.000050
2639, -19.4091, 0.0037, 0.000050
2640, -16.5227, 0.0017, 0.000050
2641, -17.5455, 0.0007, 0.000050
2642, -20.5227, 0.0018, 0.000050
2643, -18.6136, 0.0099, 0.000050
2644, -16.5455, 0.0090, 0.000050
2645, -15.0909, 0.0005, 0.000050
2646, -18.5682, 0.0031, 0.000050
2647, -18.7273, 0.0007, 0.000050
2648, -18.8409, 0.0014, 0.000050
2649, -18.3636, 0.0006, 0.000050
2650, -14.4545, 0.0006, 0.000050
2651, -16.0000, 0.0045, 0.000050
2652, -15.8864, 0.0007, 0.000050
2653, -15.0455, 0.0008, 0.000050
2654, -19.8636, 0.0011, 0.000050
2655, -20.4545, 0.0014, 0.000050
2656, -15.2045, 0.0007, 0.000050
2657, -17.0000, 0.0007, 0.000050
2658, -15.9773, 0.0013, 0.000050
2659, -15.0227, 0.0007, 0.000050
2660, -19.2727, 0.0023, 0.000050
2661, -15.0227, 0.0026, 0.000050
2662, -15.5455, 0.0007, 0.000050
2663, -19.5455, 0.0008, 0.000050
2664, -18.3182, 0.0009, 0.000050
2665, -20.2955, 0.0014, 0.000050
2666, -17.8864, 0.0009, 0.000050
2667, -15.8409, 0.0010, 0.000050
2668, -24.2273, 0.0010, 0.000050
2669, -18.4545, 0.0007, 0.000050
2670, -18.7045, 0.0107, 0.000050
2671, -14.8864, 0.0008, 0.000050
2672, -17.7500, 0.0007, 0.000050
2673, -19.7273, 0.0021, 0.000050
2674, -15.8409, 0.0009, 0.000050
2675, -14.1591, 0.0011, 0.000050
2676, -15.1860, 0.0006, 0.000050
2677, -13.7273, 0.0007, 0.000050
2678, -17.0000, 0.0007, 0.000050
2679, -15.8636, 0.0007, 0.000050
2680, -13.4091, 0.0007, 0.000050
2681, -16.7442, 0.0008, 0.000050
2682, -20.4091, 0.0014, 0.000050
2683, -15.4318, 0.0007, 0.000050
2684, -17.6591, 0.0026, 0.000050
2685, -17.1818, 0.0030, 0.000050
2686, -20.9773, 0.0019, 0.000050
2687, -19.4773, 0.0107, 0.000050
2688, -21.6364, 0.0011, 0.000050
2689, -18.0909, 0.0008, 0.000050
2690, -18.0455, 0.0008, 0.000050
2691, -19.9545, 0.0058, 0.000050
2692, -16.5909, 0.0007, 0.000050
2693, -17.5455, 0.0007, 0.000050
2694, -14.9773, 0.0009, 0.000050
2695, -15.5000, 0.0018, 0.000050
2696, -15.0000, 0.0006, 0.000050
2697, -17.5227, 0.0022, 0.000050
2698, -19.0455, 0.0010, 0.000050
2699, -13.3636, 0.0011, 0.000050
2700, -17.8864, 0.0012, 0.000050
2701, -17.8409, 0.0007, 0.000050
2702, -15.5455, 0.0008, 0.000050
2703, -18.3182, 0.0008, 0.000050
2704, -18.5000, 0.0011, 0.000050
2705, -21.2955, 0.0008, 0.000050
2706, -21.4091, 0.0024, 0.000050
2707, -16.0909, 0.0008, 0.000050
2708, -18.7727, 0.0018, 0.000050
2709, -16.9318, 0.0061, 0.000050
2710, -16.9545, 0.0025, 0.000050
2711, -19.2273, 0.0018, 0.000050
2712, -18.2955, 0.0010, 0.000050
2713, -18.0909, 0.0013, 0.000050
2714, -16.7727, 0.0030, 0.000050
2715, -16.1818, 0.0008, 0.000050
2716, -18.0238, 0.0024, 0.000050
2717, -18.5227, 0.0030, 0.000050
2718, -17.5682, 0.0006, 0.000050
2719, -16.4091, 0.0011, 0.000050
2720, -19.9091, 0.0016, 0.000050
2721, -19.2500, 0.0017, 0.000050
2722, -14.9070, 0.0006, 0.000050
2723, -17.1591, 0.0010, 0.000050
2724, -15.1136, 0.0007, 0.000050
2725, -19.4773, 0.0028, 0.000050
2726, -16.8636, 0.0010, 0.000050
2727, -15.8409, 0.0007, 0.000050
2728, -16.0227, 0.0010, 0.000050
2729, -18.2273, 0.0022, 0.000050
2730, -19.5714, 0.0007, 0.000050
2731, -15.5000, 0.0007, 0.000050
2732, -22.0909, 0.0050, 0.000050
2733, -17.9318, 0.0021, 0.000050
2734, -17.1364, 0.0060, 0.000050
2735, -17.2273, 0.0008, 0.000050
2736, -23.5000, 0.0008, 0.000050
2737, -20.8409, 0.0020, 0.000050
2738, -20.7045, 0.0023, 0.000050
2739, -16.5227, 0.0007, 0.000050
2740, -20.1136, 0.0013, 0.000050
2741, -18.2727, 0.0009, 0.000050
2742, -15.0682, 0.0007, 0.000050
2743, -13.9091, 0.0008, 0.000050
2744, -19.0227, 0.0014, 0.000050
2745, -17.4545, 0.0014, 0.000050
2746, -18.1136, 0.0016, 0.000050
2747, -15.1818, 0.0005, 0.000050
2748, -17.1818, 0.0008, 0.000050
2749, -15.4773, 0.0007, 0.000050
2750, -16.2955, 0.0022, 0.000050
2751, -18.0682, 0.0009, 0.000050
2752, -17.5000, 0.0063, 0.000050
2753, -21.8409, 0.0010, 0.000050
2754, -16.5909, 0.0026, 0.000050
2755, -15.4773, 0.0008, 0.000050
2756, -20.2500, 0.0042, 0.000050
2757, -15.9773, 0.0008, 0.000050
2758, -19.2093, 0.0008, 0.000050
2759, -22.8837, 0.0009, 0.000050
2760, -18.9302, 0.0047, 0.000050
2761, -17.5682, 0.0007, 0.000050
2762, -17.1818, 0.0028, 0.000050
2763, -14.7955, 0.0007, 0.000050
2764, -16.5227, 0.0062, 0.000050
2765, -17.0909, 0.0007, 0.000050
2766, -14.3182, 0.0006, 0.000050
2767, -14.4773, 0.0008, 0.000050
2768, -19.8409, 0.0024, 0.000050
2769, -16.2045, 0.0008, 0.000050
2770, -17.7273, 0.0008, 0.000050
2771, -18.3864, 0.0023, 0.000050
2772, -17.5227, 0.0011, 0.000050
2773, -16.1818, 0.0012, 0.000050
2774, -16.5909, 0.0022, 0.000050
2775, -15.2045, 0.0007, 0.000050
2776, -15.7273, 0.0007, 0.000050
2777, -15.6818, 0.0042, 0.000050
2778, -20.1818, 0.0011, 0.000050
2779, -18.8409, 0.0017, 0.000050
2780, -23.2619, 0.0014, 0.000050
2781, -13.1818, 0.0007, 0.000050
2782, -18.6591, 0.0014, 0.000050
2783, -17.6136, 0.0008, 0.000050
2784, -14.4091, 0.0007, 0.000050
2785, -16.7273, 0.0042, 0.000050
2786, -18.6591, 0.0058, 0.000050
2787, -22.4773, 0.0017, 0.000050
2788, -16.5227, 0.0007, 0.000050
2789, -16.5227, 0.0057, 0.000050
2790, -16.7727, 0.0007, 0.000050
2791, -16.7273, 0.0008, 0.000050
2792, -19.3864, 0.0027, 0.000050
2793, -23.7955, 0.0006, 0.000050
2794, -15.5000, 0.0007, 0.000050
2795, -19.0227, 0.0007, 0.000050
2796, -16.5909, 0.0010, 0.000050
2797, -22.6818, 0.0011, 0.000050
2798, -23.7955, 0.0010, 0.000050
2799, -19.5227, 0.0064, 0.000050
2800, -17.7045, 0.0008, 0.000050
2801, -19.1591, 0.0014, 0.000050
2802, -20.5682, 0.0043, 0.000050
2803, -23.9535, 0.0010, 0.000050
2804, -21.6136, 0.0014, 0.000050
2805, -19.2273, 0.0044, 0.000050
2806, -21.0682, 0.0020, 0.000050
2807, -16.3864, 0.0008, 0.000050
2808, -15.9545, 0.0007, 0.000050
2809, -16.6818, 0.0117, 0.000050
2810, -19.2045, 0.0025, 0.000050
2811, -16.1628, 0.0055, 0.000050
2812, -17.6364, 0.0029, 0.000050
2813, -16.0000, 0.0007, 0.000050
2814, -15.2045, 0.0007, 0.000050
2815, -15.5000, 0.0099, 0.000050
2816, -15.8182, 0.0006, 0.000050
2817, -15.3864, 0.0006, 0.000050
2818, -15.8636, 0.0007, 0.000050
2819, -16.5455, 0.0010, 0.000050
2820, -19.1136, 0.0009, 0.000050
2821, -13.6591, 0.0007, 0.000050
2822, -20.0682, 0.0016, 0.000050
2823, -17.5000, 0.0008, 0.000050
2824, -21.3023, 0.0009, 0.000050
2825, -20.7273, 0.0014, 0.000050
2826, -13.6818, 0.0009, 0.000050
2827, -15.9545, 0.0006, 0.000050
2828, -16.4318, 0.0007, 0.000050
2829, -17.8409, 0.0007, 0.000050
2830, -17.5000, 0.0007, 0.000050
2831, -16.1591, 0.0007, 0.000050
2832, -19.7500, 0.0020, 0.000050
2833, -19.2500, 0.0007, 0.000050
2834, -15.5227, 0.0007, 0.000050
2835, -15.2273, 0.0007, 0.000050
2836, -20.4318, 0.0026, 0.000050
2837, -17.3182, 0.0007, 0.000050
2838, -17.6364, 0.0008, 0.000050
2839, -19.0455, 0.0009, 0.000050
2840, -16.6364, 0.0034, 0.000050
2841, -14.5000, 0.0006, 0.000050
2842, -18.8864, 0.0009, 0.000050
2843, -22.8864, 0.0014, 0.000050
2844, -17.2727, 0.0008, 0.000050
2845, -17.4545, 0.0008, 0.000050
2846, -19.9773, 0.0047, 0.000050
2847, -15.9545, 0.0008, 0.000050
2848, -17.1364, 0.0058, 0.000050
2849, -15.6818, 0.0007, 0.000050
2850, -20.1136, 0.0125, 0.000050
2851, -17.5000, 0.0039, 0.000050
2852, -15.5227, 0.0008, 0.000050
2853, -19.9318, 0.0008, 0.000050
2854, -16.1818, 0.0008, 0.000050
2855, -18.0227, 0.0056, 0.000050
2856, -16.5476, 0.0007, 0.000050
2857, -17.6591, 0.0015, 0.000050
2858, -16.3864, 0.0018, 0.000050
2859, -16.2955, 0.0020, 0.000050
2860, -18.1591, 0.0007, 0.000050
2861, -15.3182, 0.0006, 0.000050
2862, -19.0000, 0.0105, 0.000050
2863, -18.3409, 0.0009, 0.000050
2864, -20.1591, 0.0008, 0.000050
2865, -22.1136, 0.0013, 0.000050
2866, -16.7955, 0.0008, 0.000050
2867, -18.0909, 0.0007, 0.000050
2868, -19.3409, 0.0009, 0.000050
2869, -18.2727, 0.0105, 0.000050
2870, -17.2045, 0.0095, 0.000050
2871, -21.1818, 0.0008, 0.000050
2872, -18.6818, 0.0007, 0.000050
2873, -15.4091, 0.0006, 0.000050
2874, -21.2500, 0.0007, 0.000050
2875, -18.3023, 0.0006, 0.000050
2876, -21.1364, 0.0015, 0.000050
2877, -17.4762, 0.0013, 0.000050
2878, -21.8636, 0.0009, 0.000050
2879, -19.2727, 0.0008, 0.000050
2880, -17.7273, 0.0007, 0.000050
2881, -18.7500, 0.0037, 0.000050
2882, -18.2045, 0.0018, 0.000050
2883, -21.2500, 0.0011, 0.000050
2884, -22.4545, 0.0007, 0.000050
2885, -18.2273, 0.0009, 0.000050
2886, -16.3182, 0.0008, 0.000050
2887, -17.3864, 0.0008, 0.000050
2888, -16.5000, 0.0018, 0.000050
2889, -18.4773, 0.0055, 0.000050
2890, -15.2955, 0.0007, 0.000050
2891, -18.7500, 0.0014, 0.000050
2892, -15.7273, 0.0007, 0.000050
2893, -20.1818, 0.0035, 0.000050
2894, -24.1364, 0.0010, 0.000050
2895, -18.0682, 0.0109, 0.000050
2896, -23.2955, 0.0012, 0.000050
2897, -17.2500, 0.0010, 0.000050
2898, -14.9318, 0.0007, 0.000050
2899, -16.8636, 0.0024, 0.000050
2900, -23.5238, 0.0033, 0.000050
2901, -19.8182, 0.0007, 0.000050
2902, -16.5581, 0.0009, 0.000050
2903, -15.5227, 0.0106, 0.000050
2904, -18.1364, 0.0036, 0.000050
2905, -22.2727, 0.0010, 0.000050
2906, -22.1591, 0.0016, 0.000050
2907, -17.3721, 0.0008, 0.000050
2908, -16.2273, 0.0007, 0.000050
2909, -19.2955, 0.0010, 0.000050
2910, -23.0000, 0.0011, 0.000050
2911, -14.1818, 0.0009, 0.000050
2912, -19.1364, 0.0105, 0.000050
2913, -19.0000, 0.0018, 0.000050
2914, -19.1395, 0.0007, 0.000050
2915, -16.5909, 0.0007, 0.000050
2916, -21.7273, 0.0016, 0.000050
2917, -19.8636, 0.0016, 0.000050
2918, -16.7143, 0.0006, 0.000050
2919, -16.1818, 0.0101, 0.000050
2920, -16.5000, 0.0017, 0.000050
2921, -20.1818, 0.0012, 0.000050
2922, -16.4545, 0.0009, 0.000050
2923, -20.6136, 0.0014, 0.000050
2924, -19.5909, 0.0006, 0.000050
2925, -16.2500, 0.0006, 0.000050
2926, -16.8182, 0.0007, 0.000050
2927, -18.5000, 0.0027, 0.000050
2928, -21.4091, 0.0008, 0.000050
2929, -18.1818, 0.0007, 0.000050
2930, -20.9773, 0.0010, 0.000050
2931, -16.5581, 0.0006, 0.000050
2932, -16.7045, 0.0007, 0.000050
2933, -16.1364, 0.0030, 0.000050
2934, -18.1628, 0.0015, 0.000050
2935, -13.8864, 0.0008, 0.000050
2936, -22.0227, 0.0008, 0.000050
2937, -14.9545, 0.0007, 0.000050
2938, -17.8636, 0.0007, 0.000050
2939, -18.0455, 0.0007, 0.000050
2940, -19.8636, 0.0059, 0.000050
2941, -15.2500, 0.0006, 0.000050
2942, -19.4545, 0.0009, 0.000050
2943, -21.3409, 0.0014, 0.000050
2944, -26.7273, 0.0008, 0.000050
2945, -17.3409, 0.0033, 0.000050
2946, -18.9773, 0.0009, 0.000050
2947, -17.8182, 0.0060, 0.000050
2948, -20.6364, 0.0019, 0.000050
2949, -19.2955, 0.0059, 0.000050
2950, -15.9545, 0.0024, 0.000050
2951, -14.2500, 0.0007, 0.000050
2952, -17.3864, 0.0107, 0.000050
2953, -14.7955, 0.0006, 0.000050
2954, -18.2500, 0.0008, 0.000050
2955, -18.6136, 0.0008, 0.000050
2956, -16.8409, 0.0007, 0.000050
2957, -16.7955, 0.0010, 0.000050
2958, -21.1591, 0.0007, 0.000050
2959, -18.2500, 0.0008, 0.000050
2960, -15.9545, 0.0006, 0.000050
2961, -18.0455, 0.0020, 0.000050
2962, -20.5909, 0.0015, 0.000050
2963, -15.5682, 0.0007, 0.000050
2964, -13.7727, 0.0007, 0.000050
2965, -19.1591, 0.0022, 0.000050
2966, -14.4773, 0.0009, 0.000050
2967, -18.3636, 0.0014, 0.000050
2968, -22.6591, 0.0009, 0.000050
2969, -18.0909, 0.0008, 0.000050
2970, -14.5909, 0.0006, 0.000050
2971, -20.0455, 0.0015, 0.000050
2972, -17.5455, 0.0009, 0.000050
2973, -17.2727, 0.0010, 0.000050
2974, -19.5909, 0.0014, 0.000050
2975, -17.5909, 0.0021, 0.000050
2976, -16.9091, 0.0009, 0.000050
2977, -16.2955, 0.0008, 0.000050
2978, -13.7955, 0.0008, 0.000050
2979, -18.0909, 0.0009, 0.000050
2980, -13.6818, 0.0041, 0.000050
2981, -16.1818, 0.0007, 0.000050
2982, -13.8182, 0.0007, 0.000050
2983, -22.6364, 0.0011, 0.000050
2984, -19.3636, 0.0061, 0.000050
2985, -15.7727, 0.0056, 0.000050
2986, -20.0909, 0.0014, 0.000050
2987, -16.2727, 0.0007, 0.000050
2988, -18.1628, 0.0057, 0.000050
2989, -19.2273, 0.0008, 0.000050
2990, -20.9286, 0.0010, 0.000050
2991, -14.7727, 0.0007, 0.000050
2992, -15.5682, 0.0107, 0.000050
2993, -18.2500, 0.0098, 0.000050
2994, -16.3864, 0.0046, 0.000050
2995, -18.9318, 0.0012, 0.000050
2996, -15.1591, 0.0006, 0.000050
2997, -17.1591, 0.0006, 0.000050
2998, -17.6136, 0.0007, 0.000050
2999, -16.6136, 0.0007, 0.000050
3000, -16.0682, 0.0092, 0.000050
3001, -15.7727, 0.0009, 0.000050
3002, -18.1163, 0.0007, 0.000050
3003, -17.5227, 0.0016, 0.000050
3004, -19.8864, 0.0009, 0.000050
3005, -17.5682, 0.0007, 0.000050
3006, -16.7045, 0.0006, 0.000050
3007, -13.8636, 0.0007, 0.000050
3008, -17.4773, 0.0006, 0.000050
3009, -14.7727, 0.0005, 0.000050
3010, -22.1364, 0.0011, 0.000050
3011, -14.0227, 0.0011, 0.000050
3012, -18.8182, 0.0013, 0.000050
3013, -19.8372, 0.0008, 0.000050
3014, -20.1364, 0.0016, 0.000050
3015, -20.6591, 0.0009, 0.000050
3016, -16.6591, 0.0028, 0.000050
3017, -16.2273, 0.0007, 0.000050
3018, -18.5227, 0.0017, 0.000050
3019, -20.3182, 0.0015, 0.000050
3020, -20.1136, 0.0008, 0.000050
3021, -18.9773, 0.0048, 0.000050
3022, -14.7273, 0.0006, 0.000050
3023, -18.8864, 0.0007, 0.000050
3024, -18.8182, 0.0006, 0.000050
3025, -17.2273, 0.0007, 0.000050
3026, -15.9773, 0.0030, 0.000050
3027, -16.5814, 0.0056, 0.000050
3028, -19.1591, 0.0012, 0.000050
3029, -14.7273, 0.0008, 0.000050
3030, -20.5682, 0.0009, 0.000050
3031, -17.4318, 0.0008, 0.000050
3032, -15.7273, 0.0007, 0.000050
3033, -17.4762, 0.0008, 0.000050
3034, -14.5682, 0.0007, 0.000050
3035, -19.7045, 0.0019, 0.000050
3036, -17.9091, 0.0008, 0.000050
3037, -17.0682, 0.0008, 0.000050
3038, -20.2955, 0.0042, 0.000050
3039, -18.7045, 0.0008, 0.000050
3040, -18.7143, 0.0042, 0.000050
3041, -17.1591, 0.0006, 0.000050
3042, -20.2045, 0.0011, 0.000050
3043, -14.5000, 0.0007, 0.000050
3044, -16.1591, 0.0008, 0.000050
3045, -15.2955, 0.0056, 0.000050
3046, -18.5227, 0.0008, 0.000050
3047, -13.8864, 0.0007, 0.000050
3048, -20.1364, 0.0015, 0.000050
3049, -16.5682, 0.0007, 0.000050
3050, -20.4091, 0.0008, 0.000050
3051, -22.7727, 0.0009, 0.000050
3052, -21.4318, 0.0015, 0.000050
3053, -20.2273, 0.0010, 0.000050
3054, -15.8636, 0.0007, 0.000050
3055, -15.5682, 0.0009, 0.000050
3056, -22.0682, 0.0013, 0.000050
3057, -17.2727, 0.0007, 0.000050
3058, -14.5682, 0.0007, 0.000050
3059, -19.3409, 0.0017, 0.000050
3060, -18.2727, 0.0012, 0.000050
3061, -15.7045, 0.0009, 0.000050
3062, -18.1591, 0.0008, 0.000050
3063, -15.1136, 0.0009, 0.000050
3064, -16.8182, 0.0009, 0.000050
3065, -16.2045, 0.0006, 0.000050
3066, -15.5227, 0.0008, 0.000050
3067, -15.4318, 0.0008, 0.000050
3068, -21.2955, 0.0038, 0.000050
3069, -18.8409, 0.0011, 0.000050
3070, -20.2727, 0.0008, 0.000050
3071, -17.9773, 0.0008, 0.000050
3072, -14.6591, 0.0008, 0.000050
3073, -20.2955, 0.0016, 0.000050
3074, -15.4091, 0.0009, 0.000050
3075, -20.0000, 0.0014, 0.000050
3076, -16.9318, 0.0128, 0.000050
3077, -18.1136, 0.0023, 0.000050
3078, -16.8409, 0.0008, 0.000050
3079, -16.2273, 0.0007, 0.000050
3080, -19.0930, 0.0023, 0.000050
3081, -16.0909, 0.0010, 0.000050
3082, -21.3409, 0.0018, 0.000050
3083, -16.9318, 0.0008, 0.000050
3084, -14.2500, 0.0007, 0.000050
3085, -18.6818, 0.0022, 0.000050
3086, -16.2045, 0.0008, 0.000050
3087, -15.2727, 0.0008, 0.000050
3088, -18.8182, 0.0017, 0.000050
3089, -19.9545, 0.0020, 0.000050
3090, -17.7273, 0.0018, 0.000050
3091, -18.7955, 0.0043, 0.000050
3092, -21.3636, 0.0034, 0.000050
3093, -19.4186, 0.0009, 0.000050
3094, -19.7273, 0.0043, 0.000050
3095, -15.2955, 0.0009, 0.000050
3096, -16.9318, 0.0007, 0.000050
3097, -18.7273, 0.0008, 0.000050
3098, -16.3864, 0.0117, 0.000050
3099, -15.7273, 0.0007, 0.000050
3100, -19.8409, 0.0007, 0.000050
3101, -20.2500, 0.0011, 0.000050
3102, -21.2955, 0.0015, 0.000050
3103, -15.3182, 0.0007, 0.000050
3104, -17.5000, 0.0007, 0.000050
3105, -16.4091, 0.0025, 0.000050
3106, -17.4091, 0.0008, 0.000050
3107, -16.2727, 0.0014, 0.000050
3108, -18.8864, 0.0012, 0.000050
3109, -21.0227, 0.0017, 0.000050
3110, -15.1818, 0.0009, 0.000050
3111, -18.1364, 0.0032, 0.000050
3112, -14.2955, 0.0007, 0.000050
3113, -17.5682, 0.0007, 0.000050
3114, -17.8636, 0.0113, 0.000050
3115, -19.4318, 0.0008, 0.000050
3116, -16.8636, 0.0007, 0.000050
3117, -24.1364, 0.0009, 0.000050
3118, -18.1136, 0.0006, 0.000050
3119, -20.0227, 0.0030, 0.000050
3120, -17.7955, 0.0110, 0.000050
3121, -13.7955, 0.0009, 0.000050
3122, -15.8409, 0.0008, 0.000050
3123, -14.7209, 0.0009, 0.000050
3124, -17.6591, 0.0015, 0.000050
3125, -24.0233, 0.0008, 0.000050
3126, -16.7273, 0.0009, 0.000050
3127, -12.9318, 0.0007, 0.000050
3128, -18.1818, 0.0021, 0.000050
3129, -16.8095, 0.0007, 0.000050
3130, -16.9545, 0.0025, 0.000050
3131, -19.7045, 0.0013, 0.000050
3132, -18.2045, 0.0021, 0.000050
3133, -15.4091, 0.0007, 0.000050
3134, -17.6818, 0.0027, 0.000050
3135, -23.7727, 0.0012, 0.000050
3136, -23.6279, 0.0012, 0.000050
3137, -16.7955, 0.0041, 0.000050
3138, -20.2727, 0.0025, 0.000050
3139, -15.7955, 0.0006, 0.000050
3140, -17.0455, 0.0058, 0.000050
3141, -16.0000, 0.0007, 0.000050
3142, -14.3636, 0.0008, 0.000050
3143, -13.7500, 0.0006, 0.000050
3144, -19.6818, 0.0010, 0.000050
3145, -18.4773, 0.0022, 0.000050
3146, -19.7727, 0.0008, 0.000050
3147, -18.7500, 0.0008, 0.000050
3148, -19.7273, 0.0010, 0.000050
3149, -17.0682, 0.0007, 0.000050
3150, -19.1136, 0.0034, 0.000050
3151, -14.0455, 0.0007, 0.000050
3152, -15.3636, 0.0008, 0.000050
3153, -16.0909, 0.0008, 0.000050
3154, -18.8409, 0.0008, 0.000050
3155, -17.0227, 0.0008, 0.000050
3156, -21.4286, 0.0009, 0.000050
3157, -18.1818, 0.0033, 0.000050
3158, -13.1364, 0.0008, 0.000050
3159, -20.2500, 0.0013, 0.000050
3160, -18.1628, 0.0113, 0.000050
3161, -16.7500, 0.0011, 0.000050
3162, -16.4773, 0.0007, 0.000050
3163, -17.4773, 0.0013, 0.000050
3164, -14.7442, 0.0009, 0.000050
3165, -15.1364, 0.0007, 0.000050
3166, -15.2727, 0.0008, 0.000050
3167, -14.0455, 0.0006, 0.000050
3168, -16.6136, 0.0006, 0.000050
3169, -17.3636, 0.0008, 0.000050
3170, -18.3636, 0.0013, 0.000050
3171, -14.2273, 0.0006, 0.000050
3172, -14.7955, 0.0009, 0.000050
3173, -18.2273, 0.0113, 0.000050
3174, -17.9318, 0.0055, 0.000050
3175, -19.3095, 0.0053, 0.000050
3176, -18.4318, 0.0007, 0.000050
3177, -18.5000, 0.0051, 0.000050
3178, -16.0455, 0.0008, 0.000050
3179, -23.6136, 0.0013, 0.000050
3180, -21.1818, 0.0008, 0.000050
3181, -16.2955, 0.0006, 0.000050
3182, -14.5455, 0.0017, 0.000050
3183, -16.5682, 0.0008, 0.000050
3184, -15.2045, 0.0007, 0.000050
3185, -22.4318, 0.0008, 0.000050
3186, -15.8182, 0.0006, 0.000050
3187, -15.3864, 0.0008, 0.000050
3188, -17.6136, 0.0009, 0.000050
3189, -16.7273, 0.0055, 0.000050
3190, -19.5909, 0.0102, 0.000050
3191, -18.2727, 0.0012, 0.000050
3192, -22.9318, 0.0013, 0.000050
3193, -22.3409, 0.0009, 0.000050
3194, -21.4545, 0.0015, 0.000050
3195, -19.4091, 0.0011, 0.000050
3196, -16.4318, 0.0007, 0.000050
3197, -20.3864, 0.0054, 0.000050
3198, -17.1818, 0.0006, 0.000050
3199, -18.2727, 0.0013, 0.000050
3200, -17.9545, 0.0014, 0.000050
3201, -19.9773, 0.0104, 0.000050
3202, -18.0227, 0.0007, 0.000050
3203, -20.9773, 0.0011, 0.000050
3204, -23.3864, 0.0010, 0.000050
3205, -19.4091, 0.0009, 0.000050
3206, -16.4091, 0.0008, 0.000050
3207, -19.9091, 0.0012, 0.000050
3208, -22.2727, 0.0006, 0.000050
3209, -15.9091, 0.0055, 0.000050
3210, -17.2500, 0.0030, 0.000050
3211, -20.0455, 0.0009, 0.000050
3212, -15.5000, 0.0028, 0.000050
3213, -16.0909, 0.0007, 0.000050
3214, -14.4545, 0.0053, 0.000050
3215, -18.2273, 0.0020, 0.000050
3216, -19.1364, 0.0010, 0.000050
3217, -16.7045, 0.0008, 0.000050
3218, -16.4773, 0.0006, 0.000050
3219, -18.0465, 0.0010, 0.000050
3220, -18.8409, 0.0007, 0.000050
3221, -15.7209, 0.0007, 0.000050
3222, -17.0000, 0.0007, 0.000050
3223, -24.1591, 0.0006, 0.000050
3224, -21.2500, 0.0008, 0.000050
3225, -18.1136, 0.0008, 0.000050
3226, -15.0682, 0.0021, 0.000050
3227, -19.1364, 0.0019, 0.000050
3228, -16.1591, 0.0007, 0.000050
3229, -16.5455, 0.0008, 0.000050
3230, -17.5000, 0.0007, 0.000050
3231, -14.8864, 0.0010, 0.000050
3232, -20.2500, 0.0112, 0.000050
3233, -22.7045, 0.0010, 0.000050
3234, -18.0455, 0.0009, 0.000050
3235, -20.1364, 0.0017, 0.000050
3236, -18.4773, 0.0012, 0.000050
3237, -15.6047, 0.0008, 0.000050
3238, -18.1136, 0.0011, 0.000050
3239, -18.3636, 0.0017, 0.000050
3240, -16.4773, 0.0010, 0.000050
3241, -17.9091, 0.0008, 0.000050
3242, -18.0682, 0.0008, 0.000050
3243, -18.2273, 0.0020, 0.000050
3244, -22.2500, 0.0009, 0.000050
3245, -21.6364, 0.0010, 0.000050
3246, -16.3182, 0.0117, 0.000050
3247, -17.5455, 0.0007, 0.000050
3248, -14.8864, 0.0008, 0.000050
3249, -17.5682, 0.0056, 0.000050
3250, -16.4091, 0.0037, 0.000050
3251, -20.3409, 0.0019, 0.000050
3252, -19.7045, 0.0007, 0.000050
3253, -19.6364, 0.0029, 0.000050
3254, -16.8182, 0.0021, 0.000050
3255, -16.3409, 0.0007, 0.000050
3256, -13.7955, 0.0006, 0.000050
3257, -25.9762, 0.0008, 0.000050
3258, -17.8864, 0.0007, 0.000050
3259, -16.9318, 0.0007, 0.000050
3260, -20.7045, 0.0058, 0.000050
3261, -15.8409, 0.0014, 0.000050
3262, -18.8864, 0.0008, 0.000050
3263, -17.0909, 0.0009, 0.000050
3264, -17.4773, 0.0007, 0.000050
3265, -17.4545, 0.0058, 0.000050
3266, -19.5227, 0.0021, 0.000050
3267, -15.2955, 0.0012, 0.000050
3268, -18.3636, 0.0032, 0.000050
3269, -17.7045, 0.0057, 0.000050
3270, -16.0909, 0.0007, 0.000050
3271, -19.5455, 0.0055, 0.000050
3272, -18.7045, 0.0016, 0.000050
3273, -14.9545, 0.0006, 0.000050
3274, -21.1818, 0.0009, 0.000050
3275, -23.2791, 0.0030, 0.000050
3276, -16.4545, 0.0013, 0.000050
3277, -14.7273, 0.0008, 0.000050
3278, -15.9318, 0.0006, 0.000050
3279, -17.5682, 0.0010, 0.000050
3280, -16.5682, 0.0010, 0.000050
3281, -21.5000, 0.0010, 0.000050
3282, -18.1818, 0.0111, 0.000050
3283, -16.6136, 0.0008, 0.000050
3284, -15.1136, 0.0052, 0.000050
3285, -20.5455, 0.0021, 0.000050
3286, -19.1591, 0.0016, 0.000050
3287, -19.2045, 0.0007, 0.000050
3288, -18.8864, 0.0008, 0.000050
3289, -16.6818, 0.0053, 0.000050
3290, -23.4091, 0.0021, 0.000050
3291, -15.3409, 0.0009, 0.000050
3292, -16.1667, 0.0007, 0.000050
3293, -19.3409, 0.0009, 0.000050
3294, -19.9318, 0.0014, 0.000050
3295, -18.4545, 0.0021, 0.000050
3296, -16.6136, 0.0013, 0.000050
3297, -18.8409, 0.0026, 0.000050
3298, -17.2045, 0.0037, 0.000050
3299, -19.3182, 0.0008, 0.000050
3300, -15.6364, 0.0015, 0.000050
3301, -19.8864, 0.0013, 0.000050
3302, -19.9318, 0.0012, 0.000050
3303, -15.8636, 0.0008, 0.000050
3304, -18.3409, 0.0015, 0.000050
3305, -16.5000, 0.0006, 0.000050
3306, -20.3636, 0.0009, 0.000050
3307, -22.3256, 0.0015, 0.000050
3308, -20.6591, 0.0027, 0.000050
3309, -17.2955, 0.0014, 0.000050
3310, -14.2273, 0.0009, 0.000050
3311, -16.0909, 0.0009, 0.000050
3312, -17.3488, 0.0009, 0.000050
3313, -15.2273, 0.0008, 0.000050
3314, -18.5000, 0.0006, 0.000050
3315, -18.7955, 0.0011, 0.000050
3316, -21.6364, 0.0013, 0.000050
3317, -16.9773, 0.0010, 0.000050
3318, -15.3864, 0.0008, 0.000050
3319, -16.8409, 0.0008, 0.000050
3320, -15.1364, 0.0022, 0.000050
3321, -16.5455, 0.0009, 0.000050
3322, -19.0227, 0.0019, 0.000050
3323, -17.7500, 0.0028, 0.000050
3324, -19.0682, 0.0013, 0.000050
3325, -23.1818, 0.0015, 0.000050
3326, -16.9773, 0.0006, 0.000050
3327, -15.1136, 0.0006, 0.000050
3328, -15.9318, 0.0008, 0.000050
3329, -16.9773, 0.0007, 0.000050
3330, -16.5909, 0.0030, 0.000050
3331, -15.5000, 0.0008, 0.000050
3332, -17.9318, 0.0018, 0.000050
3333, -15.5000, 0.0006, 0.000050
3334, -15.3182, 0.0009, 0.000050
3335, -16.1591, 0.0007, 0.000050
3336, -16.2500, 0.0007, 0.000050
3337, -17.5000, 0.0029, 0.000050
3338, -14.7273, 0.0010, 0.000050
3339, -20.1364, 0.0009, 0.000050
3340, -17.1818, 0.0008, 0.000050
3341, -15.0682, 0.0011, 0.000050
3342, -20.4091, 0.0011, 0.000050
3343, -18.8409, 0.0009, 0.000050
3344, -15.3636, 0.0009, 0.000050
3345, -16.2955, 0.0015, 0.000050
3346, -18.2273, 0.0007, 0.000050
3347, -18.6279, 0.0007, 0.000050
3348, -14.2500, 0.0010, 0.000050
3349, -17.7273, 0.0019, 0.000050
3350, -21.5000, 0.0009, 0.000050
3351, -17.7500, 0.0009, 0.000050
3352, -16.9773, 0.0007, 0.000050
3353, -13.1136, 0.0012, 0.000050
3354, -17.7955, 0.0019, 0.000050
3355, -16.8409, 0.0008, 0.000050
3356, -14.0000, 0.0009, 0.000050
3357, -16.5227, 0.0007, 0.000050
3358, -17.2143, 0.0007, 0.000050
3359, -18.8372, 0.0031, 0.000050
3360, -16.8605, 0.0008, 0.000050
3361, -17.6364, 0.0009, 0.000050
3362, -16.2273, 0.0008, 0.000050
3363, -17.0455, 0.0008, 0.000050
3364, -16.7727, 0.0026, 0.000050
3365, -16.7619, 0.0009, 0.000050
3366, -16.0227, 0.0025, 0.000050
3367, -17.7045, 0.0010, 0.000050
3368, -20.2045, 0.0013, 0.000050
3369, -18.3409, 0.0030, 0.000050
3370, -19.7727, 0.0011, 0.000050
3371, -18.7273, 0.0023, 0.000050
3372, -19.7045, 0.0013, 0.000050
3373, -18.2500, 0.0019, 0.000050
3374, -14.7500, 0.0007, 0.000050
3375, -17.9773, 0.0066, 0.000050
3376, -16.9318, 0.0009, 0.000050
3377, -16.2500, 0.0007, 0.000050
3378, -17.4091, 0.0029, 0.000050
3379, -24.7674, 0.0009, 0.000050
3380, -20.2045, 0.0012, 0.000050
3381, -17.3636, 0.0033, 0.000050
3382, -16.1364, 0.0007, 0.000050
3383, -22.5227, 0.0010, 0.000050
3384, -16.9545, 0.0009, 0.000050
3385, -20.5000, 0.0009, 0.000050
3386, -17.8636, 0.0016, 0.000050
3387, -20.5455, 0.0012, 0.000050
3388, -18.3095, 0.0008, 0.000050
3389, -21.7045, 0.0011, 0.000050
3390, -17.3864, 0.0007, 0.000050
3391, -16.3333, 0.0007, 0.000050
3392, -14.5227, 0.0006, 0.000050
3393, -16.7273, 0.0008, 0.000050
3394, -15.3636, 0.0014, 0.000050
3395, -17.4318, 0.0010, 0.000050
3396, -14.5909, 0.0008, 0.000050
3397, -16.7500, 0.0007, 0.000050
3398, -17.5682, 0.0007, 0.000050
3399, -18.6364, 0.0024, 0.000050
3400, -16.4318, 0.0008, 0.000050
3401, -24.5909, 0.0017, 0.000050
3402, -19.3636, 0.0010, 0.000050
3403, -14.4318, 0.0007, 0.000050
3404, -23.9318, 0.0011, 0.000050
3405, -17.8409, 0.0070, 0.000050
3406, -19.9773, 0.0010, 0.000050
3407, -17.5909, 0.0014, 0.000050
3408, -16.2273, 0.0007, 0.000050
3409, -17.0465, 0.0044, 0.000050
3410, -23.2045, 0.0016, 0.000050
3411, -16.9091, 0.0009, 0.000050
3412, -18.9318, 0.0046, 0.000050
3413, -17.5455, 0.0007, 0.000050
3414, -22.7045, 0.0009, 0.000050
3415, -19.7955, 0.0008, 0.000050
3416, -16.2273, 0.0125, 0.000050
3417, -24.2273, 0.0011, 0.000050
3418, -15.1364, 0.0008, 0.000050
3419, -18.8636, 0.0009, 0.000050
3420, -16.5000, 0.0022, 0.000050
3421, -19.1136, 0.0031, 0.000050
3422, -20.2500, 0.0032, 0.000050
3423, -19.1860, 0.0010, 0.000050
3424, -18.5238, 0.0023, 0.000050
3425, -18.3182, 0.0010, 0.000050
3426, -21.1591, 0.0009, 0.000050
3427, -16.4773, 0.0016, 0.000050
3428, -17.7500, 0.0117, 0.000050
3429, -19.9318, 0.0008, 0.000050
3430, -18.8864, 0.0013, 0.000050
3431, -15.1136, 0.0007, 0.000050
3432, -16.7442, 0.0109, 0.000050
3433, -13.1163, 0.0006, 0.000050
3434, -13.8409, 0.0010, 0.000050
3435, -21.0682, 0.0024, 0.000050
3436, -19.7045, 0.0009, 0.000050
3437, -21.7045, 0.0009, 0.000050
3438, -17.5714, 0.0007, 0.000050
3439, -18.9318, 0.0029, 0.000050
3440, -22.6591, 0.0024, 0.000050
3441, -21.8864, 0.0012, 0.000050
3442, -24.3636, 0.0006, 0.000050
3443, -14.0455, 0.0008, 0.000050
3444, -19.2955, 0.0025, 0.000050
3445, -15.6136, 0.0008, 0.000050
3446, -16.1136, 0.0007, 0.000050
3447, -15.4318, 0.0006, 0.000050
3448, -16.7727, 0.0007, 0.000050
3449, -15.2045, 0.0007, 0.000050
3450, -20.9318, 0.0018, 0.000050
3451, -15.3182, 0.0007, 0.000050
3452, -18.0455, 0.0042, 0.000050
3453, -16.5909, 0.0011, 0.000050
3454, -23.2955, 0.0009, 0.000050
3455, -18.7500, 0.0017, 0.000050
3456, -19.6591, 0.0007, 0.000050
3457, -18.4318, 0.0008, 0.000050
3458, -19.0682, 0.0013, 0.000050
3459, -16.8182, 0.0007, 0.000050
3460, -14.8864, 0.0007, 0.000050
3461, -15.8864, 0.0007, 0.000050
3462, -17.0455, 0.0008, 0.000050
3463, -17.3636, 0.0008, 0.000050
3464, -15.6364, 0.0008, 0.000050
3465, -17.5682, 0.0008, 0.000050
3466, -19.6136, 0.0014, 0.000050
3467, -17.1364, 0.0044, 0.000050
3468, -19.9545, 0.0014, 0.000050
3469, -16.0909, 0.0007, 0.000050
3470, -15.3864, 0.0007, 0.000050
3471, -23.7045, 0.0019, 0.000050
3472, -18.7500, 0.0007, 0.000050
3473, -15.0465, 0.0127, 0.000050
3474, -17.7857, 0.0116, 0.000050
3475, -17.1818, 0.0007, 0.000050
3476, -18.7727, 0.0007, 0.000050
3477, -14.3636, 0.0007, 0.000050
3478, -15.0000, 0.0007, 0.000050
3479, -16.9318, 0.0107, 0.000050
3480, -18.2955, 0.0054, 0.000050
3481, -18.3636, 0.0040, 0.000050
3482, -18.0000, 0.0027, 0.000050
3483, -14.7273, 0.0006, 0.000050
3484, -21.3182, 0.0009, 0.000050
3485, -17.6818, 0.0036, 0.000050
3486, -19.5909, 0.0007, 0.000050
3487, -14.7045, 0.0008, 0.000050
3488, -21.4318, 0.0010, 0.000050
3489, -20.2381, 0.0014, 0.000050
3490, -16.5455, 0.0037, 0.000050
3491, -23.1818, 0.0008, 0.000050
3492, -17.2273, 0.0010, 0.000050
3493, -16.7727, 0.0007, 0.000050
3494, -20.4091, 0.0012, 0.000050
3495, -18.1905, 0.0007, 0.000050
3496, -19.4091, 0.0011, 0.000050
3497, -19.3864, 0.0031, 0.000050
3498, -15.1136, 0.0007, 0.000050
3499, -17.4091, 0.0008, 0.000050
3500, -20.2045, 0.0010, 0.000050
3501, -22.2273, 0.0013, 0.000050
3502, -17.2955, 0.0059, 0.000050
3503, -16.6364, 0.0007, 0.000050
3504, -16.2273, 0.0007, 0.000050
3505, -19.6136, 0.0040, 0.000050
3506, -21.8333, 0.0011, 0.000050
3507, -18.4091, 0.0010, 0.000050
3508, -17.3182, 0.0008, 0.000050
3509, -16.9318, 0.0006, 0.000050
3510, -15.8864, 0.0010, 0.000050
3511, -19.0000, 0.0009, 0.000050
3512, -19.2500, 0.0019, 0.000050
3513, -15.5909, 0.0008, 0.000050
3514, -17.0455, 0.0007, 0.000050
3515, -20.0000, 0.0043, 0.000050
3516, -15.6977, 0.0009, 0.000050
3517, -20.0465, 0.0011, 0.000050
3518, -17.7273, 0.0023, 0.000050
3519, -16.3409, 0.0008, 0.000050
3520, -17.2045, 0.0020, 0.000050
3521, -21.8409, 0.0008, 0.000050
3522, -15.5227, 0.0041, 0.000050
3523, -18.2727, 0.0011, 0.000050
3524, -17.8864, 0.0008, 0.000050
3525, -21.4545, 0.0010, 0.000050
3526, -22.7045, 0.0048, 0.000050
3527, -22.1136, 0.0018, 0.000050
3528, -19.1591, 0.0059, 0.000050
3529, -22.2955, 0.0012, 0.000050
3530, -15.6364, 0.0009, 0.000050
3531, -17.9091, 0.0016, 0.000050
3532, -19.2955, 0.0029, 0.000050
3533, -19.5227, 0.0008, 0.000050
3534, -16.6818, 0.0009, 0.000050
3535, -20.9545, 0.0016, 0.000050
3536, -14.8636, 0.0009, 0.000050
3537, -17.5227, 0.0009, 0.000050
3538, -20.0000, 0.0009, 0.000050
3539, -15.0909, 0.0021, 0.000050
3540, -19.9535, 0.0023, 0.000050
3541, -14.4318, 0.0010, 0.000050
3542, -17.7500, 0.0008, 0.000050
3543, -16.6818, 0.0019, 0.000050
3544, -16.8140, 0.0009, 0.000050
3545, -25.7500, 0.0008, 0.000050
3546, -16.7955, 0.0008, 0.000050
3547, -16.2955, 0.0011, 0.000050
3548, -18.3409, 0.0037, 0.000050
3549, -18.4773, 0.0013, 0.000050
3550, -15.8409, 0.0126, 0.000050
3551, -20.4884, 0.0047, 0.000050
3552, -18.0930, 0.0119, 0.000050
3553, -20.4545, 0.0016, 0.000050
3554, -20.7381, 0.0010, 0.000050
3555, -17.4091, 0.0031, 0.000050
3556, -17.3182, 0.0006, 0.000050
3557, -15.3409, 0.0008, 0.000050
3558, -19.5116, 0.0023, 0.000050
3559, -19.5682, 0.0027, 0.000050
3560, -17.1818, 0.0007, 0.000050
3561, -18.6591, 0.0058, 0.000050
3562, -22.6667, 0.0016, 0.000050
3563, -20.9545, 0.0008, 0.000050
3564, -18.5000, 0.0013, 0.000050
3565, -19.1591, 0.0007, 0.000050
3566, -16.1364, 0.0058, 0.000050
3567, -18.0227, 0.0038, 0.000050
3568, -18.1591, 0.0009, 0.000050
3569, -17.0227, 0.0007, 0.000050
3570, -17.5000, 0.0009, 0.000050
3571, -15.8409, 0.0007, 0.000050
3572, -13.6364, 0.0009, 0.000050
3573, -17.8182, 0.0015, 0.000050
3574, -16.2500, 0.0009, 0.000050
3575, -18.5455, 0.0112, 0.000050
3576, -16.5455, 0.0008, 0.000050
3577, -17.8409, 0.0061, 0.000050
3578, -14.3333, 0.0008, 0.000050
3579, -20.8636, 0.0013, 0.000050
3580, -20.7273, 0.0008, 0.000050
3581, -13.5814, 0.0007, 0.000050
3582, -16.2500, 0.0007, 0.000050
3583, -17.8409, 0.0009, 0.000050
3584, -23.3636, 0.0018, 0.000050
3585, -17.2045, 0.0031, 0.000050
3586, -17.9545, 0.0008, 0.000050
3587, -14.4651, 0.0009, 0.000050
3588, -19.7955, 0.0014, 0.000050
3589, -16.2500, 0.0007, 0.000050
3590, -19.1591, 0.0009, 0.000050
3591, -15.0455, 0.0008, 0.000050
3592, -17.2727, 0.0025, 0.000050
3593, -17.2045, 0.0009, 0.000050
3594, -18.7955, 0.0008, 0.000050
3595, -19.4318, 0.0063, 0.000050
3596, -16.0682, 0.0007, 0.000050
3597, -18.7727, 0.0010, 0.000050
3598, -17.5682, 0.0033, 0.000050
3599, -16.1591, 0.0031, 0.000050
3600, -16.6136, 0.0007, 0.000050
3601, -16.5000, 0.0008, 0.000050
3602, -19.5000, 0.0007, 0.000050
3603, -16.2500, 0.0008, 0.000050
3604, -18.5682, 0.0031, 0.000050
3605, -17.2273, 0.0007, 0.000050
3606, -20.5476, 0.0007, 0.000050
3607, -18.8182, 0.0010, 0.000050
3608, -18.1905, 0.0010, 0.000050
3609, -17.3864, 0.0006, 0.000050
3610, -16.8864, 0.0009, 0.000050
3611, -18.1364, 0.0017, 0.000050
3612, -19.1364, 0.0062, 0.000050
3613, -18.3409, 0.0008, 0.000050
3614, -14.4318, 0.0011, 0.000050
3615, -14.2273, 0.0008, 0.000050
3616, -21.6591, 0.0010, 0.000050
3617, -20.0238, 0.0012, 0.000050
3618, -14.7727, 0.0009, 0.000050
3619, -16.1591, 0.0007, 0.000050
3620, -22.3636, 0.0009, 0.000050
3621, -17.4773, 0.0018, 0.000050
3622, -15.6818, 0.0010, 0.000050
3623, -17.3182, 0.0009, 0.000050
3624, -15.7045, 0.0010, 0.000050
3625, -20.1591, 0.0010, 0.000050
3626, -15.3864, 0.0009, 0.000050
3627, -17.3023, 0.0008, 0.000050
3628, -17.1818, 0.0011, 0.000050
3629, -19.7500, 0.0027, 0.000050
3630, -20.6591, 0.0010, 0.000050
3631, -17.7045, 0.0030, 0.000050
3632, -20.6136, 0.0010, 0.000050
3633, -13.9773, 0.0011, 0.000050
3634, -17.9091, 0.0014, 0.000050
3635, -20.3636, 0.0023, 0.000050
3636, -15.4651, 0.0009, 0.000050
3637, -21.6364, 0.0023, 0.000050
3638, -18.5455, 0.0016, 0.000050
3639, -15.6136, 0.0008, 0.000050
3640, -17.6512, 0.0030, 0.000050
3641, -17.3636, 0.0008, 0.000050
3642, -15.2273, 0.0009, 0.000050
3643, -17.8864, 0.0011, 0.000050
3644, -19.5682, 0.0013, 0.000050
3645, -21.5238, 0.0016, 0.000050
3646, -18.6136, 0.0134, 0.000050
3647, -18.5909, 0.0009, 0.000050
3648, -16.5349, 0.0042, 0.000050
3649, -15.8636, 0.0008, 0.000050
3650, -19.4773, 0.0019, 0.000050
3651, -14.8636, 0.0008, 0.000050
3652, -16.9545, 0.0007, 0.000050
3653, -15.6136, 0.0009, 0.000050
3654, -19.7045, 0.0013, 0.000050
3655, -20.0455, 0.0010, 0.000050
3656, -22.4091, 0.0011, 0.000050
3657, -16.7500, 0.0063, 0.000050
3658, -16.7727, 0.0015, 0.000050
3659, -14.7955, 0.0022, 0.000050
3660, -11.0682, 0.0009, 0.000050
3661, -13.5000, 0.0006, 0.000050
3662, -14.3636, 0.0006, 0.000050
3663, -16.9535, 0.0008, 0.000050
3664, -19.2273, 0.0116, 0.000050
3665, -17.7500, 0.0008, 0.000050
3666, -19.0000, 0.0008, 0.000050
3667, -19.2500, 0.0011, 0.000050
3668, -17.2955, 0.0008, 0.000050
3669, -19.2045, 0.0016, 0.000050
3670, -18.8636, 0.0014, 0.000050
3671, -14.7273, 0.0008, 0.000050
3672, -16.6136, 0.0006, 0.000050
3673, -15.7955, 0.0009, 0.000050
3674, -14.6591, 0.0009, 0.000050
3675, -15.3256, 0.0009, 0.000050
3676, -18.8372, 0.0013, 0.000050
3677, -17.4545, 0.0008, 0.000050
3678, -17.0682, 0.0007, 0.000050
3679, -15.3182, 0.0008, 0.000050
3680, -19.7273, 0.0012, 0.000050
3681, -21.8409, 0.0009, 0.000050
3682, -14.1591, 0.0009, 0.000050
3683, -20.0227, 0.0009, 0.000050
3684, -19.9773, 0.0035, 0.000050
3685, -17.0476, 0.0010, 0.000050
3686, -19.5455, 0.0008, 0.000050
3687, -18.9545, 0.0021, 0.000050
3688, -23.4773, 0.0011, 0.000050
3689, -15.8409, 0.0008, 0.000050
3690, -18.9091, 0.0127, 0.000050
3691, -18.2045, 0.0008, 0.000050
3692, -16.1818, 0.0006, 0.000050
3693, -17.2955, 0.0007, 0.000050
3694, -17.0930, 0.0022, 0.000050
3695, -19.8182, 0.0014, 0.000050
3696, -14.6364, 0.0010, 0.000050
3697, -18.2955, 0.0008, 0.000050
3698, -17.0233, 0.0008, 0.000050
3699, -20.5682, 0.0020, 0.000050
3700, -18.4318, 0.0118, 0.000050
3701, -14.4773, 0.0010, 0.000050
3702, -19.9545, 0.0007, 0.000050
3703, -15.3864, 0.0009, 0.000050
3704, -20.8409, 0.0011, 0.000050
3705, -16.0455, 0.0007, 0.000050
3706, -18.1364, 0.0008, 0.000050
3707, -18.9091, 0.0060, 0.000050
3708, -19.5909, 0.0016, 0.000050
3709, -16.8409, 0.0031, 0.000050
3710, -16.5455, 0.0007, 0.000050
3711, -17.9773, 0.0010, 0.000050
3712, -21.4318, 0.0009, 0.000050
3713, -14.8864, 0.0009, 0.000050
3714, -19.8409, 0.0061, 0.000050
3715, -15.3636, 0.0010, 0.000050
3716, -18.9545, 0.0010, 0.000050
3717, -16.4545, 0.0008, 0.000050
3718, -18.4091, 0.0021, 0.000050
3719, -24.4318, 0.0008, 0.000050
3720, -20.2045, 0.0015, 0.000050
3721, -17.2500, 0.0007, 0.000050
3722, -19.3182, 0.0026, 0.000050
3723, -14.8409, 0.0006, 0.000050
3724, -17.6744, 0.0009, 0.000050
3725, -22.8864, 0.0010, 0.000050
3726, -20.0000, 0.0027, 0.000050
3727, -14.4091, 0.0007, 0.000050
3728, -15.8182, 0.0009, 0.000050
3729, -14.5455, 0.0008, 0.000050
3730, -15.6818, 0.0007, 0.000050
3731, -20.1364, 0.0008, 0.000050
3732, -18.5455, 0.0007, 0.000050
3733, -16.9773, 0.0017, 0.000050
3734, -18.1818, 0.0014, 0.000050
3735, -14.4773, 0.0007, 0.000050
3736, -15.1364, 0.0010, 0.000050
3737, -16.7727, 0.0009, 0.000050
3738, -16.2727, 0.0008, 0.000050
3739, -14.7045, 0.0008, 0.000050
3740, -18.7955, 0.0022, 0.000050
3741, -16.8409, 0.0007, 0.000050
3742, -19.9773, 0.0012, 0.000050
3743, -20.3409, 0.0023, 0.000050
3744, -16.2619, 0.0007, 0.000050
3745, -13.2045, 0.0121, 0.000050
3746, -18.0227, 0.0011, 0.000050
3747, -20.4773, 0.0008, 0.000050
3748, -17.2500, 0.0017, 0.000050
3749, -17.0000, 0.0057, 0.000050
3750, -16.4773, 0.0009, 0.000050
3751, -16.7209, 0.0056, 0.000050
3752, -16.2955, 0.0009, 0.000050
3753, -20.9773, 0.0009, 0.000050
3754, -15.3182, 0.0007, 0.000050
3755, -15.5455, 0.0005, 0.000050
3756, -20.3636, 0.0009, 0.000050
3757, -14.7727, 0.0007, 0.000050
3758, -23.6364, 0.0007, 0.000050
3759, -15.5000, 0.0009, 0.000050
3760, -18.1136, 0.0060, 0.000050
3761, -18.8864, 0.0013, 0.000050
3762, -19.2273, 0.0032, 0.000050
3763, -17.5000, 0.0008, 0.000050
3764, -20.5909, 0.0007, 0.000050
3765, -21.0000, 0.0014, 0.000050
3766, -16.1591, 0.0116, 0.000050
3767, -22.1136, 0.0011, 0.000050
3768, -15.2045, 0.0007, 0.000050
3769, -17.6364, 0.0007, 0.000050
3770, -16.0455, 0.0008, 0.000050
3771, -13.9091, 0.0008, 0.000050
3772, -16.3409, 0.0011, 0.000050
3773, -15.7273, 0.0021, 0.000050
3774, -17.0000, 0.0025, 0.000050
3775, -17.5000, 0.0012, 0.000050
3776, -17.4318, 0.0008, 0.000050
3777, -16.7955, 0.0007, 0.000050
3778, -15.2273, 0.0006, 0.000050
3779, -18.4186, 0.0058, 0.000050
3780, -15.2955, 0.0007, 0.000050
3781, -19.2045, 0.0010, 0.000050
3782, -21.0909, 0.0007, 0.000050
3783, -14.0682, 0.0009, 0.000050
3784, -20.9773, 0.0011, 0.000050
3785, -22.4773, 0.0011, 0.000050
3786, -14.6136, 0.0007, 0.000050
3787, -17.8636, 0.0012, 0.000050
3788, -18.3182, 0.0026, 0.000050
3789, -14.3182, 0.0006, 0.000050
3790, -19.7500, 0.0018, 0.000050
3791, -17.9545, 0.0032, 0.000050
3792, -17.0909, 0.0022, 0.000050
3793, -18.9091, 0.0041, 0.000050
3794, -20.3182, 0.0013, 0.000050
3795, -16.5814, 0.0007, 0.000050
3796, -14.7045, 0.0007, 0.000050
3797, -22.0227, 0.0032, 0.000050
3798, -15.8182, 0.0006, 0.000050
3799, -17.3636, 0.0008, 0.000050
3800, -15.3409, 0.0007, 0.000050
3801, -14.7273, 0.0008, 0.000050
3802, -19.3182, 0.0009, 0.000050
3803, -16.9773, 0.0006, 0.000050
3804, -20.5455, 0.0012, 0.000050
3805, -16.4048, 0.0019, 0.000050
3806, -18.7273, 0.0032, 0.000050
3807, -15.8409, 0.0007, 0.000050
3808, -20.9091, 0.0013, 0.000050
3809, -24.0909, 0.0008, 0.000050
3810, -16.7273, 0.0119, 0.000050
3811, -17.5909, 0.0009, 0.000050
3812, -21.2273, 0.0019, 0.000050
3813, -21.7955, 0.0023, 0.000050
3814, -16.2273, 0.0007, 0.000050
3815, -17.8409, 0.0011, 0.000050
3816, -21.7500, 0.0009, 0.000050
3817, -17.2045, 0.0031, 0.000050
3818, -18.4773, 0.0039, 0.000050
3819, -20.9318, 0.0010, 0.000050
3820, -18.3182, 0.0040, 0.000050
3821, -21.0227, 0.0018, 0.000050
3822, -20.9773, 0.0010, 0.000050
3823, -13.9767, 0.0013, 0.000050
3824, -13.9091, 0.0008, 0.000050
3825, -15.9545, 0.0040, 0.000050
3826, -19.7727, 0.0007, 0.000050
3827, -17.7273, 0.0006, 0.000050
3828, -13.5682, 0.0008, 0.000050
3829, -14.3864, 0.0007, 0.000050
3830, -20.6136, 0.0011, 0.000050
3831, -16.4318, 0.0009, 0.000050
3832, -19.7045, 0.0033, 0.000050
3833, -19.4545, 0.0010, 0.000050
3834, -15.9302, 0.0061, 0.000050
3835, -18.1190, 0.0112, 0.000050
3836, -18.1364, 0.0007, 0.000050
3837, -15.9773, 0.0006, 0.000050
3838, -20.5581, 0.0019, 0.000050
3839, -17.7727, 0.0008, 0.000050
3840, -21.1136, 0.0030, 0.000050
3841, -19.3636, 0.0006, 0.000050
3842, -23.3409, 0.0013, 0.000050
3843, -23.7500, 0.0021, 0.000050
3844, -19.8636, 0.0011, 0.000050
3845, -15.3182, 0.0007, 0.000050
3846, -15.7273, 0.0040, 0.000050
3847, -15.1591, 0.0056, 0.000050
3848, -12.7273, 0.0009, 0.000050
3849, -18.2045, 0.0021, 0.000050
3850, -22.8837, 0.0011, 0.000050
3851, -13.9091, 0.0009, 0.000050
3852, -21.8409, 0.0014, 0.000050
3853, -18.5909, 0.0008, 0.000050
3854, -14.6905, 0.0010, 0.000050
3855, -15.8409, 0.0008, 0.000050
3856, -17.4545, 0.0012, 0.000050
3857, -17.2727, 0.0008, 0.000050
3858, -16.5909, 0.0009, 0.000050
3859, -15.6364, 0.0007, 0.000050
3860, -24.1818, 0.0008, 0.000050
3861, -17.1136, 0.0008, 0.000050
3862, -19.7273, 0.0014, 0.000050
3863, -17.0000, 0.0009, 0.000050
3864, -18.6136, 0.0046, 0.000050
3865, -21.5682, 0.0009, 0.000050
3866, -15.4091, 0.0006, 0.000050
3867, -13.3488, 0.0009, 0.000050
3868, -14.2326, 0.0011, 0.000050
3869, -15.7273, 0.0008, 0.000050
3870, -20.4545, 0.0008, 0.000050
3871, -15.8409, 0.0009, 0.000050
3872, -15.0682, 0.0009, 0.000050
3873, -19.6744, 0.0013, 0.000050
3874, -17.7500, 0.0029, 0.000050
3875, -16.5349, 0.0008, 0.000050
3876, -15.2955, 0.0035, 0.000050
3877, -14.4091, 0.0007, 0.000050
3878, -18.2273, 0.0008, 0.000050
3879, -15.4091, 0.0008, 0.000050
3880, -19.9318, 0.0016, 0.000050
3881, -15.0682, 0.0007, 0.000050
3882, -19.1364, 0.0012, 0.000050
3883, -19.5909, 0.0010, 0.000050
3884, -15.9091, 0.0009, 0.000050
3885, -17.1364, 0.0008, 0.000050
3886, -16.0682, 0.0007, 0.000050
3887, -19.1136, 0.0011, 0.000050
3888, -16.6364, 0.0007, 0.000050
3889, -18.4545, 0.0009, 0.000050
3890, -17.1364, 0.0009, 0.000050
3891, -16.4545, 0.0007, 0.000050
3892, -15.2727, 0.0009, 0.000050
3893, -14.6818, 0.0007, 0.000050
3894, -20.0909, 0.0018, 0.000050
3895, -14.3636, 0.0134, 0.000050
3896, -17.3409, 0.0007, 0.000050
3897, -18.9762, 0.0020, 0.000050
3898, -21.2791, 0.0014, 0.000050
3899, -15.7500, 0.0064, 0.000050
3900, -21.3182, 0.0010, 0.000050
3901, -20.2955, 0.0009, 0.000050
3902, -23.3864, 0.0011, 0.000050
3903, -13.4318, 0.0006, 0.000050
3904, -13.7273, 0.0006, 0.000050
3905, -20.7727, 0.0014, 0.000050
3906, -17.1818, 0.0007, 0.000050
3907, -14.9773, 0.0007, 0.000050
3908, -16.5455, 0.0009, 0.000050
3909, -20.4091, 0.0011, 0.000050
3910, -21.0227, 0.0011, 0.000050
3911, -17.5682, 0.0019, 0.000050
3912, -21.4773, 0.0027, 0.000050
3913, -15.7045, 0.0126, 0.000050
3914, -18.1628, 0.0008, 0.000050
3915, -18.9545, 0.0019, 0.000050
3916, -18.9091, 0.0020, 0.000050
3917, -17.5682, 0.0026, 0.000050
3918, -14.8636, 0.0008, 0.000050
3919, -16.1395, 0.0012, 0.000050
3920, -16.8409, 0.0026, 0.000050
3921, -14.5455, 0.0007, 0.000050
3922, -22.9545, 0.0009, 0.000050
3923, -15.6744, 0.0006, 0.000050
3924, -15.7045, 0.0008, 0.000050
3925, -14.2727, 0.0006, 0.000050
3926, -19.5455, 0.0041, 0.000050
3927, -17.2955, 0.0008, 0.000050
3928, -17.4773, 0.0064, 0.000050
3929, -18.4419, 0.0008, 0.000050
3930, -16.7273, 0.0007, 0.000050
3931, -18.2727, 0.0020, 0.000050
3932, -16.6591, 0.0008, 0.000050
3933, -18.9091, 0.0014, 0.000050
3934, -15.5000, 0.0007, 0.000050
3935, -18.7273, 0.0042, 0.000050
3936, -14.7045, 0.0007, 0.000050
3937, -19.3182, 0.0009, 0.000050
3938, -17.4318, 0.0043, 0.000050
3939, -19.4884, 0.0011, 0.000050
3940, -18.0000, 0.0062, 0.000050
3941, -17.2727, 0.0007, 0.000050
3942, -18.6047, 0.0009, 0.000050
3943, -16.2500, 0.0040, 0.000050
3944, -16.6818, 0.0034, 0.000050
3945, -16.6364, 0.0010, 0.000050
3946, -16.5000, 0.0009, 0.000050
3947, -18.1364, 0.0015, 0.000050
3948, -16.6818, 0.0006, 0.000050
3949, -19.1591, 0.0027, 0.000050
3950, -14.4318, 0.0010, 0.000050
3951, -18.1364, 0.0007, 0.000050
3952, -16.9545, 0.0006, 0.000050
3953, -17.9091, 0.0027, 0.000050
3954, -19.0682, 0.0042, 0.000050
3955, -15.0233, 0.0008, 0.000050
3956, -15.9773, 0.0006, 0.000050
3957, -19.1395, 0.0010, 0.000050
3958, -15.4091, 0.0006, 0.000050
3959, -18.7273, 0.0042, 0.000050
3960, -17.7381, 0.0015, 0.000050
3961, -16.1136, 0.0057, 0.000050
3962, -15.1136, 0.0006, 0.000050
3963, -20.0238, 0.0106, 0.000050
3964, -15.4318, 0.0007, 0.000050
3965, -20.2955, 0.0009, 0.000050
3966, -16.5227, 0.0006, 0.000050
3967, -15.1364, 0.0006, 0.000050
3968, -16.4545, 0.0007, 0.000050
3969, -18.2273, 0.0006, 0.000050
3970, -19.8810, 0.0024, 0.000050
3971, -18.0227, 0.0010, 0.000050
3972, -14.3636, 0.0028, 0.000050
3973, -17.2955, 0.0007, 0.000050
3974, -15.3864, 0.0009, 0.000050
3975, -14.4318, 0.0010, 0.000050
3976, -18.2558, 0.0037, 0.000050
3977, -16.1364, 0.0015, 0.000050
3978, -16.5455, 0.0053, 0.000050
3979, -16.7674, 0.0051, 0.000050
3980, -21.1136, 0.0008, 0.000050
3981, -17.9091, 0.0018, 0.000050
3982, -16.9545, 0.0014, 0.000050
3983, -16.7500, 0.0009, 0.000050
3984, -15.2273, 0.0006, 0.000050
3985, -17.5000, 0.0016, 0.000050
3986, -16.4318, 0.0034, 0.000050
3987, -14.2727, 0.0010, 0.000050
3988, -19.5682, 0.0007, 0.000050
3989, -15.2500, 0.0007, 0.000050
3990, -19.1364, 0.0009, 0.000050
3991, -18.0000, 0.0012, 0.000050
3992, -18.5476, 0.0100, 0.000050
3993, -18.7273, 0.0024, 0.000050
3994, -16.7955, 0.0008, 0.000050
3995, -15.6591, 0.0007, 0.000050
3996, -17.5227, 0.0008, 0.000050
3997, -19.1591, 0.0097, 0.000050
3998, -16.7727, 0.0015, 0.000050
3999, -20.8864, 0.0015, 0.000050
4000, -16.6818, 0.0034, 0.000050
